table_name,variable_name,enumeration_code,enumeration_display,enumeration_title,enumeration_meaning,enumeration_system,enumeration_group
AccessPolicy,data_use_permission,DUO:0000004,This data use permission indicates there is no restriction on use.,no restriction,DUO:0000004,https://anvilproject.github.io/acr-harmonized-data-model/EnumDataUsePermission,EnumDataUsePermission
AccessPolicy,data_use_permission,DUO:0000006,This data use permission indicates that use is allowed for health/medical/biomedical purposes; does not include the study of population origins or ancestry.,health or medical or biomedical research,DUO:0000006,https://anvilproject.github.io/acr-harmonized-data-model/EnumDataUsePermission,EnumDataUsePermission
AccessPolicy,data_use_permission,DUO:0000007,"This data use permission indicates that use is allowed provided it is related to the specified disease.
This term should be coupled with a term describing a disease from an ontology to specify the disease the restriction applies to. 

DUO recommends MONDO be used, to provide the basis for automated evaluation. For more information see https://github.com/EBISPOT/DUO/blob/master/MONDO_Overview.md

Other resources, such as the Disease Ontology, HPO, SNOMED-CT or others, can also be used. When those other resources are being used, this may require an extra mapping step to leverage automated matching algorithms.",disease specific research,DUO:0000007,https://anvilproject.github.io/acr-harmonized-data-model/EnumDataUsePermission,EnumDataUsePermission
AccessPolicy,data_use_permission,DUO:0000011,This data use permission indicates that use of the data is limited to the study of population origins or ancestry.,population origins or ancestry research only,DUO:0000011,https://anvilproject.github.io/acr-harmonized-data-model/EnumDataUsePermission,EnumDataUsePermission
AccessPolicy,data_use_permission,DUO:0000042,"This data use permission indicates that use is allowed for general research use for any research purpose.
This includes but is not limited to: health/medical/biomedical purposes, fundamental biology research, the study of population origins or ancestry, statistical methods and algorithms development, and social-sciences research.",general research use,DUO:0000042,https://anvilproject.github.io/acr-harmonized-data-model/EnumDataUsePermission,EnumDataUsePermission
AccessPolicy,data_use_modifier,DUO:00000044,"This data use modifier indicates use for purposes of population, origin, or ancestry research is prohibited.",population origins or ancestry research prohibited,DUO:00000044,https://anvilproject.github.io/acr-harmonized-data-model/EnumDataUseModifier,EnumDataUseModifier
AccessPolicy,data_use_modifier,DUO:0000012,This data use modifier indicates that use is limited to studies of a certain research type.,research specific restrictions,DUO:0000012,https://anvilproject.github.io/acr-harmonized-data-model/EnumDataUseModifier,EnumDataUseModifier
AccessPolicy,data_use_modifier,DUO:0000015,"This data use modifier indicates that use does not allow methods development research (e.g., development of software or algorithms).",no general methods research,DUO:0000015,https://anvilproject.github.io/acr-harmonized-data-model/EnumDataUseModifier,EnumDataUseModifier
AccessPolicy,data_use_modifier,DUO:0000016,"This data use modifier indicates that use is limited to genetic studies only (i.e., studies that include genotype research alone or both genotype and phenotype research, but not phenotype research exclusively)",genetic studies only,DUO:0000016,https://anvilproject.github.io/acr-harmonized-data-model/EnumDataUseModifier,EnumDataUseModifier
AccessPolicy,data_use_modifier,DUO:0000018,"This data use modifier indicates that use of the data is limited to not-for-profit organizations and not-for-profit use, non-commercial use.","not for profit, non commercial use only",DUO:0000018,https://anvilproject.github.io/acr-harmonized-data-model/EnumDataUseModifier,EnumDataUseModifier
AccessPolicy,data_use_modifier,DUO:0000019,This data use modifier indicates that requestor agrees to make results of studies using the data available to the larger scientific community.,publication required,DUO:0000019,https://anvilproject.github.io/acr-harmonized-data-model/EnumDataUseModifier,EnumDataUseModifier
AccessPolicy,data_use_modifier,DUO:0000020,"This could be coupled with a string describing the primary study investigator(s).
This data use modifier indicates that the requestor must agree to collaboration with the primary study investigator(s).",collaboration required,DUO:0000020,https://anvilproject.github.io/acr-harmonized-data-model/EnumDataUseModifier,EnumDataUseModifier
AccessPolicy,data_use_modifier,DUO:0000021,This data use modifier indicates that the requestor must provide documentation of local IRB/ERB approval.,ethics approval required,DUO:0000021,https://anvilproject.github.io/acr-harmonized-data-model/EnumDataUseModifier,EnumDataUseModifier
AccessPolicy,data_use_modifier,DUO:0000022,"This data use modifier indicates that use is limited to within a specific geographic region.
This should be coupled with an ontology term describing the geographical location the restriction applies to.",geographical restriction,DUO:0000022,https://anvilproject.github.io/acr-harmonized-data-model/EnumDataUseModifier,EnumDataUseModifier
AccessPolicy,data_use_modifier,DUO:0000024,"This data use modifier indicates that requestor agrees not to publish results of studies until a specific date.
This should be coupled with a date specified as ISO8601",publication moratorium,DUO:0000024,https://anvilproject.github.io/acr-harmonized-data-model/EnumDataUseModifier,EnumDataUseModifier
AccessPolicy,data_use_modifier,DUO:0000025,"This data use modifier indicates that use is approved for a specific number of months.
This should be coupled with an integer value indicating the number of months.",time limit on use,DUO:0000025,https://anvilproject.github.io/acr-harmonized-data-model/EnumDataUseModifier,EnumDataUseModifier
AccessPolicy,data_use_modifier,DUO:0000026,This data use modifier indicates that use is limited to use by approved users.,user specific restriction,DUO:0000026,https://anvilproject.github.io/acr-harmonized-data-model/EnumDataUseModifier,EnumDataUseModifier
AccessPolicy,data_use_modifier,DUO:0000027,This data use modifier indicates that use is limited to use within an approved project.,project specific restriction,DUO:0000027,https://anvilproject.github.io/acr-harmonized-data-model/EnumDataUseModifier,EnumDataUseModifier
AccessPolicy,data_use_modifier,DUO:0000028,This data use modifier indicates that use is limited to use within an approved institution.,institution specific restriction,DUO:0000028,https://anvilproject.github.io/acr-harmonized-data-model/EnumDataUseModifier,EnumDataUseModifier
AccessPolicy,data_use_modifier,DUO:0000029,This data use modifier indicates that the requestor must return derived/enriched data to the database/resource.,return to database or resource,DUO:0000029,https://anvilproject.github.io/acr-harmonized-data-model/EnumDataUseModifier,EnumDataUseModifier
AccessPolicy,data_use_modifier,DUO:0000043,"Clinical Care is defined as Health care or services provided at home, in a healthcare facility or hospital. Data may be used for clinical decision making.
This data use modifier indicates that use is allowed for clinical use and care.",clinical care use,DUO:0000043,https://anvilproject.github.io/acr-harmonized-data-model/EnumDataUseModifier,EnumDataUseModifier
AccessPolicy,data_use_modifier,DUO:0000045,This data use modifier indicates that use of the data is limited to not-for-profit organizations.,not for profit organisation use only,DUO:0000045,https://anvilproject.github.io/acr-harmonized-data-model/EnumDataUseModifier,EnumDataUseModifier
AccessPolicy,data_use_modifier,DUO:0000046,"This data use modifier indicates that use of the data is limited to not-for-profit use.
This indicates that data can be used by commercial organisations for research purposes, but not commercial purposes.",non-commercial use only,DUO:0000046,https://anvilproject.github.io/acr-harmonized-data-model/EnumDataUseModifier,EnumDataUseModifier
Family,family_type,CAMO:0000002,This family study includes at a minimum one parent and one child.,Parent(s) and Child(ren),,https://anvilproject.github.io/acr-harmonized-data-model/EnumFamilyType,EnumFamilyType
Family,family_type,CAMO:0000003,This family study includes at a minimum one parent and one affected child.,Duo,,https://anvilproject.github.io/acr-harmonized-data-model/EnumFamilyType,EnumFamilyType
Family,family_type,CAMO:0000004,This family study includes at a minimum two parents of one affected child.,Trio,,https://anvilproject.github.io/acr-harmonized-data-model/EnumFamilyType,EnumFamilyType
Family,family_type,CAMO:0000005,This family study includes at a minimum two parents of one affected child and at least one other child.,Trio+,,https://anvilproject.github.io/acr-harmonized-data-model/EnumFamilyType,EnumFamilyType
Family,family_type,CAMO:0000006,This family study includes only one or more cases.,Case Only,,https://anvilproject.github.io/acr-harmonized-data-model/EnumFamilyType,EnumFamilyType
Family,family_type,CAMO:0000007,This family study includes only one or more probands.,Proband Only,,https://anvilproject.github.io/acr-harmonized-data-model/EnumFamilyType,EnumFamilyType
Family,family_type,CAMO:0000008,This family study includes only one or more controls.,Control Only,,https://anvilproject.github.io/acr-harmonized-data-model/EnumFamilyType,EnumFamilyType
Family,consanguinity,snomedct:410515003,Known present,,snomedct:410515003,https://anvilproject.github.io/acr-harmonized-data-model/EnumPresentAbsent,EnumPresentAbsent
Family,consanguinity,snomedct:410516002,Known absent,,snomedct:410516002,https://anvilproject.github.io/acr-harmonized-data-model/EnumPresentAbsent,EnumPresentAbsent
Family,consanguinity,snomedct:410590009,Known possible,,snomedct:410590009,https://anvilproject.github.io/acr-harmonized-data-model/EnumPresentAbsent,EnumPresentAbsent
Family,consanguinity,snomedct:410591008,Definitely present,,snomedct:410591008,https://anvilproject.github.io/acr-harmonized-data-model/EnumPresentAbsent,EnumPresentAbsent
Family,consanguinity,snomedct:410592001,Probably present,,snomedct:410592001,https://anvilproject.github.io/acr-harmonized-data-model/EnumPresentAbsent,EnumPresentAbsent
Family,consanguinity,snomedct:410593006,Probably not present,,snomedct:410593006,https://anvilproject.github.io/acr-harmonized-data-model/EnumPresentAbsent,EnumPresentAbsent
Family,consanguinity,snomedct:410594000,Definitely not present,,snomedct:410594000,https://anvilproject.github.io/acr-harmonized-data-model/EnumPresentAbsent,EnumPresentAbsent
Family,consanguinity,snomedct:410605003,Confirmed present,,snomedct:410605003,https://anvilproject.github.io/acr-harmonized-data-model/EnumPresentAbsent,EnumPresentAbsent
Family,consanguinity,snomedct:415684004,Suspected,,snomedct:415684004,https://anvilproject.github.io/acr-harmonized-data-model/EnumPresentAbsent,EnumPresentAbsent
Family,consanguinity,snomedct:428263003,Not suspected,,snomedct:428263003,https://anvilproject.github.io/acr-harmonized-data-model/EnumPresentAbsent,EnumPresentAbsent
Family,consanguinity,snomedct:723511001,Refuted,,snomedct:723511001,https://anvilproject.github.io/acr-harmonized-data-model/EnumPresentAbsent,EnumPresentAbsent
SubjectAssertion,asserter_type,CAMO:0000016,Assertion made by research staff.,Research Staff Asserted,,https://anvilproject.github.io/acr-harmonized-data-model/EnumAsserterType,EnumAsserterType
SubjectAssertion,asserter_type,CAMO:0000017,Assertion documented by a healthcare system or provider.,Healthcare Asserted,,https://anvilproject.github.io/acr-harmonized-data-model/EnumAsserterType,EnumAsserterType
SubjectAssertion,asserter_type,CAMO:0000018,"Assertion made by a study participant, their representative, or some combination.",Participant or Representative Asserted,,https://anvilproject.github.io/acr-harmonized-data-model/EnumAsserterType,EnumAsserterType
SubjectAssertion,asserter_type,CAMO:0000019,Assertion made by a study participant.,Participant Asserted,,https://anvilproject.github.io/acr-harmonized-data-model/EnumAsserterType,EnumAsserterType
SubjectAssertion,asserter_type,CAMO:0000020,Assertion made by a study participant's representative or representatives.,Representative Asserted,,https://anvilproject.github.io/acr-harmonized-data-model/EnumAsserterType,EnumAsserterType
SubjectAssertion,asserter_type,CAMO:0000021,Assertion made by a study participant's caregiver or caregivers.,Caregiver Asserted,,https://anvilproject.github.io/acr-harmonized-data-model/EnumAsserterType,EnumAsserterType
SubjectAssertion,assertion_source_type,CAMO:0000014,Data obtained directly from an Electronic Health Record.,Electronic Health Record,,https://anvilproject.github.io/acr-harmonized-data-model/EnumDataSourceType,EnumDataSourceType
SubjectAssertion,assertion_source_type,CAMO:0000010,Data obtained from a survey or questionnaire given to a participant or their representative.,Survey,,https://anvilproject.github.io/acr-harmonized-data-model/EnumDataSourceType,EnumDataSourceType
SubjectAssertion,assertion_source_type,CAMO:0000011,Data obtained by research staff for the study.,Research Assessment,,https://anvilproject.github.io/acr-harmonized-data-model/EnumDataSourceType,EnumDataSourceType
SubjectAssertion,assertion_source_type,CAMO:0000012,"Data obtained by research staff interviewing participants, representatives, or others.",Interview,,https://anvilproject.github.io/acr-harmonized-data-model/EnumDataSourceType,EnumDataSourceType
SubjectAssertion,assertion_source_type,CAMO:0000013,Data obtained directly by research staff examining the participant.,Physical Examination,,https://anvilproject.github.io/acr-harmonized-data-model/EnumDataSourceType,EnumDataSourceType
Sample,availability_status,snomedct:103328004,"The item is available to users, authorization/request permitting.",Available,snomedct:103328004,https://anvilproject.github.io/acr-harmonized-data-model/EnumAvailabilityStatus,EnumAvailabilityStatus
Sample,availability_status,snomedct:103329007,The item is not available to users.,Unavailable,snomedct:103329007,https://anvilproject.github.io/acr-harmonized-data-model/EnumAvailabilityStatus,EnumAvailabilityStatus
Aliquot,availability_status,snomedct:103328004,"The item is available to users, authorization/request permitting.",Available,snomedct:103328004,https://anvilproject.github.io/acr-harmonized-data-model/EnumAvailabilityStatus,EnumAvailabilityStatus
Aliquot,availability_status,snomedct:103329007,The item is not available to users.,Unavailable,snomedct:103329007,https://anvilproject.github.io/acr-harmonized-data-model/EnumAvailabilityStatus,EnumAvailabilityStatus
File,format,edam:format_1196,Chemical structure specified in Simplified Molecular Input Line Entry System (SMILES) line notation.,SMILES,edam:format_1196,https://anvilproject.github.io/acr-harmonized-data-model/EnumEDAMFormats,EnumEDAMFormats
File,format,edam:format_1197,Chemical structure specified in IUPAC International Chemical Identifier (InChI) line notation.,InChI,edam:format_1197,https://anvilproject.github.io/acr-harmonized-data-model/EnumEDAMFormats,EnumEDAMFormats
File,format,edam:format_1198,"Chemical structure specified by Molecular Formula (MF), including a count of each element in a compound.",mf,edam:format_1198,https://anvilproject.github.io/acr-harmonized-data-model/EnumEDAMFormats,EnumEDAMFormats
File,format,edam:format_1199,The InChIKey (hashed InChI) is a fixed length (25 character) condensed digital representation of an InChI chemical structure specification. It uniquely identifies a chemical compound.,InChIKey,edam:format_1199,https://anvilproject.github.io/acr-harmonized-data-model/EnumEDAMFormats,EnumEDAMFormats
File,format,edam:format_1200,"SMILES ARbitrary Target Specification (SMARTS) format for chemical structure specification, which is a subset of the SMILES line notation.",smarts,edam:format_1200,https://anvilproject.github.io/acr-harmonized-data-model/EnumEDAMFormats,EnumEDAMFormats
File,format,edam:format_1206,Alphabet for a molecular sequence with possible unknown positions but without ambiguity or non-sequence characters.,unambiguous pure,edam:format_1206,https://anvilproject.github.io/acr-harmonized-data-model/EnumEDAMFormats,EnumEDAMFormats
File,format,edam:format_1207,"Alphabet for a nucleotide sequence with possible ambiguity, unknown positions and non-sequence characters.",nucleotide,edam:format_1207,https://anvilproject.github.io/acr-harmonized-data-model/EnumEDAMFormats,EnumEDAMFormats
File,format,edam:format_1208,"Alphabet for a protein sequence with possible ambiguity, unknown positions and non-sequence characters.",protein,edam:format_1208,https://anvilproject.github.io/acr-harmonized-data-model/EnumEDAMFormats,EnumEDAMFormats
File,format,edam:format_1209,Alphabet for the consensus of two or more molecular sequences.,consensus,edam:format_1209,https://anvilproject.github.io/acr-harmonized-data-model/EnumEDAMFormats,EnumEDAMFormats
File,format,edam:format_1210,Alphabet for a nucleotide sequence with possible ambiguity and unknown positions but without non-sequence characters.,pure nucleotide,edam:format_1210,https://anvilproject.github.io/acr-harmonized-data-model/EnumEDAMFormats,EnumEDAMFormats
File,format,edam:format_1211,Alphabet for a nucleotide sequence (characters ACGTU only) with possible unknown positions but without ambiguity or non-sequence characters .,unambiguous pure nucleotide,edam:format_1211,https://anvilproject.github.io/acr-harmonized-data-model/EnumEDAMFormats,EnumEDAMFormats
File,format,edam:format_1212,"Alphabet for a DNA sequence with possible ambiguity, unknown positions and non-sequence characters.",dna,edam:format_1212,https://anvilproject.github.io/acr-harmonized-data-model/EnumEDAMFormats,EnumEDAMFormats
File,format,edam:format_1213,"Alphabet for an RNA sequence with possible ambiguity, unknown positions and non-sequence characters.",rna,edam:format_1213,https://anvilproject.github.io/acr-harmonized-data-model/EnumEDAMFormats,EnumEDAMFormats
File,format,edam:format_1214,Alphabet for a DNA sequence (characters ACGT only) with possible unknown positions but without ambiguity or non-sequence characters.,unambiguous pure dna,edam:format_1214,https://anvilproject.github.io/acr-harmonized-data-model/EnumEDAMFormats,EnumEDAMFormats
File,format,edam:format_1215,Alphabet for a DNA sequence with possible ambiguity and unknown positions but without non-sequence characters.,pure dna,edam:format_1215,https://anvilproject.github.io/acr-harmonized-data-model/EnumEDAMFormats,EnumEDAMFormats
File,format,edam:format_1216,Alphabet for an RNA sequence (characters ACGU only) with possible unknown positions but without ambiguity or non-sequence characters.,unambiguous pure rna sequence,edam:format_1216,https://anvilproject.github.io/acr-harmonized-data-model/EnumEDAMFormats,EnumEDAMFormats
File,format,edam:format_1217,Alphabet for an RNA sequence with possible ambiguity and unknown positions but without non-sequence characters.,pure rna,edam:format_1217,https://anvilproject.github.io/acr-harmonized-data-model/EnumEDAMFormats,EnumEDAMFormats
File,format,edam:format_1218,Alphabet for any protein sequence with possible unknown positions but without ambiguity or non-sequence characters.,unambiguous pure protein,edam:format_1218,https://anvilproject.github.io/acr-harmonized-data-model/EnumEDAMFormats,EnumEDAMFormats
File,format,edam:format_1219,Alphabet for any protein sequence with possible ambiguity and unknown positions but without non-sequence characters.,pure protein,edam:format_1219,https://anvilproject.github.io/acr-harmonized-data-model/EnumEDAMFormats,EnumEDAMFormats
File,format,edam:format_1248,Format for sequence positions (feature location) as used in DDBJ/EMBL/GenBank database.,EMBL feature location,edam:format_1248,https://anvilproject.github.io/acr-harmonized-data-model/EnumEDAMFormats,EnumEDAMFormats
File,format,edam:format_1295,Report format for tandem repeats in a nucleotide sequence (format generated by the Sanger Centre quicktandem program).,quicktandem,edam:format_1295,https://anvilproject.github.io/acr-harmonized-data-model/EnumEDAMFormats,EnumEDAMFormats
File,format,edam:format_1296,Report format for inverted repeats in a nucleotide sequence (format generated by the Sanger Centre inverted program).,Sanger inverted repeats,edam:format_1296,https://anvilproject.github.io/acr-harmonized-data-model/EnumEDAMFormats,EnumEDAMFormats
File,format,edam:format_1297,Report format for tandem repeats in a sequence (an EMBOSS report format).,EMBOSS repeat,edam:format_1297,https://anvilproject.github.io/acr-harmonized-data-model/EnumEDAMFormats,EnumEDAMFormats
File,format,edam:format_1316,Format of a report on exon-intron structure generated by EMBOSS est2genome.,est2genome format,edam:format_1316,https://anvilproject.github.io/acr-harmonized-data-model/EnumEDAMFormats,EnumEDAMFormats
File,format,edam:format_1318,Report format for restriction enzyme recognition sites used by EMBOSS restrict program.,restrict format,edam:format_1318,https://anvilproject.github.io/acr-harmonized-data-model/EnumEDAMFormats,EnumEDAMFormats
File,format,edam:format_1319,Report format for restriction enzyme recognition sites used by EMBOSS restover program.,restover format,edam:format_1319,https://anvilproject.github.io/acr-harmonized-data-model/EnumEDAMFormats,EnumEDAMFormats
File,format,edam:format_1320,Report format for restriction enzyme recognition sites used by REBASE database.,REBASE restriction sites,edam:format_1320,https://anvilproject.github.io/acr-harmonized-data-model/EnumEDAMFormats,EnumEDAMFormats
File,format,edam:format_1332,Format of results of a sequence database search using FASTA.,FASTA search results format,edam:format_1332,https://anvilproject.github.io/acr-harmonized-data-model/EnumEDAMFormats,EnumEDAMFormats
File,format,edam:format_1333,Format of results of a sequence database search using some variant of BLAST.,BLAST results,edam:format_1333,https://anvilproject.github.io/acr-harmonized-data-model/EnumEDAMFormats,EnumEDAMFormats
File,format,edam:format_1334,Format of results of a sequence database search using some variant of MSPCrunch.,mspcrunch,edam:format_1334,https://anvilproject.github.io/acr-harmonized-data-model/EnumEDAMFormats,EnumEDAMFormats
File,format,edam:format_1335,Format of results of a sequence database search using some variant of Smith Waterman.,Smith-Waterman format,edam:format_1335,https://anvilproject.github.io/acr-harmonized-data-model/EnumEDAMFormats,EnumEDAMFormats
File,format,edam:format_1336,Format of EMBASSY domain hits file (DHF) of hits (sequences) with domain classification information.,dhf,edam:format_1336,https://anvilproject.github.io/acr-harmonized-data-model/EnumEDAMFormats,EnumEDAMFormats
File,format,edam:format_1337,Format of EMBASSY ligand hits file (LHF) of database hits (sequences) with ligand classification information.,lhf,edam:format_1337,https://anvilproject.github.io/acr-harmonized-data-model/EnumEDAMFormats,EnumEDAMFormats
File,format,edam:format_1341,Results format for searches of the InterPro database.,InterPro hits format,edam:format_1341,https://anvilproject.github.io/acr-harmonized-data-model/EnumEDAMFormats,EnumEDAMFormats
File,format,edam:format_1342,Format of results of a search of the InterPro database showing matches of query protein sequence(s) to InterPro entries.,InterPro protein view report format,edam:format_1342,https://anvilproject.github.io/acr-harmonized-data-model/EnumEDAMFormats,EnumEDAMFormats
File,format,edam:format_1343,Format of results of a search of the InterPro database showing matches between protein sequence(s) and signatures for an InterPro entry.,InterPro match table format,edam:format_1343,https://anvilproject.github.io/acr-harmonized-data-model/EnumEDAMFormats,EnumEDAMFormats
File,format,edam:format_1349,Dirichlet distribution HMMER format.,HMMER Dirichlet prior,edam:format_1349,https://anvilproject.github.io/acr-harmonized-data-model/EnumEDAMFormats,EnumEDAMFormats
File,format,edam:format_1350,Dirichlet distribution MEME format.,MEME Dirichlet prior,edam:format_1350,https://anvilproject.github.io/acr-harmonized-data-model/EnumEDAMFormats,EnumEDAMFormats
File,format,edam:format_1351,Format of a report from the HMMER package on the emission and transition counts of a hidden Markov model.,HMMER emission and transition,edam:format_1351,https://anvilproject.github.io/acr-harmonized-data-model/EnumEDAMFormats,EnumEDAMFormats
File,format,edam:format_1356,Format of a regular expression pattern from the Prosite database.,prosite-pattern,edam:format_1356,https://anvilproject.github.io/acr-harmonized-data-model/EnumEDAMFormats,EnumEDAMFormats
File,format,edam:format_1357,Format of an EMBOSS sequence pattern.,EMBOSS sequence pattern,edam:format_1357,https://anvilproject.github.io/acr-harmonized-data-model/EnumEDAMFormats,EnumEDAMFormats
File,format,edam:format_1360,A motif in the format generated by the MEME program.,meme-motif,edam:format_1360,https://anvilproject.github.io/acr-harmonized-data-model/EnumEDAMFormats,EnumEDAMFormats
File,format,edam:format_1366,Sequence profile (sequence classifier) format used in the PROSITE database.,prosite-profile,edam:format_1366,https://anvilproject.github.io/acr-harmonized-data-model/EnumEDAMFormats,EnumEDAMFormats
File,format,edam:format_1367,A profile (sequence classifier) in the format used in the JASPAR database.,JASPAR format,edam:format_1367,https://anvilproject.github.io/acr-harmonized-data-model/EnumEDAMFormats,EnumEDAMFormats
File,format,edam:format_1369,Format of the model of random sequences used by MEME.,MEME background Markov model,edam:format_1369,https://anvilproject.github.io/acr-harmonized-data-model/EnumEDAMFormats,EnumEDAMFormats
File,format,edam:format_1370,Format of a hidden Markov model representation used by the HMMER package.,HMMER format,edam:format_1370,https://anvilproject.github.io/acr-harmonized-data-model/EnumEDAMFormats,EnumEDAMFormats
File,format,edam:format_1391,FASTA-style format for multiple sequences aligned by HMMER package to an HMM.,HMMER-aln,edam:format_1391,https://anvilproject.github.io/acr-harmonized-data-model/EnumEDAMFormats,EnumEDAMFormats
File,format,edam:format_1392,Format of multiple sequences aligned by DIALIGN package.,DIALIGN format,edam:format_1392,https://anvilproject.github.io/acr-harmonized-data-model/EnumEDAMFormats,EnumEDAMFormats
File,format,edam:format_1393,"EMBASSY 'domain alignment file' (DAF) format, containing a sequence alignment of protein domains belonging to the same SCOP or CATH family.",daf,edam:format_1393,https://anvilproject.github.io/acr-harmonized-data-model/EnumEDAMFormats,EnumEDAMFormats
File,format,edam:format_1419,Format for alignment of molecular sequences to MEME profiles (position-dependent scoring matrices) as generated by the MAST tool from the MEME package.,Sequence-MEME profile alignment,edam:format_1419,https://anvilproject.github.io/acr-harmonized-data-model/EnumEDAMFormats,EnumEDAMFormats
File,format,edam:format_1421,Format used by the HMMER package for an alignment of a sequence against a hidden Markov model database.,HMMER profile alignment (sequences versus HMMs),edam:format_1421,https://anvilproject.github.io/acr-harmonized-data-model/EnumEDAMFormats,EnumEDAMFormats
File,format,edam:format_1422,Format used by the HMMER package for of an alignment of a hidden Markov model against a sequence database.,HMMER profile alignment (HMM versus sequences),edam:format_1422,https://anvilproject.github.io/acr-harmonized-data-model/EnumEDAMFormats,EnumEDAMFormats
File,format,edam:format_1423,Format of PHYLIP phylogenetic distance matrix data.,Phylip distance matrix,edam:format_1423,https://anvilproject.github.io/acr-harmonized-data-model/EnumEDAMFormats,EnumEDAMFormats
File,format,edam:format_1424,Dendrogram (tree file) format generated by ClustalW.,ClustalW dendrogram,edam:format_1424,https://anvilproject.github.io/acr-harmonized-data-model/EnumEDAMFormats,EnumEDAMFormats
File,format,edam:format_1425,Raw data file format used by Phylip from which a phylogenetic tree is directly generated or plotted.,Phylip tree raw,edam:format_1425,https://anvilproject.github.io/acr-harmonized-data-model/EnumEDAMFormats,EnumEDAMFormats
File,format,edam:format_1430,PHYLIP file format for continuous quantitative character data.,Phylip continuous quantitative characters,edam:format_1430,https://anvilproject.github.io/acr-harmonized-data-model/EnumEDAMFormats,EnumEDAMFormats
File,format,edam:format_1432,PHYLIP file format for phylogenetics character frequency data.,Phylip character frequencies format,edam:format_1432,https://anvilproject.github.io/acr-harmonized-data-model/EnumEDAMFormats,EnumEDAMFormats
File,format,edam:format_1433,Format of PHYLIP discrete states data.,Phylip discrete states format,edam:format_1433,https://anvilproject.github.io/acr-harmonized-data-model/EnumEDAMFormats,EnumEDAMFormats
File,format,edam:format_1434,Format of PHYLIP cliques data.,Phylip cliques format,edam:format_1434,https://anvilproject.github.io/acr-harmonized-data-model/EnumEDAMFormats,EnumEDAMFormats
File,format,edam:format_1435,Phylogenetic tree data format used by the PHYLIP program.,Phylip tree format,edam:format_1435,https://anvilproject.github.io/acr-harmonized-data-model/EnumEDAMFormats,EnumEDAMFormats
File,format,edam:format_1436,The format of an entry from the TreeBASE database of phylogenetic data.,TreeBASE format,edam:format_1436,https://anvilproject.github.io/acr-harmonized-data-model/EnumEDAMFormats,EnumEDAMFormats
File,format,edam:format_1437,The format of an entry from the TreeFam database of phylogenetic data.,TreeFam format,edam:format_1437,https://anvilproject.github.io/acr-harmonized-data-model/EnumEDAMFormats,EnumEDAMFormats
File,format,edam:format_1445,"Format for distances, such as Branch Score distance, between two or more phylogenetic trees as used by the Phylip package.",Phylip tree distance format,edam:format_1445,https://anvilproject.github.io/acr-harmonized-data-model/EnumEDAMFormats,EnumEDAMFormats
File,format,edam:format_1454,Format of an entry from the DSSP database (Dictionary of Secondary Structure in Proteins).,dssp,edam:format_1454,https://anvilproject.github.io/acr-harmonized-data-model/EnumEDAMFormats,EnumEDAMFormats
File,format,edam:format_1455,Entry format of the HSSP database (Homology-derived Secondary Structure in Proteins).,hssp,edam:format_1455,https://anvilproject.github.io/acr-harmonized-data-model/EnumEDAMFormats,EnumEDAMFormats
File,format,edam:format_1457,"Format of RNA secondary structure in dot-bracket notation, originally generated by the Vienna RNA package/server.",Dot-bracket format,edam:format_1457,https://anvilproject.github.io/acr-harmonized-data-model/EnumEDAMFormats,EnumEDAMFormats
File,format,edam:format_1458,"Format of local RNA secondary structure components with free energy values, generated by the Vienna RNA package/server.",Vienna local RNA secondary structure format,edam:format_1458,https://anvilproject.github.io/acr-harmonized-data-model/EnumEDAMFormats,EnumEDAMFormats
File,format,edam:format_1475,Format of an entry (or part of an entry) from the PDB database.,PDB database entry format,edam:format_1475,https://anvilproject.github.io/acr-harmonized-data-model/EnumEDAMFormats,EnumEDAMFormats
File,format,edam:format_1476,Entry format of PDB database in PDB format.,PDB,edam:format_1476,https://anvilproject.github.io/acr-harmonized-data-model/EnumEDAMFormats,EnumEDAMFormats
File,format,edam:format_1477,Entry format of PDB database in mmCIF format.,mmCIF,edam:format_1477,https://anvilproject.github.io/acr-harmonized-data-model/EnumEDAMFormats,EnumEDAMFormats
File,format,edam:format_1478,Entry format of PDB database in PDBML (XML) format.,PDBML,edam:format_1478,https://anvilproject.github.io/acr-harmonized-data-model/EnumEDAMFormats,EnumEDAMFormats
File,format,edam:format_1504,Amino acid index format used by the AAindex database.,aaindex,edam:format_1504,https://anvilproject.github.io/acr-harmonized-data-model/EnumEDAMFormats,EnumEDAMFormats
File,format,edam:format_1551,Format of output of the Pcons Model Quality Assessment Program (MQAP).,Pcons report format,edam:format_1551,https://anvilproject.github.io/acr-harmonized-data-model/EnumEDAMFormats,EnumEDAMFormats
File,format,edam:format_1552,Format of output of the ProQ protein model quality predictor.,ProQ report format,edam:format_1552,https://anvilproject.github.io/acr-harmonized-data-model/EnumEDAMFormats,EnumEDAMFormats
File,format,edam:format_1582,"A report format for the kinetics of enzyme-catalysed reaction(s) in a format generated by EMBOSS findkm. This includes Michaelis Menten plot, Hanes Woolf plot, Michaelis Menten constant (Km) and maximum velocity (Vmax).",findkm,edam:format_1582,https://anvilproject.github.io/acr-harmonized-data-model/EnumEDAMFormats,EnumEDAMFormats
File,format,edam:format_1627,Report format on PCR primers and hybridisation oligos as generated by Whitehead primer3 program.,Primer3 primer,edam:format_1627,https://anvilproject.github.io/acr-harmonized-data-model/EnumEDAMFormats,EnumEDAMFormats
File,format,edam:format_1628,A format of raw sequence read data from an Applied Biosystems sequencing machine.,ABI,edam:format_1628,https://anvilproject.github.io/acr-harmonized-data-model/EnumEDAMFormats,EnumEDAMFormats
File,format,edam:format_1629,Format of MIRA sequence trace information file.,mira,edam:format_1629,https://anvilproject.github.io/acr-harmonized-data-model/EnumEDAMFormats,EnumEDAMFormats
File,format,edam:format_1630,"Common Assembly Format (CAF). A sequence assembly format including contigs, base-call qualities, and other metadata.",CAF,edam:format_1630,https://anvilproject.github.io/acr-harmonized-data-model/EnumEDAMFormats,EnumEDAMFormats
File,format,edam:format_1631,Sequence assembly project file EXP format.,EXP,edam:format_1631,https://anvilproject.github.io/acr-harmonized-data-model/EnumEDAMFormats,EnumEDAMFormats
File,format,edam:format_1632,"Staden Chromatogram Files format (SCF) of base-called sequence reads, qualities, and other metadata.",SCF,edam:format_1632,https://anvilproject.github.io/acr-harmonized-data-model/EnumEDAMFormats,EnumEDAMFormats
File,format,edam:format_1633,PHD sequence trace format to store serialised chromatogram data (reads).,PHD,edam:format_1633,https://anvilproject.github.io/acr-harmonized-data-model/EnumEDAMFormats,EnumEDAMFormats
File,format,edam:format_1637,Format of Affymetrix data file of raw image data.,dat,edam:format_1637,https://anvilproject.github.io/acr-harmonized-data-model/EnumEDAMFormats,EnumEDAMFormats
File,format,edam:format_1638,Format of Affymetrix data file of information about (raw) expression levels of the individual probes.,cel,edam:format_1638,https://anvilproject.github.io/acr-harmonized-data-model/EnumEDAMFormats,EnumEDAMFormats
File,format,edam:format_1639,"Format of affymetrix gene cluster files (hc-genes.txt, hc-chips.txt) from hierarchical clustering.",affymetrix,edam:format_1639,https://anvilproject.github.io/acr-harmonized-data-model/EnumEDAMFormats,EnumEDAMFormats
File,format,edam:format_1641,Affymetrix data file format for information about experimental conditions and protocols.,affymetrix-exp,edam:format_1641,https://anvilproject.github.io/acr-harmonized-data-model/EnumEDAMFormats,EnumEDAMFormats
File,format,edam:format_1644,Format of Affymetrix data file of information about (normalised) expression levels of the individual probes.,CHP,edam:format_1644,https://anvilproject.github.io/acr-harmonized-data-model/EnumEDAMFormats,EnumEDAMFormats
File,format,edam:format_1665,Format of Taverna workflows.,Taverna workflow format,edam:format_1665,https://anvilproject.github.io/acr-harmonized-data-model/EnumEDAMFormats,EnumEDAMFormats
File,format,edam:format_1705,The format of an entry from the HET group dictionary (HET groups from PDB files).,HET group dictionary entry format,edam:format_1705,https://anvilproject.github.io/acr-harmonized-data-model/EnumEDAMFormats,EnumEDAMFormats
File,format,edam:format_1734,Format of bibliographic reference as used by the PubMed database.,PubMed citation,edam:format_1734,https://anvilproject.github.io/acr-harmonized-data-model/EnumEDAMFormats,EnumEDAMFormats
File,format,edam:format_1735,Format for abstracts of scientific articles from the Medline database.,Medline Display Format,edam:format_1735,https://anvilproject.github.io/acr-harmonized-data-model/EnumEDAMFormats,EnumEDAMFormats
File,format,edam:format_1736,"CiteXplore 'core' citation format including title, journal, authors and abstract.",CiteXplore-core,edam:format_1736,https://anvilproject.github.io/acr-harmonized-data-model/EnumEDAMFormats,EnumEDAMFormats
File,format,edam:format_1737,CiteXplore 'all' citation format includes all known details such as Mesh terms and cross-references.,CiteXplore-all,edam:format_1737,https://anvilproject.github.io/acr-harmonized-data-model/EnumEDAMFormats,EnumEDAMFormats
File,format,edam:format_1739,Article format of the PubMed Central database.,pmc,edam:format_1739,https://anvilproject.github.io/acr-harmonized-data-model/EnumEDAMFormats,EnumEDAMFormats
File,format,edam:format_1740,The format of iHOP (Information Hyperlinked over Proteins) text-mining result.,iHOP format,edam:format_1740,https://anvilproject.github.io/acr-harmonized-data-model/EnumEDAMFormats,EnumEDAMFormats
File,format,edam:format_1741,OSCAR format of annotated chemical text.,OSCAR format,edam:format_1741,https://anvilproject.github.io/acr-harmonized-data-model/EnumEDAMFormats,EnumEDAMFormats
File,format,edam:format_1861,Map of a plasmid (circular DNA) in PlasMapper TextMap format.,PlasMapper TextMap,edam:format_1861,https://anvilproject.github.io/acr-harmonized-data-model/EnumEDAMFormats,EnumEDAMFormats
File,format,edam:format_1910,Phylogenetic tree Newick (text) format.,newick,edam:format_1910,https://anvilproject.github.io/acr-harmonized-data-model/EnumEDAMFormats,EnumEDAMFormats
File,format,edam:format_1911,Phylogenetic tree TreeCon (text) format.,TreeCon format,edam:format_1911,https://anvilproject.github.io/acr-harmonized-data-model/EnumEDAMFormats,EnumEDAMFormats
File,format,edam:format_1912,Phylogenetic tree Nexus (text) format.,Nexus format,edam:format_1912,https://anvilproject.github.io/acr-harmonized-data-model/EnumEDAMFormats,EnumEDAMFormats
File,format,edam:format_1919,Data format for a molecular sequence record.,Sequence record format,edam:format_1919,https://anvilproject.github.io/acr-harmonized-data-model/EnumEDAMFormats,EnumEDAMFormats
File,format,edam:format_1920,Data format for molecular sequence feature information.,Sequence feature annotation format,edam:format_1920,https://anvilproject.github.io/acr-harmonized-data-model/EnumEDAMFormats,EnumEDAMFormats
File,format,edam:format_1921,Data format for molecular sequence alignment information.,Alignment format,edam:format_1921,https://anvilproject.github.io/acr-harmonized-data-model/EnumEDAMFormats,EnumEDAMFormats
File,format,edam:format_1923,ACEDB sequence format.,acedb,edam:format_1923,https://anvilproject.github.io/acr-harmonized-data-model/EnumEDAMFormats,EnumEDAMFormats
File,format,edam:format_1925,Codata entry format.,codata,edam:format_1925,https://anvilproject.github.io/acr-harmonized-data-model/EnumEDAMFormats,EnumEDAMFormats
File,format,edam:format_1926,Fasta format variant with database name before ID.,dbid,edam:format_1926,https://anvilproject.github.io/acr-harmonized-data-model/EnumEDAMFormats,EnumEDAMFormats
File,format,edam:format_1927,EMBL entry format.,EMBL format,edam:format_1927,https://anvilproject.github.io/acr-harmonized-data-model/EnumEDAMFormats,EnumEDAMFormats
File,format,edam:format_1928,Staden experiment file format.,Staden experiment format,edam:format_1928,https://anvilproject.github.io/acr-harmonized-data-model/EnumEDAMFormats,EnumEDAMFormats
File,format,edam:format_1929,FASTA format including NCBI-style IDs.,FASTA,edam:format_1929,https://anvilproject.github.io/acr-harmonized-data-model/EnumEDAMFormats,EnumEDAMFormats
File,format,edam:format_1930,FASTQ short read format ignoring quality scores.,FASTQ,edam:format_1930,https://anvilproject.github.io/acr-harmonized-data-model/EnumEDAMFormats,EnumEDAMFormats
File,format,edam:format_1931,FASTQ Illumina 1.3 short read format.,FASTQ-illumina,edam:format_1931,https://anvilproject.github.io/acr-harmonized-data-model/EnumEDAMFormats,EnumEDAMFormats
File,format,edam:format_1932,FASTQ short read format with phred quality.,FASTQ-sanger,edam:format_1932,https://anvilproject.github.io/acr-harmonized-data-model/EnumEDAMFormats,EnumEDAMFormats
File,format,edam:format_1933,FASTQ Solexa/Illumina 1.0 short read format.,FASTQ-solexa,edam:format_1933,https://anvilproject.github.io/acr-harmonized-data-model/EnumEDAMFormats,EnumEDAMFormats
File,format,edam:format_1934,Fitch program format.,fitch program,edam:format_1934,https://anvilproject.github.io/acr-harmonized-data-model/EnumEDAMFormats,EnumEDAMFormats
File,format,edam:format_1935,GCG sequence file format.,GCG,edam:format_1935,https://anvilproject.github.io/acr-harmonized-data-model/EnumEDAMFormats,EnumEDAMFormats
File,format,edam:format_1936,Genbank entry format.,GenBank format,edam:format_1936,https://anvilproject.github.io/acr-harmonized-data-model/EnumEDAMFormats,EnumEDAMFormats
File,format,edam:format_1937,Genpept protein entry format.,genpept,edam:format_1937,https://anvilproject.github.io/acr-harmonized-data-model/EnumEDAMFormats,EnumEDAMFormats
File,format,edam:format_1938,GFF feature file format with sequence in the header.,GFF2-seq,edam:format_1938,https://anvilproject.github.io/acr-harmonized-data-model/EnumEDAMFormats,EnumEDAMFormats
File,format,edam:format_1939,GFF3 feature file format with sequence.,GFF3-seq,edam:format_1939,https://anvilproject.github.io/acr-harmonized-data-model/EnumEDAMFormats,EnumEDAMFormats
File,format,edam:format_1940,FASTA sequence format including NCBI-style GIs.,giFASTA format,edam:format_1940,https://anvilproject.github.io/acr-harmonized-data-model/EnumEDAMFormats,EnumEDAMFormats
File,format,edam:format_1941,Hennig86 output sequence format.,hennig86,edam:format_1941,https://anvilproject.github.io/acr-harmonized-data-model/EnumEDAMFormats,EnumEDAMFormats
File,format,edam:format_1942,Intelligenetics sequence format.,ig,edam:format_1942,https://anvilproject.github.io/acr-harmonized-data-model/EnumEDAMFormats,EnumEDAMFormats
File,format,edam:format_1943,Intelligenetics sequence format (strict version).,igstrict,edam:format_1943,https://anvilproject.github.io/acr-harmonized-data-model/EnumEDAMFormats,EnumEDAMFormats
File,format,edam:format_1944,Jackknifer interleaved and non-interleaved sequence format.,jackknifer,edam:format_1944,https://anvilproject.github.io/acr-harmonized-data-model/EnumEDAMFormats,EnumEDAMFormats
File,format,edam:format_1945,Mase program sequence format.,mase format,edam:format_1945,https://anvilproject.github.io/acr-harmonized-data-model/EnumEDAMFormats,EnumEDAMFormats
File,format,edam:format_1946,Mega interleaved and non-interleaved sequence format.,mega-seq,edam:format_1946,https://anvilproject.github.io/acr-harmonized-data-model/EnumEDAMFormats,EnumEDAMFormats
File,format,edam:format_1947,GCG MSF (multiple sequence file) file format.,GCG MSF,edam:format_1947,https://anvilproject.github.io/acr-harmonized-data-model/EnumEDAMFormats,EnumEDAMFormats
File,format,edam:format_1948,NBRF/PIR entry sequence format.,nbrf/pir,edam:format_1948,https://anvilproject.github.io/acr-harmonized-data-model/EnumEDAMFormats,EnumEDAMFormats
File,format,edam:format_1949,Nexus/paup interleaved sequence format.,nexus-seq,edam:format_1949,https://anvilproject.github.io/acr-harmonized-data-model/EnumEDAMFormats,EnumEDAMFormats
File,format,edam:format_1950,PDB sequence format (ATOM lines).,pdbatom,edam:format_1950,https://anvilproject.github.io/acr-harmonized-data-model/EnumEDAMFormats,EnumEDAMFormats
File,format,edam:format_1951,PDB nucleotide sequence format (ATOM lines).,pdbatomnuc,edam:format_1951,https://anvilproject.github.io/acr-harmonized-data-model/EnumEDAMFormats,EnumEDAMFormats
File,format,edam:format_1952,PDB nucleotide sequence format (SEQRES lines).,pdbseqresnuc,edam:format_1952,https://anvilproject.github.io/acr-harmonized-data-model/EnumEDAMFormats,EnumEDAMFormats
File,format,edam:format_1953,PDB sequence format (SEQRES lines).,pdbseqres,edam:format_1953,https://anvilproject.github.io/acr-harmonized-data-model/EnumEDAMFormats,EnumEDAMFormats
File,format,edam:format_1954,Plain old FASTA sequence format (unspecified format for IDs).,Pearson format,edam:format_1954,https://anvilproject.github.io/acr-harmonized-data-model/EnumEDAMFormats,EnumEDAMFormats
File,format,edam:format_1957,Raw sequence format with no non-sequence characters.,raw,edam:format_1957,https://anvilproject.github.io/acr-harmonized-data-model/EnumEDAMFormats,EnumEDAMFormats
File,format,edam:format_1958,Refseq protein entry sequence format.,refseqp,edam:format_1958,https://anvilproject.github.io/acr-harmonized-data-model/EnumEDAMFormats,EnumEDAMFormats
File,format,edam:format_1960,Staden suite sequence format.,Staden format,edam:format_1960,https://anvilproject.github.io/acr-harmonized-data-model/EnumEDAMFormats,EnumEDAMFormats
File,format,edam:format_1961,Stockholm multiple sequence alignment format (used by Pfam and Rfam).,Stockholm format,edam:format_1961,https://anvilproject.github.io/acr-harmonized-data-model/EnumEDAMFormats,EnumEDAMFormats
File,format,edam:format_1962,DNA strider output sequence format.,strider format,edam:format_1962,https://anvilproject.github.io/acr-harmonized-data-model/EnumEDAMFormats,EnumEDAMFormats
File,format,edam:format_1963,UniProtKB entry sequence format.,UniProtKB format,edam:format_1963,https://anvilproject.github.io/acr-harmonized-data-model/EnumEDAMFormats,EnumEDAMFormats
File,format,edam:format_1964,Plain text sequence format (essentially unformatted).,plain text format (unformatted),edam:format_1964,https://anvilproject.github.io/acr-harmonized-data-model/EnumEDAMFormats,EnumEDAMFormats
File,format,edam:format_1966,NCBI ASN.1-based sequence format.,ASN.1 sequence format,edam:format_1966,https://anvilproject.github.io/acr-harmonized-data-model/EnumEDAMFormats,EnumEDAMFormats
File,format,edam:format_1967,DAS sequence (XML) format (any type).,DAS format,edam:format_1967,https://anvilproject.github.io/acr-harmonized-data-model/EnumEDAMFormats,EnumEDAMFormats
File,format,edam:format_1968,DAS sequence (XML) format (nucleotide-only).,dasdna,edam:format_1968,https://anvilproject.github.io/acr-harmonized-data-model/EnumEDAMFormats,EnumEDAMFormats
File,format,edam:format_1969,EMBOSS debugging trace sequence format of full internal data content.,debug-seq,edam:format_1969,https://anvilproject.github.io/acr-harmonized-data-model/EnumEDAMFormats,EnumEDAMFormats
File,format,edam:format_1970,Jackknifer output sequence non-interleaved format.,jackknifernon,edam:format_1970,https://anvilproject.github.io/acr-harmonized-data-model/EnumEDAMFormats,EnumEDAMFormats
File,format,edam:format_1972,NCBI FASTA sequence format with NCBI-style IDs.,NCBI format,edam:format_1972,https://anvilproject.github.io/acr-harmonized-data-model/EnumEDAMFormats,EnumEDAMFormats
File,format,edam:format_1973,Nexus/paup non-interleaved sequence format.,nexusnon,edam:format_1973,https://anvilproject.github.io/acr-harmonized-data-model/EnumEDAMFormats,EnumEDAMFormats
File,format,edam:format_1974,General Feature Format (GFF) of sequence features.,GFF2,edam:format_1974,https://anvilproject.github.io/acr-harmonized-data-model/EnumEDAMFormats,EnumEDAMFormats
File,format,edam:format_1975,Generic Feature Format version 3 (GFF3) of sequence features.,GFF3,edam:format_1975,https://anvilproject.github.io/acr-harmonized-data-model/EnumEDAMFormats,EnumEDAMFormats
File,format,edam:format_1978,DAS GFF (XML) feature format.,DASGFF,edam:format_1978,https://anvilproject.github.io/acr-harmonized-data-model/EnumEDAMFormats,EnumEDAMFormats
File,format,edam:format_1979,EMBOSS debugging trace feature format of full internal data content.,debug-feat,edam:format_1979,https://anvilproject.github.io/acr-harmonized-data-model/EnumEDAMFormats,EnumEDAMFormats
File,format,edam:format_1982,ClustalW format for (aligned) sequences.,ClustalW format,edam:format_1982,https://anvilproject.github.io/acr-harmonized-data-model/EnumEDAMFormats,EnumEDAMFormats
File,format,edam:format_1983,EMBOSS alignment format for debugging trace of full internal data content.,debug,edam:format_1983,https://anvilproject.github.io/acr-harmonized-data-model/EnumEDAMFormats,EnumEDAMFormats
File,format,edam:format_1984,Fasta format for (aligned) sequences.,FASTA-aln,edam:format_1984,https://anvilproject.github.io/acr-harmonized-data-model/EnumEDAMFormats,EnumEDAMFormats
File,format,edam:format_1985,Pearson MARKX0 alignment format.,markx0,edam:format_1985,https://anvilproject.github.io/acr-harmonized-data-model/EnumEDAMFormats,EnumEDAMFormats
File,format,edam:format_1986,Pearson MARKX1 alignment format.,markx1,edam:format_1986,https://anvilproject.github.io/acr-harmonized-data-model/EnumEDAMFormats,EnumEDAMFormats
File,format,edam:format_1987,Pearson MARKX10 alignment format.,markx10,edam:format_1987,https://anvilproject.github.io/acr-harmonized-data-model/EnumEDAMFormats,EnumEDAMFormats
File,format,edam:format_1988,Pearson MARKX2 alignment format.,markx2,edam:format_1988,https://anvilproject.github.io/acr-harmonized-data-model/EnumEDAMFormats,EnumEDAMFormats
File,format,edam:format_1989,Pearson MARKX3 alignment format.,markx3,edam:format_1989,https://anvilproject.github.io/acr-harmonized-data-model/EnumEDAMFormats,EnumEDAMFormats
File,format,edam:format_1990,Alignment format for start and end of matches between sequence pairs.,match,edam:format_1990,https://anvilproject.github.io/acr-harmonized-data-model/EnumEDAMFormats,EnumEDAMFormats
File,format,edam:format_1991,Mega format for (typically aligned) sequences.,mega,edam:format_1991,https://anvilproject.github.io/acr-harmonized-data-model/EnumEDAMFormats,EnumEDAMFormats
File,format,edam:format_1992,Mega non-interleaved format for (typically aligned) sequences.,meganon,edam:format_1992,https://anvilproject.github.io/acr-harmonized-data-model/EnumEDAMFormats,EnumEDAMFormats
File,format,edam:format_1996,EMBOSS simple sequence pairwise alignment format.,pair,edam:format_1996,https://anvilproject.github.io/acr-harmonized-data-model/EnumEDAMFormats,EnumEDAMFormats
File,format,edam:format_1997,Phylip format for (aligned) sequences.,PHYLIP format,edam:format_1997,https://anvilproject.github.io/acr-harmonized-data-model/EnumEDAMFormats,EnumEDAMFormats
File,format,edam:format_1998,Phylip non-interleaved format for (aligned) sequences.,PHYLIP sequential,edam:format_1998,https://anvilproject.github.io/acr-harmonized-data-model/EnumEDAMFormats,EnumEDAMFormats
File,format,edam:format_1999,Alignment format for score values for pairs of sequences.,scores format,edam:format_1999,https://anvilproject.github.io/acr-harmonized-data-model/EnumEDAMFormats,EnumEDAMFormats
File,format,edam:format_2000,SELEX format for (aligned) sequences.,selex,edam:format_2000,https://anvilproject.github.io/acr-harmonized-data-model/EnumEDAMFormats,EnumEDAMFormats
File,format,edam:format_2001,EMBOSS simple multiple alignment format.,EMBOSS simple format,edam:format_2001,https://anvilproject.github.io/acr-harmonized-data-model/EnumEDAMFormats,EnumEDAMFormats
File,format,edam:format_2002,Simple multiple sequence (alignment) format for SRS.,srs format,edam:format_2002,https://anvilproject.github.io/acr-harmonized-data-model/EnumEDAMFormats,EnumEDAMFormats
File,format,edam:format_2003,Simple sequence pair (alignment) format for SRS.,srspair,edam:format_2003,https://anvilproject.github.io/acr-harmonized-data-model/EnumEDAMFormats,EnumEDAMFormats
File,format,edam:format_2004,T-Coffee program alignment format.,T-Coffee format,edam:format_2004,https://anvilproject.github.io/acr-harmonized-data-model/EnumEDAMFormats,EnumEDAMFormats
File,format,edam:format_2005,Treecon format for (aligned) sequences.,TreeCon-seq,edam:format_2005,https://anvilproject.github.io/acr-harmonized-data-model/EnumEDAMFormats,EnumEDAMFormats
File,format,edam:format_2006,Data format for a phylogenetic tree.,Phylogenetic tree format,edam:format_2006,https://anvilproject.github.io/acr-harmonized-data-model/EnumEDAMFormats,EnumEDAMFormats
File,format,edam:format_2013,Data format for a biological pathway or network.,Biological pathway or network format,edam:format_2013,https://anvilproject.github.io/acr-harmonized-data-model/EnumEDAMFormats,EnumEDAMFormats
File,format,edam:format_2014,Data format for a sequence-profile alignment.,Sequence-profile alignment format,edam:format_2014,https://anvilproject.github.io/acr-harmonized-data-model/EnumEDAMFormats,EnumEDAMFormats
File,format,edam:format_2017,Data format for an amino acid index.,Amino acid index format,edam:format_2017,https://anvilproject.github.io/acr-harmonized-data-model/EnumEDAMFormats,EnumEDAMFormats
File,format,edam:format_2020,Data format for a full-text scientific article.,Article format,edam:format_2020,https://anvilproject.github.io/acr-harmonized-data-model/EnumEDAMFormats,EnumEDAMFormats
File,format,edam:format_2021,Data format of a report from text mining.,Text mining report format,edam:format_2021,https://anvilproject.github.io/acr-harmonized-data-model/EnumEDAMFormats,EnumEDAMFormats
File,format,edam:format_2027,Data format for reports on enzyme kinetics.,Enzyme kinetics report format,edam:format_2027,https://anvilproject.github.io/acr-harmonized-data-model/EnumEDAMFormats,EnumEDAMFormats
File,format,edam:format_2030,Format of a report on a chemical compound.,Chemical data format,edam:format_2030,https://anvilproject.github.io/acr-harmonized-data-model/EnumEDAMFormats,EnumEDAMFormats
File,format,edam:format_2031,"Format of a report on a particular locus, gene, gene system or groups of genes.",Gene annotation format,edam:format_2031,https://anvilproject.github.io/acr-harmonized-data-model/EnumEDAMFormats,EnumEDAMFormats
File,format,edam:format_2032,Format of a workflow.,Workflow format,edam:format_2032,https://anvilproject.github.io/acr-harmonized-data-model/EnumEDAMFormats,EnumEDAMFormats
File,format,edam:format_2033,Data format for a molecular tertiary structure.,Tertiary structure format,edam:format_2033,https://anvilproject.github.io/acr-harmonized-data-model/EnumEDAMFormats,EnumEDAMFormats
File,format,edam:format_2035,Text format of a chemical formula.,Chemical formula format,edam:format_2035,https://anvilproject.github.io/acr-harmonized-data-model/EnumEDAMFormats,EnumEDAMFormats
File,format,edam:format_2036,Format of raw (unplotted) phylogenetic data.,Phylogenetic character data format,edam:format_2036,https://anvilproject.github.io/acr-harmonized-data-model/EnumEDAMFormats,EnumEDAMFormats
File,format,edam:format_2037,Format of phylogenetic continuous quantitative character data.,Phylogenetic continuous quantitative character format,edam:format_2037,https://anvilproject.github.io/acr-harmonized-data-model/EnumEDAMFormats,EnumEDAMFormats
File,format,edam:format_2038,Format of phylogenetic discrete states data.,Phylogenetic discrete states format,edam:format_2038,https://anvilproject.github.io/acr-harmonized-data-model/EnumEDAMFormats,EnumEDAMFormats
File,format,edam:format_2039,Format of phylogenetic cliques data.,Phylogenetic tree report (cliques) format,edam:format_2039,https://anvilproject.github.io/acr-harmonized-data-model/EnumEDAMFormats,EnumEDAMFormats
File,format,edam:format_2040,Format of phylogenetic invariants data.,Phylogenetic tree report (invariants) format,edam:format_2040,https://anvilproject.github.io/acr-harmonized-data-model/EnumEDAMFormats,EnumEDAMFormats
File,format,edam:format_2049,Format for phylogenetic tree distance data.,Phylogenetic tree report (tree distances) format,edam:format_2049,https://anvilproject.github.io/acr-harmonized-data-model/EnumEDAMFormats,EnumEDAMFormats
File,format,edam:format_2052,Format for reports on a protein family.,Protein family report format,edam:format_2052,https://anvilproject.github.io/acr-harmonized-data-model/EnumEDAMFormats,EnumEDAMFormats
File,format,edam:format_2054,Format for molecular interaction data.,Protein interaction format,edam:format_2054,https://anvilproject.github.io/acr-harmonized-data-model/EnumEDAMFormats,EnumEDAMFormats
File,format,edam:format_2055,Format for sequence assembly data.,Sequence assembly format,edam:format_2055,https://anvilproject.github.io/acr-harmonized-data-model/EnumEDAMFormats,EnumEDAMFormats
File,format,edam:format_2056,Format for information about a microarray experimental per se (not the data generated from that experiment).,Microarray experiment data format,edam:format_2056,https://anvilproject.github.io/acr-harmonized-data-model/EnumEDAMFormats,EnumEDAMFormats
File,format,edam:format_2057,Format for sequence trace data (i.e. including base call information).,Sequence trace format,edam:format_2057,https://anvilproject.github.io/acr-harmonized-data-model/EnumEDAMFormats,EnumEDAMFormats
File,format,edam:format_2058,"Format of a file of gene expression data, e.g. a gene expression matrix or profile.",Gene expression report format,edam:format_2058,https://anvilproject.github.io/acr-harmonized-data-model/EnumEDAMFormats,EnumEDAMFormats
File,format,edam:format_2060,Format of a map of (typically one) molecular sequence annotated with features.,Map format,edam:format_2060,https://anvilproject.github.io/acr-harmonized-data-model/EnumEDAMFormats,EnumEDAMFormats
File,format,edam:format_2061,Format of a report on PCR primers or hybridisation oligos in a nucleic acid sequence.,Nucleic acid features (primers) format,edam:format_2061,https://anvilproject.github.io/acr-harmonized-data-model/EnumEDAMFormats,EnumEDAMFormats
File,format,edam:format_2062,Format of a report of general information about a specific protein.,Protein report format,edam:format_2062,https://anvilproject.github.io/acr-harmonized-data-model/EnumEDAMFormats,EnumEDAMFormats
File,format,edam:format_2064,Format of a matrix of 3D-1D scores (amino acid environment probabilities).,3D-1D scoring matrix format,edam:format_2064,https://anvilproject.github.io/acr-harmonized-data-model/EnumEDAMFormats,EnumEDAMFormats
File,format,edam:format_2065,Format of a report on the quality of a protein three-dimensional model.,Protein structure report (quality evaluation) format,edam:format_2065,https://anvilproject.github.io/acr-harmonized-data-model/EnumEDAMFormats,EnumEDAMFormats
File,format,edam:format_2066,Format of a report on sequence hits and associated data from searching a sequence database.,Database hits (sequence) format,edam:format_2066,https://anvilproject.github.io/acr-harmonized-data-model/EnumEDAMFormats,EnumEDAMFormats
File,format,edam:format_2067,Format of a matrix of genetic distances between molecular sequences.,Sequence distance matrix format,edam:format_2067,https://anvilproject.github.io/acr-harmonized-data-model/EnumEDAMFormats,EnumEDAMFormats
File,format,edam:format_2068,Format of a sequence motif.,Sequence motif format,edam:format_2068,https://anvilproject.github.io/acr-harmonized-data-model/EnumEDAMFormats,EnumEDAMFormats
File,format,edam:format_2069,Format of a sequence profile.,Sequence profile format,edam:format_2069,https://anvilproject.github.io/acr-harmonized-data-model/EnumEDAMFormats,EnumEDAMFormats
File,format,edam:format_2072,Format of a hidden Markov model.,Hidden Markov model format,edam:format_2072,https://anvilproject.github.io/acr-harmonized-data-model/EnumEDAMFormats,EnumEDAMFormats
File,format,edam:format_2074,Data format of a dirichlet distribution.,Dirichlet distribution format,edam:format_2074,https://anvilproject.github.io/acr-harmonized-data-model/EnumEDAMFormats,EnumEDAMFormats
File,format,edam:format_2075,Data format for the emission and transition counts of a hidden Markov model.,HMM emission and transition counts format,edam:format_2075,https://anvilproject.github.io/acr-harmonized-data-model/EnumEDAMFormats,EnumEDAMFormats
File,format,edam:format_2076,Format for secondary structure (predicted or real) of an RNA molecule.,RNA secondary structure format,edam:format_2076,https://anvilproject.github.io/acr-harmonized-data-model/EnumEDAMFormats,EnumEDAMFormats
File,format,edam:format_2077,Format for secondary structure (predicted or real) of a protein molecule.,Protein secondary structure format,edam:format_2077,https://anvilproject.github.io/acr-harmonized-data-model/EnumEDAMFormats,EnumEDAMFormats
File,format,edam:format_2078,Format used to specify range(s) of sequence positions.,Sequence range format,edam:format_2078,https://anvilproject.github.io/acr-harmonized-data-model/EnumEDAMFormats,EnumEDAMFormats
File,format,edam:format_2094,Alphabet for molecular sequence with possible unknown positions but without non-sequence characters.,pure,edam:format_2094,https://anvilproject.github.io/acr-harmonized-data-model/EnumEDAMFormats,EnumEDAMFormats
File,format,edam:format_2095,Alphabet for a molecular sequence with possible unknown positions but possibly with non-sequence characters.,unpure,edam:format_2095,https://anvilproject.github.io/acr-harmonized-data-model/EnumEDAMFormats,EnumEDAMFormats
File,format,edam:format_2096,Alphabet for a molecular sequence with possible unknown positions but without ambiguity characters.,unambiguous sequence,edam:format_2096,https://anvilproject.github.io/acr-harmonized-data-model/EnumEDAMFormats,EnumEDAMFormats
File,format,edam:format_2097,Alphabet for a molecular sequence with possible unknown positions and possible ambiguity characters.,ambiguous,edam:format_2097,https://anvilproject.github.io/acr-harmonized-data-model/EnumEDAMFormats,EnumEDAMFormats
File,format,edam:format_2155,Format used for map of repeats in molecular (typically nucleotide) sequences.,Sequence features (repeats) format,edam:format_2155,https://anvilproject.github.io/acr-harmonized-data-model/EnumEDAMFormats,EnumEDAMFormats
File,format,edam:format_2158,Format used for report on restriction enzyme recognition sites in nucleotide sequences.,Nucleic acid features (restriction sites) format,edam:format_2158,https://anvilproject.github.io/acr-harmonized-data-model/EnumEDAMFormats,EnumEDAMFormats
File,format,edam:format_2170,Format used for clusters of molecular sequences.,Sequence cluster format,edam:format_2170,https://anvilproject.github.io/acr-harmonized-data-model/EnumEDAMFormats,EnumEDAMFormats
File,format,edam:format_2171,Format used for clusters of protein sequences.,Sequence cluster format (protein),edam:format_2171,https://anvilproject.github.io/acr-harmonized-data-model/EnumEDAMFormats,EnumEDAMFormats
File,format,edam:format_2172,Format used for clusters of nucleotide sequences.,Sequence cluster format (nucleic acid),edam:format_2172,https://anvilproject.github.io/acr-harmonized-data-model/EnumEDAMFormats,EnumEDAMFormats
File,format,edam:format_2181,A text format resembling EMBL entry format.,EMBL-like (text),edam:format_2181,https://anvilproject.github.io/acr-harmonized-data-model/EnumEDAMFormats,EnumEDAMFormats
File,format,edam:format_2182,A text format resembling FASTQ short read format.,FASTQ-like format (text),edam:format_2182,https://anvilproject.github.io/acr-harmonized-data-model/EnumEDAMFormats,EnumEDAMFormats
File,format,edam:format_2183,XML format for EMBL entries.,EMBLXML,edam:format_2183,https://anvilproject.github.io/acr-harmonized-data-model/EnumEDAMFormats,EnumEDAMFormats
File,format,edam:format_2184,Specific XML format for EMBL entries (only uses certain sections).,cdsxml,edam:format_2184,https://anvilproject.github.io/acr-harmonized-data-model/EnumEDAMFormats,EnumEDAMFormats
File,format,edam:format_2185,"INSDSeq provides the elements of a sequence as presented in the GenBank/EMBL/DDBJ-style flatfile formats, with a small amount of additional structure.",INSDSeq,edam:format_2185,https://anvilproject.github.io/acr-harmonized-data-model/EnumEDAMFormats,EnumEDAMFormats
File,format,edam:format_2186,Geneseq sequence format.,geneseq,edam:format_2186,https://anvilproject.github.io/acr-harmonized-data-model/EnumEDAMFormats,EnumEDAMFormats
File,format,edam:format_2187,A text sequence format resembling uniprotkb entry format.,UniProt-like (text),edam:format_2187,https://anvilproject.github.io/acr-harmonized-data-model/EnumEDAMFormats,EnumEDAMFormats
File,format,edam:format_2194,Abstract format used by MedLine database.,medline,edam:format_2194,https://anvilproject.github.io/acr-harmonized-data-model/EnumEDAMFormats,EnumEDAMFormats
File,format,edam:format_2195,Format used for ontologies.,Ontology format,edam:format_2195,https://anvilproject.github.io/acr-harmonized-data-model/EnumEDAMFormats,EnumEDAMFormats
File,format,edam:format_2196,A serialisation format conforming to the Open Biomedical Ontologies (OBO) model.,OBO format,edam:format_2196,https://anvilproject.github.io/acr-harmonized-data-model/EnumEDAMFormats,EnumEDAMFormats
File,format,edam:format_2197,A serialisation format conforming to the Web Ontology Language (OWL) model.,OWL format,edam:format_2197,https://anvilproject.github.io/acr-harmonized-data-model/EnumEDAMFormats,EnumEDAMFormats
File,format,edam:format_2200,A text format resembling FASTA format.,FASTA-like (text),edam:format_2200,https://anvilproject.github.io/acr-harmonized-data-model/EnumEDAMFormats,EnumEDAMFormats
File,format,edam:format_2204,An XML format for EMBL entries.,EMBL format (XML),edam:format_2204,https://anvilproject.github.io/acr-harmonized-data-model/EnumEDAMFormats,EnumEDAMFormats
File,format,edam:format_2205,A text format resembling GenBank entry (plain text) format.,GenBank-like format (text),edam:format_2205,https://anvilproject.github.io/acr-harmonized-data-model/EnumEDAMFormats,EnumEDAMFormats
File,format,edam:format_2206,Text format for a sequence feature table.,Sequence feature table format (text),edam:format_2206,https://anvilproject.github.io/acr-harmonized-data-model/EnumEDAMFormats,EnumEDAMFormats
File,format,edam:format_2304,Entry format (XML) for the STRING database of protein interaction.,STRING entry format (XML),edam:format_2304,https://anvilproject.github.io/acr-harmonized-data-model/EnumEDAMFormats,EnumEDAMFormats
File,format,edam:format_2305,GFF feature format (of indeterminate version).,GFF,edam:format_2305,https://anvilproject.github.io/acr-harmonized-data-model/EnumEDAMFormats,EnumEDAMFormats
File,format,edam:format_2306,"Gene Transfer Format (GTF), a restricted version of GFF.",GTF,edam:format_2306,https://anvilproject.github.io/acr-harmonized-data-model/EnumEDAMFormats,EnumEDAMFormats
File,format,edam:format_2310,FASTA format wrapped in HTML elements.,FASTA-HTML,edam:format_2310,https://anvilproject.github.io/acr-harmonized-data-model/EnumEDAMFormats,EnumEDAMFormats
File,format,edam:format_2311,EMBL entry format wrapped in HTML elements.,EMBL-HTML,edam:format_2311,https://anvilproject.github.io/acr-harmonized-data-model/EnumEDAMFormats,EnumEDAMFormats
File,format,edam:format_2330,Textual format.,Textual format,edam:format_2330,https://anvilproject.github.io/acr-harmonized-data-model/EnumEDAMFormats,EnumEDAMFormats
File,format,edam:format_2331,HTML format.,HTML,edam:format_2331,https://anvilproject.github.io/acr-harmonized-data-model/EnumEDAMFormats,EnumEDAMFormats
File,format,edam:format_2332,eXtensible Markup Language (XML) format.,XML,edam:format_2332,https://anvilproject.github.io/acr-harmonized-data-model/EnumEDAMFormats,EnumEDAMFormats
File,format,edam:format_2333,Binary format.,Binary format,edam:format_2333,https://anvilproject.github.io/acr-harmonized-data-model/EnumEDAMFormats,EnumEDAMFormats
File,format,edam:format_2350,A placeholder concept for visual navigation by dividing data formats by the content of the data that is represented.,Format (by type of data),edam:format_2350,https://anvilproject.github.io/acr-harmonized-data-model/EnumEDAMFormats,EnumEDAMFormats
File,format,edam:format_2352,"BioXSD-schema-based XML format of sequence-based data and some other common data - sequence records, alignments, feature records, references to resources, and more - optimised for integrative bioinformatics, Web services, and object-oriented programming.",BioXSD (XML),edam:format_2352,https://anvilproject.github.io/acr-harmonized-data-model/EnumEDAMFormats,EnumEDAMFormats
File,format,edam:format_2376,A serialisation format conforming to the Resource Description Framework (RDF) model.,RDF format,edam:format_2376,https://anvilproject.github.io/acr-harmonized-data-model/EnumEDAMFormats,EnumEDAMFormats
File,format,edam:format_2532,Genbank entry format wrapped in HTML elements.,GenBank-HTML,edam:format_2532,https://anvilproject.github.io/acr-harmonized-data-model/EnumEDAMFormats,EnumEDAMFormats
File,format,edam:format_2543,A format resembling EMBL entry (plain text) format.,EMBL-like format,edam:format_2543,https://anvilproject.github.io/acr-harmonized-data-model/EnumEDAMFormats,EnumEDAMFormats
File,format,edam:format_2545,A format resembling FASTQ short read format.,FASTQ-like format,edam:format_2545,https://anvilproject.github.io/acr-harmonized-data-model/EnumEDAMFormats,EnumEDAMFormats
File,format,edam:format_2546,A format resembling FASTA format.,FASTA-like,edam:format_2546,https://anvilproject.github.io/acr-harmonized-data-model/EnumEDAMFormats,EnumEDAMFormats
File,format,edam:format_2547,A sequence format resembling uniprotkb entry format.,uniprotkb-like format,edam:format_2547,https://anvilproject.github.io/acr-harmonized-data-model/EnumEDAMFormats,EnumEDAMFormats
File,format,edam:format_2548,Format for a sequence feature table.,Sequence feature table format,edam:format_2548,https://anvilproject.github.io/acr-harmonized-data-model/EnumEDAMFormats,EnumEDAMFormats
File,format,edam:format_2549,OBO ontology text format.,OBO,edam:format_2549,https://anvilproject.github.io/acr-harmonized-data-model/EnumEDAMFormats,EnumEDAMFormats
File,format,edam:format_2550,OBO ontology XML format.,OBO-XML,edam:format_2550,https://anvilproject.github.io/acr-harmonized-data-model/EnumEDAMFormats,EnumEDAMFormats
File,format,edam:format_2551,Data format for a molecular sequence record (text).,Sequence record format (text),edam:format_2551,https://anvilproject.github.io/acr-harmonized-data-model/EnumEDAMFormats,EnumEDAMFormats
File,format,edam:format_2552,Data format for a molecular sequence record (XML).,Sequence record format (XML),edam:format_2552,https://anvilproject.github.io/acr-harmonized-data-model/EnumEDAMFormats,EnumEDAMFormats
File,format,edam:format_2553,XML format for a sequence feature table.,Sequence feature table format (XML),edam:format_2553,https://anvilproject.github.io/acr-harmonized-data-model/EnumEDAMFormats,EnumEDAMFormats
File,format,edam:format_2554,Text format for molecular sequence alignment information.,Alignment format (text),edam:format_2554,https://anvilproject.github.io/acr-harmonized-data-model/EnumEDAMFormats,EnumEDAMFormats
File,format,edam:format_2555,XML format for molecular sequence alignment information.,Alignment format (XML),edam:format_2555,https://anvilproject.github.io/acr-harmonized-data-model/EnumEDAMFormats,EnumEDAMFormats
File,format,edam:format_2556,Text format for a phylogenetic tree.,Phylogenetic tree format (text),edam:format_2556,https://anvilproject.github.io/acr-harmonized-data-model/EnumEDAMFormats,EnumEDAMFormats
File,format,edam:format_2557,XML format for a phylogenetic tree.,Phylogenetic tree format (XML),edam:format_2557,https://anvilproject.github.io/acr-harmonized-data-model/EnumEDAMFormats,EnumEDAMFormats
File,format,edam:format_2558,An XML format resembling EMBL entry format.,EMBL-like (XML),edam:format_2558,https://anvilproject.github.io/acr-harmonized-data-model/EnumEDAMFormats,EnumEDAMFormats
File,format,edam:format_2559,A format resembling GenBank entry (plain text) format.,GenBank-like format,edam:format_2559,https://anvilproject.github.io/acr-harmonized-data-model/EnumEDAMFormats,EnumEDAMFormats
File,format,edam:format_2561,Text format for sequence assembly data.,Sequence assembly format (text),edam:format_2561,https://anvilproject.github.io/acr-harmonized-data-model/EnumEDAMFormats,EnumEDAMFormats
File,format,edam:format_2566,Alphabet for a molecular sequence without any unknown positions or ambiguity characters.,completely unambiguous,edam:format_2566,https://anvilproject.github.io/acr-harmonized-data-model/EnumEDAMFormats,EnumEDAMFormats
File,format,edam:format_2567,"Alphabet for a molecular sequence without unknown positions, ambiguity or non-sequence characters.",completely unambiguous pure,edam:format_2567,https://anvilproject.github.io/acr-harmonized-data-model/EnumEDAMFormats,EnumEDAMFormats
File,format,edam:format_2568,"Alphabet for a nucleotide sequence (characters ACGTU only) without unknown positions, ambiguity or non-sequence characters .",completely unambiguous pure nucleotide,edam:format_2568,https://anvilproject.github.io/acr-harmonized-data-model/EnumEDAMFormats,EnumEDAMFormats
File,format,edam:format_2569,"Alphabet for a DNA sequence (characters ACGT only) without unknown positions, ambiguity or non-sequence characters.",completely unambiguous pure dna,edam:format_2569,https://anvilproject.github.io/acr-harmonized-data-model/EnumEDAMFormats,EnumEDAMFormats
File,format,edam:format_2570,"Alphabet for an RNA sequence (characters ACGU only) without unknown positions, ambiguity or non-sequence characters.",completely unambiguous pure rna sequence,edam:format_2570,https://anvilproject.github.io/acr-harmonized-data-model/EnumEDAMFormats,EnumEDAMFormats
File,format,edam:format_2571,Format of a raw molecular sequence (i.e. the alphabet used).,Raw sequence format,edam:format_2571,https://anvilproject.github.io/acr-harmonized-data-model/EnumEDAMFormats,EnumEDAMFormats
File,format,edam:format_2572,"BAM format, the binary, BGZF-formatted compressed version of SAM format for alignment of nucleotide sequences (e.g. sequencing reads) to (a) reference sequence(s). May contain base-call and alignment qualities and other data.",BAM,edam:format_2572,https://anvilproject.github.io/acr-harmonized-data-model/EnumEDAMFormats,EnumEDAMFormats
File,format,edam:format_2573,Sequence Alignment/Map (SAM) format for alignment of nucleotide sequences (e.g. sequencing reads) to (a) reference sequence(s). May contain base-call and alignment qualities and other data.,SAM,edam:format_2573,https://anvilproject.github.io/acr-harmonized-data-model/EnumEDAMFormats,EnumEDAMFormats
File,format,edam:format_2585,"Systems Biology Markup Language (SBML), the standard XML format for models of biological processes such as for example metabolism, cell signaling, and gene regulation.",SBML,edam:format_2585,https://anvilproject.github.io/acr-harmonized-data-model/EnumEDAMFormats,EnumEDAMFormats
File,format,edam:format_2607,"Alphabet for any protein sequence without unknown positions, ambiguity or non-sequence characters.",completely unambiguous pure protein,edam:format_2607,https://anvilproject.github.io/acr-harmonized-data-model/EnumEDAMFormats,EnumEDAMFormats
File,format,edam:format_2848,Format of a bibliographic reference.,Bibliographic reference format,edam:format_2848,https://anvilproject.github.io/acr-harmonized-data-model/EnumEDAMFormats,EnumEDAMFormats
File,format,edam:format_2919,Format of a sequence annotation track.,Sequence annotation track format,edam:format_2919,https://anvilproject.github.io/acr-harmonized-data-model/EnumEDAMFormats,EnumEDAMFormats
File,format,edam:format_2920,Data format for molecular sequence alignment information that can hold sequence alignment(s) of only 2 sequences.,Alignment format (pair only),edam:format_2920,https://anvilproject.github.io/acr-harmonized-data-model/EnumEDAMFormats,EnumEDAMFormats
File,format,edam:format_2921,Format of sequence variation annotation.,Sequence variation annotation format,edam:format_2921,https://anvilproject.github.io/acr-harmonized-data-model/EnumEDAMFormats,EnumEDAMFormats
File,format,edam:format_2922,Some variant of Pearson MARKX alignment format.,markx0 variant,edam:format_2922,https://anvilproject.github.io/acr-harmonized-data-model/EnumEDAMFormats,EnumEDAMFormats
File,format,edam:format_2923,Some variant of Mega format for (typically aligned) sequences.,mega variant,edam:format_2923,https://anvilproject.github.io/acr-harmonized-data-model/EnumEDAMFormats,EnumEDAMFormats
File,format,edam:format_2924,Some variant of Phylip format for (aligned) sequences.,Phylip format variant,edam:format_2924,https://anvilproject.github.io/acr-harmonized-data-model/EnumEDAMFormats,EnumEDAMFormats
File,format,edam:format_3000,AB1 binary format of raw DNA sequence reads (output of Applied Biosystems' sequencing analysis software). Contains an electropherogram and the DNA base sequence.,AB1,edam:format_3000,https://anvilproject.github.io/acr-harmonized-data-model/EnumEDAMFormats,EnumEDAMFormats
File,format,edam:format_3001,"ACE sequence assembly format including contigs, base-call qualities, and other metadata (version Aug 1998 and onwards).",ACE,edam:format_3001,https://anvilproject.github.io/acr-harmonized-data-model/EnumEDAMFormats,EnumEDAMFormats
File,format,edam:format_3003,"Browser Extensible Data (BED) format of sequence annotation track, typically to be displayed in a genome browser.",BED,edam:format_3003,https://anvilproject.github.io/acr-harmonized-data-model/EnumEDAMFormats,EnumEDAMFormats
File,format,edam:format_3004,"bigBed format for large sequence annotation tracks, similar to textual BED format.",bigBed,edam:format_3004,https://anvilproject.github.io/acr-harmonized-data-model/EnumEDAMFormats,EnumEDAMFormats
File,format,edam:format_3005,Wiggle format (WIG) of a sequence annotation track that consists of a value for each sequence position. Typically to be displayed in a genome browser.,WIG,edam:format_3005,https://anvilproject.github.io/acr-harmonized-data-model/EnumEDAMFormats,EnumEDAMFormats
File,format,edam:format_3006,bigWig format for large sequence annotation tracks that consist of a value for each sequence position. Similar to textual WIG format.,bigWig,edam:format_3006,https://anvilproject.github.io/acr-harmonized-data-model/EnumEDAMFormats,EnumEDAMFormats
File,format,edam:format_3007,"PSL format of alignments, typically generated by BLAT or psLayout. Can be displayed in a genome browser like a sequence annotation track.",PSL,edam:format_3007,https://anvilproject.github.io/acr-harmonized-data-model/EnumEDAMFormats,EnumEDAMFormats
File,format,edam:format_3008,"Multiple Alignment Format (MAF) supporting alignments of whole genomes with rearrangements, directions, multiple pieces to the alignment, and so forth.",MAF,edam:format_3008,https://anvilproject.github.io/acr-harmonized-data-model/EnumEDAMFormats,EnumEDAMFormats
File,format,edam:format_3009,2bit binary format of nucleotide sequences using 2 bits per nucleotide. In addition encodes unknown nucleotides and lower-case 'masking'.,2bit,edam:format_3009,https://anvilproject.github.io/acr-harmonized-data-model/EnumEDAMFormats,EnumEDAMFormats
File,format,edam:format_3010,.nib (nibble) binary format of a nucleotide sequence using 4 bits per nucleotide (including unknown) and its lower-case 'masking'.,.nib,edam:format_3010,https://anvilproject.github.io/acr-harmonized-data-model/EnumEDAMFormats,EnumEDAMFormats
File,format,edam:format_3011,genePred table format for gene prediction tracks.,genePred,edam:format_3011,https://anvilproject.github.io/acr-harmonized-data-model/EnumEDAMFormats,EnumEDAMFormats
File,format,edam:format_3012,"Personal Genome SNP (pgSnp) format for sequence variation tracks (indels and polymorphisms), supported by the UCSC Genome Browser.",pgSnp,edam:format_3012,https://anvilproject.github.io/acr-harmonized-data-model/EnumEDAMFormats,EnumEDAMFormats
File,format,edam:format_3013,"axt format of alignments, typically produced from BLASTZ.",axt,edam:format_3013,https://anvilproject.github.io/acr-harmonized-data-model/EnumEDAMFormats,EnumEDAMFormats
File,format,edam:format_3014,LAV format of alignments generated by BLASTZ and LASTZ.,LAV,edam:format_3014,https://anvilproject.github.io/acr-harmonized-data-model/EnumEDAMFormats,EnumEDAMFormats
File,format,edam:format_3015,Pileup format of alignment of sequences (e.g. sequencing reads) to (a) reference sequence(s). Contains aligned bases per base of the reference sequence(s).,Pileup,edam:format_3015,https://anvilproject.github.io/acr-harmonized-data-model/EnumEDAMFormats,EnumEDAMFormats
File,format,edam:format_3016,Variant Call Format (VCF) is tabular format for storing genomic sequence variations.,VCF,edam:format_3016,https://anvilproject.github.io/acr-harmonized-data-model/EnumEDAMFormats,EnumEDAMFormats
File,format,edam:format_3017,Sequence Read Format (SRF) of sequence trace data. Supports submission to the NCBI Short Read Archive.,SRF,edam:format_3017,https://anvilproject.github.io/acr-harmonized-data-model/EnumEDAMFormats,EnumEDAMFormats
File,format,edam:format_3018,ZTR format for storing chromatogram data from DNA sequencing instruments.,ZTR,edam:format_3018,https://anvilproject.github.io/acr-harmonized-data-model/EnumEDAMFormats,EnumEDAMFormats
File,format,edam:format_3019,Genome Variation Format (GVF). A GFF3-compatible format with defined header and attribute tags for sequence variation.,GVF,edam:format_3019,https://anvilproject.github.io/acr-harmonized-data-model/EnumEDAMFormats,EnumEDAMFormats
File,format,edam:format_3020,"BCF is the binary version of Variant Call Format (VCF) for sequence variation (indels, polymorphisms, structural variation).",BCF,edam:format_3020,https://anvilproject.github.io/acr-harmonized-data-model/EnumEDAMFormats,EnumEDAMFormats
File,format,edam:format_3033,Format of a matrix (array) of numerical values.,Matrix format,edam:format_3033,https://anvilproject.github.io/acr-harmonized-data-model/EnumEDAMFormats,EnumEDAMFormats
File,format,edam:format_3097,Format of data concerning the classification of the sequences and/or structures of protein structural domain(s).,Protein domain classification format,edam:format_3097,https://anvilproject.github.io/acr-harmonized-data-model/EnumEDAMFormats,EnumEDAMFormats
File,format,edam:format_3098,Format of raw SCOP domain classification data files.,Raw SCOP domain classification format,edam:format_3098,https://anvilproject.github.io/acr-harmonized-data-model/EnumEDAMFormats,EnumEDAMFormats
File,format,edam:format_3099,Format of raw CATH domain classification data files.,Raw CATH domain classification format,edam:format_3099,https://anvilproject.github.io/acr-harmonized-data-model/EnumEDAMFormats,EnumEDAMFormats
File,format,edam:format_3100,Format of summary of domain classification information for a CATH domain.,CATH domain report format,edam:format_3100,https://anvilproject.github.io/acr-harmonized-data-model/EnumEDAMFormats,EnumEDAMFormats
File,format,edam:format_3155,"Systems Biology Result Markup Language (SBRML), the standard XML format for simulated or calculated results (e.g. trajectories) of systems biology models.",SBRML,edam:format_3155,https://anvilproject.github.io/acr-harmonized-data-model/EnumEDAMFormats,EnumEDAMFormats
File,format,edam:format_3156,"BioPAX is an exchange format for pathway data, with its data model defined in OWL.",BioPAX,edam:format_3156,https://anvilproject.github.io/acr-harmonized-data-model/EnumEDAMFormats,EnumEDAMFormats
File,format,edam:format_3157,EBI Application Result XML is a format returned by sequence similarity search Web services at EBI.,EBI Application Result XML,edam:format_3157,https://anvilproject.github.io/acr-harmonized-data-model/EnumEDAMFormats,EnumEDAMFormats
File,format,edam:format_3158,"XML Molecular Interaction Format (MIF), standardised by HUPO PSI MI.",PSI MI XML (MIF),edam:format_3158,https://anvilproject.github.io/acr-harmonized-data-model/EnumEDAMFormats,EnumEDAMFormats
File,format,edam:format_3159,"phyloXML is a standardised XML format for phylogenetic trees, networks, and associated data.",phyloXML,edam:format_3159,https://anvilproject.github.io/acr-harmonized-data-model/EnumEDAMFormats,EnumEDAMFormats
File,format,edam:format_3160,NeXML is a standardised XML format for rich phyloinformatic data.,NeXML,edam:format_3160,https://anvilproject.github.io/acr-harmonized-data-model/EnumEDAMFormats,EnumEDAMFormats
File,format,edam:format_3161,"MAGE-ML XML format for microarray expression data, standardised by MGED (now FGED).",MAGE-ML,edam:format_3161,https://anvilproject.github.io/acr-harmonized-data-model/EnumEDAMFormats,EnumEDAMFormats
File,format,edam:format_3162,"MAGE-TAB textual format for microarray expression data, standardised by MGED (now FGED).",MAGE-TAB,edam:format_3162,https://anvilproject.github.io/acr-harmonized-data-model/EnumEDAMFormats,EnumEDAMFormats
File,format,edam:format_3163,"GCDML XML format for genome and metagenome metadata according to MIGS/MIMS/MIMARKS information standards, standardised by the Genomic Standards Consortium (GSC).",GCDML,edam:format_3163,https://anvilproject.github.io/acr-harmonized-data-model/EnumEDAMFormats,EnumEDAMFormats
File,format,edam:format_3164,"GTrack is a generic and optimised tabular format for genome or sequence feature tracks. GTrack unifies the power of other track formats (e.g. GFF3, BED, WIG), and while optimised in size, adds more flexibility, customisation, and automation (""machine understandability"").",GTrack,edam:format_3164,https://anvilproject.github.io/acr-harmonized-data-model/EnumEDAMFormats,EnumEDAMFormats
File,format,edam:format_3166,Data format for a report of information derived from a biological pathway or network.,Biological pathway or network report format,edam:format_3166,https://anvilproject.github.io/acr-harmonized-data-model/EnumEDAMFormats,EnumEDAMFormats
File,format,edam:format_3167,Data format for annotation on a laboratory experiment.,Experiment annotation format,edam:format_3167,https://anvilproject.github.io/acr-harmonized-data-model/EnumEDAMFormats,EnumEDAMFormats
File,format,edam:format_3235,Cytoband format for chromosome cytobands.,Cytoband format,edam:format_3235,https://anvilproject.github.io/acr-harmonized-data-model/EnumEDAMFormats,EnumEDAMFormats
File,format,edam:format_3239,"CopasiML, the native format of COPASI.",CopasiML,edam:format_3239,https://anvilproject.github.io/acr-harmonized-data-model/EnumEDAMFormats,EnumEDAMFormats
File,format,edam:format_3240,"CellML, the format for mathematical models of biological and other networks.",CellML,edam:format_3240,https://anvilproject.github.io/acr-harmonized-data-model/EnumEDAMFormats,EnumEDAMFormats
File,format,edam:format_3242,"Tabular Molecular Interaction format (MITAB), standardised by HUPO PSI MI.",PSI MI TAB (MITAB),edam:format_3242,https://anvilproject.github.io/acr-harmonized-data-model/EnumEDAMFormats,EnumEDAMFormats
File,format,edam:format_3243,"Protein affinity format (PSI-PAR), standardised by HUPO PSI MI. It is compatible with PSI MI XML (MIF) and uses the same XML Schema.",PSI-PAR,edam:format_3243,https://anvilproject.github.io/acr-harmonized-data-model/EnumEDAMFormats,EnumEDAMFormats
File,format,edam:format_3244,"mzML format for raw spectrometer output data, standardised by HUPO PSI MSS.",mzML,edam:format_3244,https://anvilproject.github.io/acr-harmonized-data-model/EnumEDAMFormats,EnumEDAMFormats
File,format,edam:format_3245,"Format for mass pectra and derived data, include peptide sequences etc.",Mass spectrometry data format,edam:format_3245,https://anvilproject.github.io/acr-harmonized-data-model/EnumEDAMFormats,EnumEDAMFormats
File,format,edam:format_3246,"TraML (Transition Markup Language) is the format for mass spectrometry transitions, standardised by HUPO PSI MSS.",TraML,edam:format_3246,https://anvilproject.github.io/acr-harmonized-data-model/EnumEDAMFormats,EnumEDAMFormats
File,format,edam:format_3247,"mzIdentML is the exchange format for peptides and proteins identified from mass spectra, standardised by HUPO PSI PI. It can be used for outputs of proteomics search engines.",mzIdentML,edam:format_3247,https://anvilproject.github.io/acr-harmonized-data-model/EnumEDAMFormats,EnumEDAMFormats
File,format,edam:format_3248,"mzQuantML is the format for quantitation values associated with peptides, proteins and small molecules from mass spectra, standardised by HUPO PSI PI. It can be used for outputs of quantitation software for proteomics.",mzQuantML,edam:format_3248,https://anvilproject.github.io/acr-harmonized-data-model/EnumEDAMFormats,EnumEDAMFormats
File,format,edam:format_3249,"GelML is the format for describing the process of gel electrophoresis, standardised by HUPO PSI PS.",GelML,edam:format_3249,https://anvilproject.github.io/acr-harmonized-data-model/EnumEDAMFormats,EnumEDAMFormats
File,format,edam:format_3250,"spML is the format for describing proteomics sample processing, other than using gels, prior to mass spectrometric protein identification, standardised by HUPO PSI PS. It may also be applicable for metabolomics.",spML,edam:format_3250,https://anvilproject.github.io/acr-harmonized-data-model/EnumEDAMFormats,EnumEDAMFormats
File,format,edam:format_3252,A human-readable encoding for the Web Ontology Language (OWL).,OWL Functional Syntax,edam:format_3252,https://anvilproject.github.io/acr-harmonized-data-model/EnumEDAMFormats,EnumEDAMFormats
File,format,edam:format_3253,A syntax for writing OWL class expressions.,Manchester OWL Syntax,edam:format_3253,https://anvilproject.github.io/acr-harmonized-data-model/EnumEDAMFormats,EnumEDAMFormats
File,format,edam:format_3254,"A superset of the ""Description-Logic Knowledge Representation System Specification from the KRSS Group of the ARPA Knowledge Sharing Effort"".",KRSS2 Syntax,edam:format_3254,https://anvilproject.github.io/acr-harmonized-data-model/EnumEDAMFormats,EnumEDAMFormats
File,format,edam:format_3255,The Terse RDF Triple Language (Turtle) is a human-friendly serialisation format for RDF (Resource Description Framework) graphs.,Turtle,edam:format_3255,https://anvilproject.github.io/acr-harmonized-data-model/EnumEDAMFormats,EnumEDAMFormats
File,format,edam:format_3256,"A plain text serialisation format for RDF (Resource Description Framework) graphs, and a subset of the Turtle (Terse RDF Triple Language) format.",N-Triples,edam:format_3256,https://anvilproject.github.io/acr-harmonized-data-model/EnumEDAMFormats,EnumEDAMFormats
File,format,edam:format_3257,"A shorthand non-XML serialisation of Resource Description Framework model, designed with human-readability in mind.",Notation3,edam:format_3257,https://anvilproject.github.io/acr-harmonized-data-model/EnumEDAMFormats,EnumEDAMFormats
File,format,edam:format_3261,Resource Description Framework (RDF) XML format.,RDF/XML,edam:format_3261,https://anvilproject.github.io/acr-harmonized-data-model/EnumEDAMFormats,EnumEDAMFormats
File,format,edam:format_3262,OWL ontology XML serialisation format.,OWL/XML,edam:format_3262,https://anvilproject.github.io/acr-harmonized-data-model/EnumEDAMFormats,EnumEDAMFormats
File,format,edam:format_3281,The A2M format is used as the primary format for multiple alignments of protein or nucleic-acid sequences in the SAM suite of tools. It is a small modification of FASTA format for sequences and is compatible with most tools that read FASTA.,A2M,edam:format_3281,https://anvilproject.github.io/acr-harmonized-data-model/EnumEDAMFormats,EnumEDAMFormats
File,format,edam:format_3284,Standard flowgram format (SFF) is a binary file format used to encode results of pyrosequencing from the 454 Life Sciences platform for high-throughput sequencing.,SFF,edam:format_3284,https://anvilproject.github.io/acr-harmonized-data-model/EnumEDAMFormats,EnumEDAMFormats
File,format,edam:format_3285,The MAP file describes SNPs and is used by the Plink package.,MAP,edam:format_3285,https://anvilproject.github.io/acr-harmonized-data-model/EnumEDAMFormats,EnumEDAMFormats
File,format,edam:format_3286,The PED file describes individuals and genetic data and is used by the Plink package.,PED,edam:format_3286,https://anvilproject.github.io/acr-harmonized-data-model/EnumEDAMFormats,EnumEDAMFormats
File,format,edam:format_3287,Data format for a metadata on an individual and their genetic data.,Individual genetic data format,edam:format_3287,https://anvilproject.github.io/acr-harmonized-data-model/EnumEDAMFormats,EnumEDAMFormats
File,format,edam:format_3288,The PED/MAP file describes data used by the Plink package.,PED/MAP,edam:format_3288,https://anvilproject.github.io/acr-harmonized-data-model/EnumEDAMFormats,EnumEDAMFormats
File,format,edam:format_3309,File format of a CT (Connectivity Table) file from the RNAstructure package.,CT,edam:format_3309,https://anvilproject.github.io/acr-harmonized-data-model/EnumEDAMFormats,EnumEDAMFormats
File,format,edam:format_3310,XRNA old input style format.,SS,edam:format_3310,https://anvilproject.github.io/acr-harmonized-data-model/EnumEDAMFormats,EnumEDAMFormats
File,format,edam:format_3311,RNA Markup Language.,RNAML,edam:format_3311,https://anvilproject.github.io/acr-harmonized-data-model/EnumEDAMFormats,EnumEDAMFormats
File,format,edam:format_3312,Format for the Genetic Data Environment (GDE).,GDE,edam:format_3312,https://anvilproject.github.io/acr-harmonized-data-model/EnumEDAMFormats,EnumEDAMFormats
File,format,edam:format_3313,"A multiple alignment in vertical format, as used in the AMPS (Alignment of Multiple Protein Sequences) package.",BLC,edam:format_3313,https://anvilproject.github.io/acr-harmonized-data-model/EnumEDAMFormats,EnumEDAMFormats
File,format,edam:format_3326,Format of a data index of some type.,Data index format,edam:format_3326,https://anvilproject.github.io/acr-harmonized-data-model/EnumEDAMFormats,EnumEDAMFormats
File,format,edam:format_3327,BAM indexing format.,BAI,edam:format_3327,https://anvilproject.github.io/acr-harmonized-data-model/EnumEDAMFormats,EnumEDAMFormats
File,format,edam:format_3328,HMMER profile HMM file for HMMER versions 2.x.,HMMER2,edam:format_3328,https://anvilproject.github.io/acr-harmonized-data-model/EnumEDAMFormats,EnumEDAMFormats
File,format,edam:format_3329,HMMER profile HMM file for HMMER versions 3.x.,HMMER3,edam:format_3329,https://anvilproject.github.io/acr-harmonized-data-model/EnumEDAMFormats,EnumEDAMFormats
File,format,edam:format_3330,PO is the output format of Partial Order Alignment program (POA) performing Multiple Sequence Alignment (MSA).,PO,edam:format_3330,https://anvilproject.github.io/acr-harmonized-data-model/EnumEDAMFormats,EnumEDAMFormats
File,format,edam:format_3331,XML format as produced by the NCBI Blast package.,BLAST XML results format,edam:format_3331,https://anvilproject.github.io/acr-harmonized-data-model/EnumEDAMFormats,EnumEDAMFormats
File,format,edam:format_3462,Reference-based compression of alignment format.,CRAM,edam:format_3462,https://anvilproject.github.io/acr-harmonized-data-model/EnumEDAMFormats,EnumEDAMFormats
File,format,edam:format_3464,"JavaScript Object Notation format; a lightweight, text-based format to represent tree-structured data using key-value pairs.",JSON,edam:format_3464,https://anvilproject.github.io/acr-harmonized-data-model/EnumEDAMFormats,EnumEDAMFormats
File,format,edam:format_3466,Encapsulated PostScript format.,EPS,edam:format_3466,https://anvilproject.github.io/acr-harmonized-data-model/EnumEDAMFormats,EnumEDAMFormats
File,format,edam:format_3467,Graphics Interchange Format.,GIF,edam:format_3467,https://anvilproject.github.io/acr-harmonized-data-model/EnumEDAMFormats,EnumEDAMFormats
File,format,edam:format_3468,Microsoft Excel spreadsheet format.,xls,edam:format_3468,https://anvilproject.github.io/acr-harmonized-data-model/EnumEDAMFormats,EnumEDAMFormats
File,format,edam:format_3475,Tabular data represented as tab-separated values in a text file.,TSV,edam:format_3475,https://anvilproject.github.io/acr-harmonized-data-model/EnumEDAMFormats,EnumEDAMFormats
File,format,edam:format_3477,Format of the cytoscape input file of gene expression ratios or values are specified over one or more experiments.,Cytoscape input file format,edam:format_3477,https://anvilproject.github.io/acr-harmonized-data-model/EnumEDAMFormats,EnumEDAMFormats
File,format,edam:format_3484,"Bowtie format for indexed reference genome for ""small"" genomes.",ebwt,edam:format_3484,https://anvilproject.github.io/acr-harmonized-data-model/EnumEDAMFormats,EnumEDAMFormats
File,format,edam:format_3485,Rich sequence format.,RSF,edam:format_3485,https://anvilproject.github.io/acr-harmonized-data-model/EnumEDAMFormats,EnumEDAMFormats
File,format,edam:format_3486,Some format based on the GCG format.,GCG format variant,edam:format_3486,https://anvilproject.github.io/acr-harmonized-data-model/EnumEDAMFormats,EnumEDAMFormats
File,format,edam:format_3487,Bioinformatics Sequence Markup Language format.,BSML,edam:format_3487,https://anvilproject.github.io/acr-harmonized-data-model/EnumEDAMFormats,EnumEDAMFormats
File,format,edam:format_3491,"Bowtie format for indexed reference genome for ""large"" genomes.",ebwtl,edam:format_3491,https://anvilproject.github.io/acr-harmonized-data-model/EnumEDAMFormats,EnumEDAMFormats
File,format,edam:format_3499,Ensembl standard format for variation data.,Ensembl variation file format,edam:format_3499,https://anvilproject.github.io/acr-harmonized-data-model/EnumEDAMFormats,EnumEDAMFormats
File,format,edam:format_3506,Microsoft Word format.,docx,edam:format_3506,https://anvilproject.github.io/acr-harmonized-data-model/EnumEDAMFormats,EnumEDAMFormats
File,format,edam:format_3507,"Format of documents including word processor, spreadsheet and presentation.",Document format,edam:format_3507,https://anvilproject.github.io/acr-harmonized-data-model/EnumEDAMFormats,EnumEDAMFormats
File,format,edam:format_3508,Portable Document Format.,PDF,edam:format_3508,https://anvilproject.github.io/acr-harmonized-data-model/EnumEDAMFormats,EnumEDAMFormats
File,format,edam:format_3547,Format used for images and image metadata.,Image format,edam:format_3547,https://anvilproject.github.io/acr-harmonized-data-model/EnumEDAMFormats,EnumEDAMFormats
File,format,edam:format_3548,Medical image format corresponding to the Digital Imaging and Communications in Medicine (DICOM) standard.,DICOM format,edam:format_3548,https://anvilproject.github.io/acr-harmonized-data-model/EnumEDAMFormats,EnumEDAMFormats
File,format,edam:format_3549,An open file format from the Neuroimaging Informatics Technology Initiative (NIfTI) commonly used to store brain imaging data obtained using Magnetic Resonance Imaging (MRI) methods.,nii,edam:format_3549,https://anvilproject.github.io/acr-harmonized-data-model/EnumEDAMFormats,EnumEDAMFormats
File,format,edam:format_3550,Text-based tagged file format for medical images generated using the MetaImage software package.,mhd,edam:format_3550,https://anvilproject.github.io/acr-harmonized-data-model/EnumEDAMFormats,EnumEDAMFormats
File,format,edam:format_3551,Nearly Raw Rasta Data format designed to support scientific visualisation and image processing involving N-dimensional raster data.,nrrd,edam:format_3551,https://anvilproject.github.io/acr-harmonized-data-model/EnumEDAMFormats,EnumEDAMFormats
File,format,edam:format_3554,"File format used for scripts written in the R programming language for execution within the R software environment, typically for statistical computation and graphics.",R file format,edam:format_3554,https://anvilproject.github.io/acr-harmonized-data-model/EnumEDAMFormats,EnumEDAMFormats
File,format,edam:format_3555,File format used for scripts for the Statistical Package for the Social Sciences.,SPSS,edam:format_3555,https://anvilproject.github.io/acr-harmonized-data-model/EnumEDAMFormats,EnumEDAMFormats
File,format,edam:format_3556,"MIME HTML format for Web pages, which can include external resources, including images, Flash animations and so on.",MHTML,edam:format_3556,https://anvilproject.github.io/acr-harmonized-data-model/EnumEDAMFormats,EnumEDAMFormats
File,format,edam:format_3578,Proprietary file format for (raw) BeadArray data used by genomewide profiling platforms from Illumina Inc. This format is output directly from the scanner and stores summary intensities for each probe-type on an array.,IDAT,edam:format_3578,https://anvilproject.github.io/acr-harmonized-data-model/EnumEDAMFormats,EnumEDAMFormats
File,format,edam:format_3579,Joint Picture Group file format for lossy graphics file.,JPG,edam:format_3579,https://anvilproject.github.io/acr-harmonized-data-model/EnumEDAMFormats,EnumEDAMFormats
File,format,edam:format_3580,"Reporter Code Count-A data file (.csv) output by the Nanostring nCounter Digital Analyzer, which contains gene sample information, probe information and probe counts.",rcc,edam:format_3580,https://anvilproject.github.io/acr-harmonized-data-model/EnumEDAMFormats,EnumEDAMFormats
File,format,edam:format_3581,ARFF (Attribute-Relation File Format) is an ASCII text file format that describes a list of instances sharing a set of attributes.,arff,edam:format_3581,https://anvilproject.github.io/acr-harmonized-data-model/EnumEDAMFormats,EnumEDAMFormats
File,format,edam:format_3582,AFG is a single text-based file assembly format that holds read and consensus information together.,afg,edam:format_3582,https://anvilproject.github.io/acr-harmonized-data-model/EnumEDAMFormats,EnumEDAMFormats
File,format,edam:format_3583,The bedGraph format allows display of continuous-valued data in track format. This display type is useful for probability scores and transcriptome data.,bedgraph,edam:format_3583,https://anvilproject.github.io/acr-harmonized-data-model/EnumEDAMFormats,EnumEDAMFormats
File,format,edam:format_3584,Browser Extensible Data (BED) format of sequence annotation track that strictly does not contain non-standard fields beyond the first 3 columns.,bedstrict,edam:format_3584,https://anvilproject.github.io/acr-harmonized-data-model/EnumEDAMFormats,EnumEDAMFormats
File,format,edam:format_3585,"BED file format where each feature is described by chromosome, start, end, name, score, and strand.",bed6,edam:format_3585,https://anvilproject.github.io/acr-harmonized-data-model/EnumEDAMFormats,EnumEDAMFormats
File,format,edam:format_3586,A BED file where each feature is described by all twelve columns.,bed12,edam:format_3586,https://anvilproject.github.io/acr-harmonized-data-model/EnumEDAMFormats,EnumEDAMFormats
File,format,edam:format_3587,Tabular format of chromosome names and sizes used by Galaxy.,chrominfo,edam:format_3587,https://anvilproject.github.io/acr-harmonized-data-model/EnumEDAMFormats,EnumEDAMFormats
File,format,edam:format_3588,Custom Sequence annotation track format used by Galaxy.,customtrack,edam:format_3588,https://anvilproject.github.io/acr-harmonized-data-model/EnumEDAMFormats,EnumEDAMFormats
File,format,edam:format_3589,Color space FASTA format sequence variant.,csfasta,edam:format_3589,https://anvilproject.github.io/acr-harmonized-data-model/EnumEDAMFormats,EnumEDAMFormats
File,format,edam:format_3590,"HDF5 is a data model, library, and file format for storing and managing data, based on Hierarchical Data Format (HDF).",HDF5,edam:format_3590,https://anvilproject.github.io/acr-harmonized-data-model/EnumEDAMFormats,EnumEDAMFormats
File,format,edam:format_3591,A versatile bitmap format.,TIFF,edam:format_3591,https://anvilproject.github.io/acr-harmonized-data-model/EnumEDAMFormats,EnumEDAMFormats
File,format,edam:format_3592,Standard bitmap storage format in the Microsoft Windows environment.,BMP,edam:format_3592,https://anvilproject.github.io/acr-harmonized-data-model/EnumEDAMFormats,EnumEDAMFormats
File,format,edam:format_3593,IM is a format used by LabEye and other applications based on the IFUNC image processing library.,im,edam:format_3593,https://anvilproject.github.io/acr-harmonized-data-model/EnumEDAMFormats,EnumEDAMFormats
File,format,edam:format_3594,"Photo CD format, which is the highest resolution format for images on a CD.",pcd,edam:format_3594,https://anvilproject.github.io/acr-harmonized-data-model/EnumEDAMFormats,EnumEDAMFormats
File,format,edam:format_3595,PCX is an image file format that uses a simple form of run-length encoding. It is lossless.,pcx,edam:format_3595,https://anvilproject.github.io/acr-harmonized-data-model/EnumEDAMFormats,EnumEDAMFormats
File,format,edam:format_3596,The PPM format is a lowest common denominator color image file format.,ppm,edam:format_3596,https://anvilproject.github.io/acr-harmonized-data-model/EnumEDAMFormats,EnumEDAMFormats
File,format,edam:format_3597,PSD (Photoshop Document) is a proprietary file that allows the user to work with the images' individual layers even after the file has been saved.,psd,edam:format_3597,https://anvilproject.github.io/acr-harmonized-data-model/EnumEDAMFormats,EnumEDAMFormats
File,format,edam:format_3598,X BitMap is a plain text binary image format used by the X Window System used for storing cursor and icon bitmaps used in the X GUI.,xbm,edam:format_3598,https://anvilproject.github.io/acr-harmonized-data-model/EnumEDAMFormats,EnumEDAMFormats
File,format,edam:format_3599,"X PixMap (XPM) is an image file format used by the X Window System, it is intended primarily for creating icon pixmaps, and supports transparent pixels.",xpm,edam:format_3599,https://anvilproject.github.io/acr-harmonized-data-model/EnumEDAMFormats,EnumEDAMFormats
File,format,edam:format_3600,RGB file format is the native raster graphics file format for Silicon Graphics workstations.,rgb,edam:format_3600,https://anvilproject.github.io/acr-harmonized-data-model/EnumEDAMFormats,EnumEDAMFormats
File,format,edam:format_3601,The PBM format is a lowest common denominator monochrome file format. It serves as the common language of a large family of bitmap image conversion filters.,pbm,edam:format_3601,https://anvilproject.github.io/acr-harmonized-data-model/EnumEDAMFormats,EnumEDAMFormats
File,format,edam:format_3602,The PGM format is a lowest common denominator grayscale file format.,pgm,edam:format_3602,https://anvilproject.github.io/acr-harmonized-data-model/EnumEDAMFormats,EnumEDAMFormats
File,format,edam:format_3603,PNG is a file format for image compression.,PNG,edam:format_3603,https://anvilproject.github.io/acr-harmonized-data-model/EnumEDAMFormats,EnumEDAMFormats
File,format,edam:format_3604,Scalable Vector Graphics (SVG) is an XML-based vector image format for two-dimensional graphics with support for interactivity and animation.,SVG,edam:format_3604,https://anvilproject.github.io/acr-harmonized-data-model/EnumEDAMFormats,EnumEDAMFormats
File,format,edam:format_3605,Sun Raster is a raster graphics file format used on SunOS by Sun Microsystems.,rast,edam:format_3605,https://anvilproject.github.io/acr-harmonized-data-model/EnumEDAMFormats,EnumEDAMFormats
File,format,edam:format_3606,Textual report format for sequence quality for reports from sequencing machines.,Sequence quality report format (text),edam:format_3606,https://anvilproject.github.io/acr-harmonized-data-model/EnumEDAMFormats,EnumEDAMFormats
File,format,edam:format_3607,FASTQ format subset for Phred sequencing quality score data only (no sequences).,qual,edam:format_3607,https://anvilproject.github.io/acr-harmonized-data-model/EnumEDAMFormats,EnumEDAMFormats
File,format,edam:format_3608,FASTQ format subset for Phred sequencing quality score data only (no sequences) for Solexa/Illumina 1.0 format.,qualsolexa,edam:format_3608,https://anvilproject.github.io/acr-harmonized-data-model/EnumEDAMFormats,EnumEDAMFormats
File,format,edam:format_3609,FASTQ format subset for Phred sequencing quality score data only (no sequences) from Illumina 1.5 and before Illumina 1.8.,qualillumina,edam:format_3609,https://anvilproject.github.io/acr-harmonized-data-model/EnumEDAMFormats,EnumEDAMFormats
File,format,edam:format_3610,FASTQ format subset for Phred sequencing quality score data only (no sequences) for SOLiD data.,qualsolid,edam:format_3610,https://anvilproject.github.io/acr-harmonized-data-model/EnumEDAMFormats,EnumEDAMFormats
File,format,edam:format_3611,FASTQ format subset for Phred sequencing quality score data only (no sequences) from 454 sequencers.,qual454,edam:format_3611,https://anvilproject.github.io/acr-harmonized-data-model/EnumEDAMFormats,EnumEDAMFormats
File,format,edam:format_3612,Human ENCODE peak format.,ENCODE peak format,edam:format_3612,https://anvilproject.github.io/acr-harmonized-data-model/EnumEDAMFormats,EnumEDAMFormats
File,format,edam:format_3613,Human ENCODE narrow peak format.,ENCODE narrow peak format,edam:format_3613,https://anvilproject.github.io/acr-harmonized-data-model/EnumEDAMFormats,EnumEDAMFormats
File,format,edam:format_3614,Human ENCODE broad peak format.,ENCODE broad peak format,edam:format_3614,https://anvilproject.github.io/acr-harmonized-data-model/EnumEDAMFormats,EnumEDAMFormats
File,format,edam:format_3615,Blocked GNU Zip format.,bgzip,edam:format_3615,https://anvilproject.github.io/acr-harmonized-data-model/EnumEDAMFormats,EnumEDAMFormats
File,format,edam:format_3616,TAB-delimited genome position file index format.,tabix,edam:format_3616,https://anvilproject.github.io/acr-harmonized-data-model/EnumEDAMFormats,EnumEDAMFormats
File,format,edam:format_3617,Data format for graph data.,Graph format,edam:format_3617,https://anvilproject.github.io/acr-harmonized-data-model/EnumEDAMFormats,EnumEDAMFormats
File,format,edam:format_3618,XML-based format used to store graph descriptions within Galaxy.,xgmml,edam:format_3618,https://anvilproject.github.io/acr-harmonized-data-model/EnumEDAMFormats,EnumEDAMFormats
File,format,edam:format_3619,SIF (simple interaction file) Format - a network/pathway format used for instance in cytoscape.,sif,edam:format_3619,https://anvilproject.github.io/acr-harmonized-data-model/EnumEDAMFormats,EnumEDAMFormats
File,format,edam:format_3620,MS Excel spreadsheet format consisting of a set of XML documents stored in a ZIP-compressed file.,xlsx,edam:format_3620,https://anvilproject.github.io/acr-harmonized-data-model/EnumEDAMFormats,EnumEDAMFormats
File,format,edam:format_3621,Data format used by the SQLite database.,SQLite format,edam:format_3621,https://anvilproject.github.io/acr-harmonized-data-model/EnumEDAMFormats,EnumEDAMFormats
File,format,edam:format_3622,Data format used by the SQLite database conformant to the Gemini schema.,Gemini SQLite format,edam:format_3622,https://anvilproject.github.io/acr-harmonized-data-model/EnumEDAMFormats,EnumEDAMFormats
File,format,edam:format_3624,"An index of a genome database, indexed for use by the snpeff tool.",snpeffdb,edam:format_3624,https://anvilproject.github.io/acr-harmonized-data-model/EnumEDAMFormats,EnumEDAMFormats
File,format,edam:format_3626,Binary format used by MATLAB files to store workspace variables.,MAT,edam:format_3626,https://anvilproject.github.io/acr-harmonized-data-model/EnumEDAMFormats,EnumEDAMFormats
File,format,edam:format_3650,"Format used by netCDF software library for writing and reading chromatography-MS data files. Also used to store trajectory atom coordinates information, such as the ones obtained by Molecular Dynamics simulations.",NetCDF,edam:format_3650,https://anvilproject.github.io/acr-harmonized-data-model/EnumEDAMFormats,EnumEDAMFormats
File,format,edam:format_3651,Mascot Generic Format. Encodes multiple MS/MS spectra in a single file.,MGF,edam:format_3651,https://anvilproject.github.io/acr-harmonized-data-model/EnumEDAMFormats,EnumEDAMFormats
File,format,edam:format_3652,Spectral data format file where each spectrum is written to a separate file.,dta,edam:format_3652,https://anvilproject.github.io/acr-harmonized-data-model/EnumEDAMFormats,EnumEDAMFormats
File,format,edam:format_3653,Spectral data file similar to dta.,pkl,edam:format_3653,https://anvilproject.github.io/acr-harmonized-data-model/EnumEDAMFormats,EnumEDAMFormats
File,format,edam:format_3654,Common file format for proteomics mass spectrometric data developed at the Seattle Proteome Center/Institute for Systems Biology.,mzXML,edam:format_3654,https://anvilproject.github.io/acr-harmonized-data-model/EnumEDAMFormats,EnumEDAMFormats
File,format,edam:format_3655,"Open data format for the storage, exchange, and processing of peptide sequence assignments of MS/MS scans, intended to provide a common data output format for many different MS/MS search engines and subsequent peptide-level analyses.",pepXML,edam:format_3655,https://anvilproject.github.io/acr-harmonized-data-model/EnumEDAMFormats,EnumEDAMFormats
File,format,edam:format_3657,Graphical Pathway Markup Language (GPML) is an XML format used for exchanging biological pathways.,GPML,edam:format_3657,https://anvilproject.github.io/acr-harmonized-data-model/EnumEDAMFormats,EnumEDAMFormats
File,format,edam:format_3665,A list of k-mers and their occurrences in a dataset. Can also be used as an implicit De Bruijn graph.,K-mer countgraph,edam:format_3665,https://anvilproject.github.io/acr-harmonized-data-model/EnumEDAMFormats,EnumEDAMFormats
File,format,edam:format_3681,"mzTab is a light-weight, tab-delimited format for mass spectrometry-based proteomics data.",mzTab,edam:format_3681,https://anvilproject.github.io/acr-harmonized-data-model/EnumEDAMFormats,EnumEDAMFormats
File,format,edam:format_3682,imzML metadata is a data format for mass spectrometry imaging metadata.,imzML metadata file,edam:format_3682,https://anvilproject.github.io/acr-harmonized-data-model/EnumEDAMFormats,EnumEDAMFormats
File,format,edam:format_3683,qcML is an XML format for quality-related data of mass spectrometry and other high-throughput measurements.,qcML,edam:format_3683,https://anvilproject.github.io/acr-harmonized-data-model/EnumEDAMFormats,EnumEDAMFormats
File,format,edam:format_3684,"PRIDE XML is an XML format for mass spectra, peptide and protein identifications, and metadata about a corresponding measurement, sample, experiment.",PRIDE XML,edam:format_3684,https://anvilproject.github.io/acr-harmonized-data-model/EnumEDAMFormats,EnumEDAMFormats
File,format,edam:format_3685,"Simulation Experiment Description Markup Language (SED-ML) is an XML format for encoding simulation setups, according to the MIASE (Minimum Information About a Simulation Experiment) requirements.",SED-ML,edam:format_3685,https://anvilproject.github.io/acr-harmonized-data-model/EnumEDAMFormats,EnumEDAMFormats
File,format,edam:format_3686,Open Modeling EXchange format (OMEX) is a ZIPped format for encapsulating all information necessary for a modeling and simulation project in systems biology.,COMBINE OMEX,edam:format_3686,https://anvilproject.github.io/acr-harmonized-data-model/EnumEDAMFormats,EnumEDAMFormats
File,format,edam:format_3687,"ISA-Tab stands for Investigation / Study / Assay (ISA) tab-delimited (Tab) format, and it is comprised of metadata describing observational or experimental scientific studies.",ISA-Tab,edam:format_3687,https://anvilproject.github.io/acr-harmonized-data-model/EnumEDAMFormats,EnumEDAMFormats
File,format,edam:format_3688,SBtab is a tabular format for biochemical network models.,SBtab,edam:format_3688,https://anvilproject.github.io/acr-harmonized-data-model/EnumEDAMFormats,EnumEDAMFormats
File,format,edam:format_3689,Biological Connection Markup Language (BCML) is an XML format for biological pathways.,BCML,edam:format_3689,https://anvilproject.github.io/acr-harmonized-data-model/EnumEDAMFormats,EnumEDAMFormats
File,format,edam:format_3690,Biological Dynamics Markup Language (BDML) is an XML format for quantitative data describing biological dynamics.,BDML,edam:format_3690,https://anvilproject.github.io/acr-harmonized-data-model/EnumEDAMFormats,EnumEDAMFormats
File,format,edam:format_3691,Biological Expression Language (BEL) is a textual format for representing scientific findings in life sciences in a computable form.,BEL,edam:format_3691,https://anvilproject.github.io/acr-harmonized-data-model/EnumEDAMFormats,EnumEDAMFormats
File,format,edam:format_3692,SBGN-ML is an XML format for Systems Biology Graphical Notation (SBGN) diagrams of biological pathways or networks.,SBGN-ML,edam:format_3692,https://anvilproject.github.io/acr-harmonized-data-model/EnumEDAMFormats,EnumEDAMFormats
File,format,edam:format_3693,"AGP is a tabular format for a sequence assembly (a contig, a scaffold/supercontig, or a chromosome).",AGP,edam:format_3693,https://anvilproject.github.io/acr-harmonized-data-model/EnumEDAMFormats,EnumEDAMFormats
File,format,edam:format_3696,PostScript format.,PS,edam:format_3696,https://anvilproject.github.io/acr-harmonized-data-model/EnumEDAMFormats,EnumEDAMFormats
File,format,edam:format_3698,SRA archive format (SRA) is the archive format used for input to the NCBI Sequence Read Archive.,SRA format,edam:format_3698,https://anvilproject.github.io/acr-harmonized-data-model/EnumEDAMFormats,EnumEDAMFormats
File,format,edam:format_3699,VDB ('vertical database') is the native format used for export from the NCBI Sequence Read Archive.,VDB,edam:format_3699,https://anvilproject.github.io/acr-harmonized-data-model/EnumEDAMFormats,EnumEDAMFormats
File,format,edam:format_3701,"A five-column, tab-delimited table of feature locations and qualifiers for importing annotation into an existing Sequin submission (an NCBI tool for submitting and updating GenBank entries).",Sequin format,edam:format_3701,https://anvilproject.github.io/acr-harmonized-data-model/EnumEDAMFormats,EnumEDAMFormats
File,format,edam:format_3702,Proprietary mass-spectrometry format of Thermo Scientific's ProteomeDiscoverer software.,MSF,edam:format_3702,https://anvilproject.github.io/acr-harmonized-data-model/EnumEDAMFormats,EnumEDAMFormats
File,format,edam:format_3706,Data format for biodiversity data.,Biodiversity data format,edam:format_3706,https://anvilproject.github.io/acr-harmonized-data-model/EnumEDAMFormats,EnumEDAMFormats
File,format,edam:format_3708,Exchange format of the Access to Biological Collections Data (ABCD) Schema; a standard for the access to and exchange of data about specimens and observations (primary biodiversity data).,ABCD format,edam:format_3708,https://anvilproject.github.io/acr-harmonized-data-model/EnumEDAMFormats,EnumEDAMFormats
File,format,edam:format_3709,"Tab-delimited text files of GenePattern that contain a column for each sample, a row for each gene, and an expression value for each gene in each sample.",GCT/Res format,edam:format_3709,https://anvilproject.github.io/acr-harmonized-data-model/EnumEDAMFormats,EnumEDAMFormats
File,format,edam:format_3710,Mass spectrum file format from QSTAR and QTRAP instruments (ABI/Sciex).,WIFF format,edam:format_3710,https://anvilproject.github.io/acr-harmonized-data-model/EnumEDAMFormats,EnumEDAMFormats
File,format,edam:format_3711,Output format used by X! series search engines that is based on the XML language BIOML.,X!Tandem XML,edam:format_3711,https://anvilproject.github.io/acr-harmonized-data-model/EnumEDAMFormats,EnumEDAMFormats
File,format,edam:format_3712,Proprietary file format for mass spectrometry data from Thermo Scientific.,Thermo RAW,edam:format_3712,https://anvilproject.github.io/acr-harmonized-data-model/EnumEDAMFormats,EnumEDAMFormats
File,format,edam:format_3713,"""Raw"" result file from Mascot database search.",Mascot .dat file,edam:format_3713,https://anvilproject.github.io/acr-harmonized-data-model/EnumEDAMFormats,EnumEDAMFormats
File,format,edam:format_3714,Format of peak list files from Andromeda search engine (MaxQuant) that consist of arbitrarily many spectra.,MaxQuant APL peaklist format,edam:format_3714,https://anvilproject.github.io/acr-harmonized-data-model/EnumEDAMFormats,EnumEDAMFormats
File,format,edam:format_3725,Synthetic Biology Open Language (SBOL) is an XML format for the specification and exchange of biological design information in synthetic biology.,SBOL,edam:format_3725,https://anvilproject.github.io/acr-harmonized-data-model/EnumEDAMFormats,EnumEDAMFormats
File,format,edam:format_3726,PMML uses XML to represent mining models. The structure of the models is described by an XML Schema.,PMML,edam:format_3726,https://anvilproject.github.io/acr-harmonized-data-model/EnumEDAMFormats,EnumEDAMFormats
File,format,edam:format_3727,Image file format used by the Open Microscopy Environment (OME).,OME-TIFF,edam:format_3727,https://anvilproject.github.io/acr-harmonized-data-model/EnumEDAMFormats,EnumEDAMFormats
File,format,edam:format_3728,"The LocARNA PP format combines sequence or alignment information and (respectively, single or consensus) ensemble probabilities into an PP 2.0 record.",LocARNA PP,edam:format_3728,https://anvilproject.github.io/acr-harmonized-data-model/EnumEDAMFormats,EnumEDAMFormats
File,format,edam:format_3729,Input format used by the Database of Genotypes and Phenotypes (dbGaP).,dbGaP format,edam:format_3729,https://anvilproject.github.io/acr-harmonized-data-model/EnumEDAMFormats,EnumEDAMFormats
File,format,edam:format_3746,The BIological Observation Matrix (BIOM) is a format for representing biological sample by observation contingency tables in broad areas of comparative omics. The primary use of this format is to represent OTU tables and metagenome tables.,BIOM format,edam:format_3746,https://anvilproject.github.io/acr-harmonized-data-model/EnumEDAMFormats,EnumEDAMFormats
File,format,edam:format_3747,"A format for storage, exchange, and processing of protein identifications created from ms/ms-derived peptide sequence data.",protXML,edam:format_3747,https://anvilproject.github.io/acr-harmonized-data-model/EnumEDAMFormats,EnumEDAMFormats
File,format,edam:format_3748,"A linked data format enables publishing structured data as linked data (Linked Data), so that the data can be interlinked and become more useful through semantic queries.",Linked data format,edam:format_3748,https://anvilproject.github.io/acr-harmonized-data-model/EnumEDAMFormats,EnumEDAMFormats
File,format,edam:format_3749,"JSON-LD, or JavaScript Object Notation for Linked Data, is a method of encoding Linked Data using JSON.",JSON-LD,edam:format_3749,https://anvilproject.github.io/acr-harmonized-data-model/EnumEDAMFormats,EnumEDAMFormats
File,format,edam:format_3750,YAML (YAML Ain't Markup Language) is a human-readable tree-structured data serialisation language.,YAML,edam:format_3750,https://anvilproject.github.io/acr-harmonized-data-model/EnumEDAMFormats,EnumEDAMFormats
File,format,edam:format_3751,Tabular data represented as values in a text file delimited by some character.,DSV,edam:format_3751,https://anvilproject.github.io/acr-harmonized-data-model/EnumEDAMFormats,EnumEDAMFormats
File,format,edam:format_3752,Tabular data represented as comma-separated values in a text file.,CSV,edam:format_3752,https://anvilproject.github.io/acr-harmonized-data-model/EnumEDAMFormats,EnumEDAMFormats
File,format,edam:format_3758,"""Raw"" result file from SEQUEST database search.",SEQUEST .out file,edam:format_3758,https://anvilproject.github.io/acr-harmonized-data-model/EnumEDAMFormats,EnumEDAMFormats
File,format,edam:format_3764,XML file format for files containing information about peptide identifications from mass spectrometry data analysis carried out with OpenMS.,idXML,edam:format_3764,https://anvilproject.github.io/acr-harmonized-data-model/EnumEDAMFormats,EnumEDAMFormats
File,format,edam:format_3765,Data table formatted such that it can be passed/streamed within the KNIME platform.,KNIME datatable format,edam:format_3765,https://anvilproject.github.io/acr-harmonized-data-model/EnumEDAMFormats,EnumEDAMFormats
File,format,edam:format_3770,UniProtKB XML sequence features format is an XML format available for downloading UniProt entries.,UniProtKB XML,edam:format_3770,https://anvilproject.github.io/acr-harmonized-data-model/EnumEDAMFormats,EnumEDAMFormats
File,format,edam:format_3771,UniProtKB RDF sequence features format is an RDF format available for downloading UniProt entries (in RDF/XML).,UniProtKB RDF,edam:format_3771,https://anvilproject.github.io/acr-harmonized-data-model/EnumEDAMFormats,EnumEDAMFormats
File,format,edam:format_3772,"BioJSON is a BioXSD-schema-based JSON format of sequence-based data and some other common data - sequence records, alignments, feature records, references to resources, and more - optimised for integrative bioinformatics, web applications and APIs, and object-oriented programming.",BioJSON (BioXSD),edam:format_3772,https://anvilproject.github.io/acr-harmonized-data-model/EnumEDAMFormats,EnumEDAMFormats
File,format,edam:format_3773,"BioYAML is a BioXSD-schema-based YAML format of sequence-based data and some other common data - sequence records, alignments, feature records, references to resources, and more - optimised for integrative bioinformatics, web APIs, human readability and editing, and object-oriented programming.",BioYAML,edam:format_3773,https://anvilproject.github.io/acr-harmonized-data-model/EnumEDAMFormats,EnumEDAMFormats
File,format,edam:format_3774,"BioJSON is a JSON format of single multiple sequence alignments, with their annotations, features, and custom visualisation and application settings for the Jalview workbench.",BioJSON (Jalview),edam:format_3774,https://anvilproject.github.io/acr-harmonized-data-model/EnumEDAMFormats,EnumEDAMFormats
File,format,edam:format_3775,"GSuite is a tabular format for collections of genome or sequence feature tracks, suitable for integrative multi-track analysis. GSuite contains links to genome/sequence tracks, with additional metadata.",GSuite,edam:format_3775,https://anvilproject.github.io/acr-harmonized-data-model/EnumEDAMFormats,EnumEDAMFormats
File,format,edam:format_3776,"BTrack is an HDF5-based binary format for genome or sequence feature tracks and their collections, suitable for integrative multi-track analysis. BTrack is a binary, compressed alternative to the GTrack and GSuite formats.",BTrack,edam:format_3776,https://anvilproject.github.io/acr-harmonized-data-model/EnumEDAMFormats,EnumEDAMFormats
File,format,edam:format_3777,The FAO/Bioversity/IPGRI Multi-Crop Passport Descriptors (MCPD) is an international standard format for exchange of germplasm information.,MCPD,edam:format_3777,https://anvilproject.github.io/acr-harmonized-data-model/EnumEDAMFormats,EnumEDAMFormats
File,format,edam:format_3780,"Data format of an annotated text, e.g. with recognised entities, concepts, and relations.",Annotated text format,edam:format_3780,https://anvilproject.github.io/acr-harmonized-data-model/EnumEDAMFormats,EnumEDAMFormats
File,format,edam:format_3781,JSON format of annotated scientific text used by PubAnnotations and other tools.,PubAnnotation format,edam:format_3781,https://anvilproject.github.io/acr-harmonized-data-model/EnumEDAMFormats,EnumEDAMFormats
File,format,edam:format_3782,BioC is a standardised XML format for sharing and integrating text data and annotations.,BioC,edam:format_3782,https://anvilproject.github.io/acr-harmonized-data-model/EnumEDAMFormats,EnumEDAMFormats
File,format,edam:format_3783,Native textual export format of annotated scientific text from PubTator.,PubTator format,edam:format_3783,https://anvilproject.github.io/acr-harmonized-data-model/EnumEDAMFormats,EnumEDAMFormats
File,format,edam:format_3784,"A format of text annotation using the linked-data Open Annotation Data Model, serialised typically in RDF or JSON-LD.",Open Annotation format,edam:format_3784,https://anvilproject.github.io/acr-harmonized-data-model/EnumEDAMFormats,EnumEDAMFormats
File,format,edam:format_3785,"A family of similar formats of text annotation, used by BRAT and other tools, known as BioNLP Shared Task format (BioNLP 2009 Shared Task on Event Extraction, BioNLP Shared Task 2011, BioNLP Shared Task 2013), BRAT format, BRAT standoff format, and similar.",BioNLP Shared Task format,edam:format_3785,https://anvilproject.github.io/acr-harmonized-data-model/EnumEDAMFormats,EnumEDAMFormats
File,format,edam:format_3787,A query language (format) for structured database queries.,Query language,edam:format_3787,https://anvilproject.github.io/acr-harmonized-data-model/EnumEDAMFormats,EnumEDAMFormats
File,format,edam:format_3788,SQL (Structured Query Language) is the de-facto standard query language (format of queries) for querying and manipulating data in relational databases.,SQL,edam:format_3788,https://anvilproject.github.io/acr-harmonized-data-model/EnumEDAMFormats,EnumEDAMFormats
File,format,edam:format_3789,"XQuery (XML Query) is a query language (format of queries) for querying and manipulating structured and unstructured data, usually in the form of XML, text, and with vendor-specific extensions for other data formats (JSON, binary, etc.).",XQuery,edam:format_3789,https://anvilproject.github.io/acr-harmonized-data-model/EnumEDAMFormats,EnumEDAMFormats
File,format,edam:format_3790,SPARQL (SPARQL Protocol and RDF Query Language) is a semantic query language for querying and manipulating data stored in Resource Description Framework (RDF) format.,SPARQL,edam:format_3790,https://anvilproject.github.io/acr-harmonized-data-model/EnumEDAMFormats,EnumEDAMFormats
File,format,edam:format_3804,XML format for XML Schema.,xsd,edam:format_3804,https://anvilproject.github.io/acr-harmonized-data-model/EnumEDAMFormats,EnumEDAMFormats
File,format,edam:format_3811,XMFA format stands for eXtended Multi-FastA format and is used to store collinear sub-alignments that constitute a single genome alignment.,XMFA,edam:format_3811,https://anvilproject.github.io/acr-harmonized-data-model/EnumEDAMFormats,EnumEDAMFormats
File,format,edam:format_3812,The GEN file format contains genetic data and describes SNPs.,GEN,edam:format_3812,https://anvilproject.github.io/acr-harmonized-data-model/EnumEDAMFormats,EnumEDAMFormats
File,format,edam:format_3813,"The SAMPLE file format contains information about each individual i.e. individual IDs, covariates, phenotypes and missing data proportions, from a GWAS study.",SAMPLE file format,edam:format_3813,https://anvilproject.github.io/acr-harmonized-data-model/EnumEDAMFormats,EnumEDAMFormats
File,format,edam:format_3814,SDF is one of a family of chemical-data file formats developed by MDL Information Systems; it is intended especially for structural information.,SDF,edam:format_3814,https://anvilproject.github.io/acr-harmonized-data-model/EnumEDAMFormats,EnumEDAMFormats
File,format,edam:format_3815,"An MDL Molfile is a file format for holding information about the atoms, bonds, connectivity and coordinates of a molecule.",Molfile,edam:format_3815,https://anvilproject.github.io/acr-harmonized-data-model/EnumEDAMFormats,EnumEDAMFormats
File,format,edam:format_3816,"Complete, portable representation of a SYBYL molecule. ASCII file which contains all the information needed to reconstruct a SYBYL molecule.",Mol2,edam:format_3816,https://anvilproject.github.io/acr-harmonized-data-model/EnumEDAMFormats,EnumEDAMFormats
File,format,edam:format_3817,format for the LaTeX document preparation system.,latex,edam:format_3817,https://anvilproject.github.io/acr-harmonized-data-model/EnumEDAMFormats,EnumEDAMFormats
File,format,edam:format_3818,Tab-delimited text file format used by Eland - the read-mapping program distributed by Illumina with its sequencing analysis pipeline - which maps short Solexa sequence reads to the human reference genome.,ELAND format,edam:format_3818,https://anvilproject.github.io/acr-harmonized-data-model/EnumEDAMFormats,EnumEDAMFormats
File,format,edam:format_3819,"Phylip multiple alignment sequence format, less stringent than PHYLIP format.",Relaxed PHYLIP Interleaved,edam:format_3819,https://anvilproject.github.io/acr-harmonized-data-model/EnumEDAMFormats,EnumEDAMFormats
File,format,edam:format_3820,"Phylip multiple alignment sequence format, less stringent than PHYLIP sequential format (format_1998).",Relaxed PHYLIP Sequential,edam:format_3820,https://anvilproject.github.io/acr-harmonized-data-model/EnumEDAMFormats,EnumEDAMFormats
File,format,edam:format_3821,"Default XML format of VisANT, containing all the network information.",VisML,edam:format_3821,https://anvilproject.github.io/acr-harmonized-data-model/EnumEDAMFormats,EnumEDAMFormats
File,format,edam:format_3822,"GML (Graph Modeling Language) is a text file format supporting network data with a very easy syntax. It is used by Graphlet, Pajek, yEd, LEDA and NetworkX.",GML,edam:format_3822,https://anvilproject.github.io/acr-harmonized-data-model/EnumEDAMFormats,EnumEDAMFormats
File,format,edam:format_3823,FASTG is a format for faithfully representing genome assemblies in the face of allelic polymorphism and assembly uncertainty.,FASTG,edam:format_3823,https://anvilproject.github.io/acr-harmonized-data-model/EnumEDAMFormats,EnumEDAMFormats
File,format,edam:format_3824,Data format for raw data from a nuclear magnetic resonance (NMR) spectroscopy experiment.,NMR data format,edam:format_3824,https://anvilproject.github.io/acr-harmonized-data-model/EnumEDAMFormats,EnumEDAMFormats
File,format,edam:format_3825,nmrML is an MSI supported XML-based open access format for metabolomics NMR raw and processed spectral data. It is accompanies by an nmrCV (controlled vocabulary) to allow ontology-based annotations.,nmrML,edam:format_3825,https://anvilproject.github.io/acr-harmonized-data-model/EnumEDAMFormats,EnumEDAMFormats
File,format,edam:format_3826,". proBAM is an adaptation of BAM (format_2572), which was extended to meet specific requirements entailed by proteomics data.",proBAM,edam:format_3826,https://anvilproject.github.io/acr-harmonized-data-model/EnumEDAMFormats,EnumEDAMFormats
File,format,edam:format_3827,". proBED is an adaptation of BED (format_3003), which was extended to meet specific requirements entailed by proteomics data.",proBED,edam:format_3827,https://anvilproject.github.io/acr-harmonized-data-model/EnumEDAMFormats,EnumEDAMFormats
File,format,edam:format_3828,Data format for raw microarray data.,Raw microarray data format,edam:format_3828,https://anvilproject.github.io/acr-harmonized-data-model/EnumEDAMFormats,EnumEDAMFormats
File,format,edam:format_3829,GenePix Results (GPR) text file format developed by Axon Instruments that is used to save GenePix Results data.,GPR,edam:format_3829,https://anvilproject.github.io/acr-harmonized-data-model/EnumEDAMFormats,EnumEDAMFormats
File,format,edam:format_3830,Binary format used by the ARB software suite.,ARB,edam:format_3830,https://anvilproject.github.io/acr-harmonized-data-model/EnumEDAMFormats,EnumEDAMFormats
File,format,edam:format_3832,OpenMS format for grouping features in one map or across several maps.,consensusXML,edam:format_3832,https://anvilproject.github.io/acr-harmonized-data-model/EnumEDAMFormats,EnumEDAMFormats
File,format,edam:format_3833,OpenMS format for quantitation results (LC/MS features).,featureXML,edam:format_3833,https://anvilproject.github.io/acr-harmonized-data-model/EnumEDAMFormats,EnumEDAMFormats
File,format,edam:format_3834,Now deprecated data format of the HUPO Proteomics Standards Initiative. Replaced by mzML (format_3244).,mzData,edam:format_3834,https://anvilproject.github.io/acr-harmonized-data-model/EnumEDAMFormats,EnumEDAMFormats
File,format,edam:format_3835,Format supported by the Tide tool for identifying peptides from tandem mass spectra.,TIDE TXT,edam:format_3835,https://anvilproject.github.io/acr-harmonized-data-model/EnumEDAMFormats,EnumEDAMFormats
File,format,edam:format_3836,XML format as produced by the NCBI Blast package v2.,BLAST XML v2 results format,edam:format_3836,https://anvilproject.github.io/acr-harmonized-data-model/EnumEDAMFormats,EnumEDAMFormats
File,format,edam:format_3838,Microsoft Powerpoint format.,pptx,edam:format_3838,https://anvilproject.github.io/acr-harmonized-data-model/EnumEDAMFormats,EnumEDAMFormats
File,format,edam:format_3839,ibd is a data format for mass spectrometry imaging data.,ibd,edam:format_3839,https://anvilproject.github.io/acr-harmonized-data-model/EnumEDAMFormats,EnumEDAMFormats
File,format,edam:format_3841,Data format used in Natural Language Processing.,NLP format,edam:format_3841,https://anvilproject.github.io/acr-harmonized-data-model/EnumEDAMFormats,EnumEDAMFormats
File,format,edam:format_3843,XML input file format for BEAST Software (Bayesian Evolutionary Analysis Sampling Trees).,BEAST,edam:format_3843,https://anvilproject.github.io/acr-harmonized-data-model/EnumEDAMFormats,EnumEDAMFormats
File,format,edam:format_3844,Chado-XML format is a direct mapping of the Chado relational schema into XML.,Chado-XML,edam:format_3844,https://anvilproject.github.io/acr-harmonized-data-model/EnumEDAMFormats,EnumEDAMFormats
File,format,edam:format_3845,"An alignment format generated by PRANK/PRANKSTER consisting of four elements: newick, nodes, selection and model.",HSAML,edam:format_3845,https://anvilproject.github.io/acr-harmonized-data-model/EnumEDAMFormats,EnumEDAMFormats
File,format,edam:format_3846,Output xml file from the InterProScan sequence analysis application.,InterProScan XML,edam:format_3846,https://anvilproject.github.io/acr-harmonized-data-model/EnumEDAMFormats,EnumEDAMFormats
File,format,edam:format_3847,"The KEGG Markup Language (KGML) is an exchange format of the KEGG pathway maps, which is converted from internally used KGML+ (KGML+SVG) format.",KGML,edam:format_3847,https://anvilproject.github.io/acr-harmonized-data-model/EnumEDAMFormats,EnumEDAMFormats
File,format,edam:format_3848,XML format for collected entries from bibliographic databases MEDLINE and PubMed.,PubMed XML,edam:format_3848,https://anvilproject.github.io/acr-harmonized-data-model/EnumEDAMFormats,EnumEDAMFormats
File,format,edam:format_3849,A set of XML compliant markup components for describing multiple sequence alignments.,MSAML,edam:format_3849,https://anvilproject.github.io/acr-harmonized-data-model/EnumEDAMFormats,EnumEDAMFormats
File,format,edam:format_3850,OrthoXML is designed broadly to allow the storage and comparison of orthology data from any ortholog database. It establishes a structure for describing orthology relationships while still allowing flexibility for database-specific information to be encapsulated in the same format.,OrthoXML,edam:format_3850,https://anvilproject.github.io/acr-harmonized-data-model/EnumEDAMFormats,EnumEDAMFormats
File,format,edam:format_3851,Tree structure of Protein Sequence Database Markup Language generated using Matra software.,PSDML,edam:format_3851,https://anvilproject.github.io/acr-harmonized-data-model/EnumEDAMFormats,EnumEDAMFormats
File,format,edam:format_3852,"SeqXML is an XML Schema to describe biological sequences, developed by the Stockholm Bioinformatics Centre.",SeqXML,edam:format_3852,https://anvilproject.github.io/acr-harmonized-data-model/EnumEDAMFormats,EnumEDAMFormats
File,format,edam:format_3853,XML format for the UniParc database.,UniParc XML,edam:format_3853,https://anvilproject.github.io/acr-harmonized-data-model/EnumEDAMFormats,EnumEDAMFormats
File,format,edam:format_3854,XML format for the UniRef reference clusters.,UniRef XML,edam:format_3854,https://anvilproject.github.io/acr-harmonized-data-model/EnumEDAMFormats,EnumEDAMFormats
File,format,edam:format_3857,Common Workflow Language (CWL) format for description of command-line tools and workflows.,CWL,edam:format_3857,https://anvilproject.github.io/acr-harmonized-data-model/EnumEDAMFormats,EnumEDAMFormats
File,format,edam:format_3858,Proprietary file format for mass spectrometry data from Waters.,Waters RAW,edam:format_3858,https://anvilproject.github.io/acr-harmonized-data-model/EnumEDAMFormats,EnumEDAMFormats
File,format,edam:format_3859,"A standardized file format for data exchange in mass spectrometry, initially developed for infrared spectrometry.",JCAMP-DX,edam:format_3859,https://anvilproject.github.io/acr-harmonized-data-model/EnumEDAMFormats,EnumEDAMFormats
File,format,edam:format_3862,An NLP format used for annotated textual documents.,NLP annotation format,edam:format_3862,https://anvilproject.github.io/acr-harmonized-data-model/EnumEDAMFormats,EnumEDAMFormats
File,format,edam:format_3863,NLP format used by a specific type of corpus (collection of texts).,NLP corpus format,edam:format_3863,https://anvilproject.github.io/acr-harmonized-data-model/EnumEDAMFormats,EnumEDAMFormats
File,format,edam:format_3864,mirGFF3 is a common format for microRNA data resulting from small-RNA RNA-Seq workflows.,mirGFF3,edam:format_3864,https://anvilproject.github.io/acr-harmonized-data-model/EnumEDAMFormats,EnumEDAMFormats
File,format,edam:format_3865,"A ""placeholder"" concept for formats of annotated RNA data, including e.g. microRNA and RNA-Seq data.",RNA annotation format,edam:format_3865,https://anvilproject.github.io/acr-harmonized-data-model/EnumEDAMFormats,EnumEDAMFormats
File,format,edam:format_3866,File format to store trajectory information for a 3D structure .,Trajectory format,edam:format_3866,https://anvilproject.github.io/acr-harmonized-data-model/EnumEDAMFormats,EnumEDAMFormats
File,format,edam:format_3867,Binary file format to store trajectory information for a 3D structure .,Trajectory format (binary),edam:format_3867,https://anvilproject.github.io/acr-harmonized-data-model/EnumEDAMFormats,EnumEDAMFormats
File,format,edam:format_3868,Textual file format to store trajectory information for a 3D structure .,Trajectory format (text),edam:format_3868,https://anvilproject.github.io/acr-harmonized-data-model/EnumEDAMFormats,EnumEDAMFormats
File,format,edam:format_3873,"HDF is the name of a set of file formats and libraries designed to store and organize large amounts of numerical data, originally developed at the National Center for Supercomputing Applications at the University of Illinois.",HDF,edam:format_3873,https://anvilproject.github.io/acr-harmonized-data-model/EnumEDAMFormats,EnumEDAMFormats
File,format,edam:format_3874,PCAZip format is a binary compressed file to store atom coordinates based on Essential Dynamics (ED) and Principal Component Analysis (PCA).,PCAzip,edam:format_3874,https://anvilproject.github.io/acr-harmonized-data-model/EnumEDAMFormats,EnumEDAMFormats
File,format,edam:format_3875,Portable binary format for trajectories produced by GROMACS package.,XTC,edam:format_3875,https://anvilproject.github.io/acr-harmonized-data-model/EnumEDAMFormats,EnumEDAMFormats
File,format,edam:format_3876,"Trajectory Next Generation (TNG) is a format for storage of molecular simulation data. It is designed and implemented by the GROMACS development group, and it is called to be the substitute of the XTC format.",TNG,edam:format_3876,https://anvilproject.github.io/acr-harmonized-data-model/EnumEDAMFormats,EnumEDAMFormats
File,format,edam:format_3877,"The XYZ chemical file format is widely supported by many programs, although many slightly different XYZ file formats coexist (Tinker XYZ, UniChem XYZ, etc.). Basic information stored for each atom in the system are x, y and z coordinates and atom element/atomic number.",XYZ,edam:format_3877,https://anvilproject.github.io/acr-harmonized-data-model/EnumEDAMFormats,EnumEDAMFormats
File,format,edam:format_3878,"AMBER trajectory (also called mdcrd), with 10 coordinates per line and format F8.3 (fixed point notation with field width 8 and 3 decimal places).",mdcrd,edam:format_3878,https://anvilproject.github.io/acr-harmonized-data-model/EnumEDAMFormats,EnumEDAMFormats
File,format,edam:format_3879,Format of topology files; containing the static information of a structure molecular system that is needed for a molecular simulation.,Topology format,edam:format_3879,https://anvilproject.github.io/acr-harmonized-data-model/EnumEDAMFormats,EnumEDAMFormats
File,format,edam:format_3880,"GROMACS MD package top textual files define an entire structure system topology, either directly, or by including itp files.",GROMACS top,edam:format_3880,https://anvilproject.github.io/acr-harmonized-data-model/EnumEDAMFormats,EnumEDAMFormats
File,format,edam:format_3881,"AMBER Prmtop file (version 7) is a structure topology text file divided in several sections designed to be parsed easily using simple Fortran code. Each section contains particular topology information, such as atom name, charge, mass, angles, dihedrals, etc.",AMBER top,edam:format_3881,https://anvilproject.github.io/acr-harmonized-data-model/EnumEDAMFormats,EnumEDAMFormats
File,format,edam:format_3882,"X-Plor Protein Structure Files (PSF) are structure topology files used by NAMD and CHARMM molecular simulations programs. PSF files contain six main sections of interest: atoms, bonds, angles, dihedrals, improper dihedrals (force terms used to maintain planarity) and cross-terms.",PSF,edam:format_3882,https://anvilproject.github.io/acr-harmonized-data-model/EnumEDAMFormats,EnumEDAMFormats
File,format,edam:format_3883,"GROMACS itp files (include topology) contain structure topology information, and are typically included in GROMACS topology files (GROMACS top). Itp files are used to define individual (or multiple) components of a topology as a separate file. This is particularly useful if there is a molecule that is used frequently, and also reduces the size of the system topology file, splitting it in different parts.",GROMACS itp,edam:format_3883,https://anvilproject.github.io/acr-harmonized-data-model/EnumEDAMFormats,EnumEDAMFormats
File,format,edam:format_3884,"Format of force field parameter files, which store the set of parameters (charges, masses, radii, bond lengths, bond dihedrals, etc.) that are essential for the proper description and simulation of a molecular system.",FF parameter format,edam:format_3884,https://anvilproject.github.io/acr-harmonized-data-model/EnumEDAMFormats,EnumEDAMFormats
File,format,edam:format_3885,Scripps Research Institute BinPos format is a binary formatted file to store atom coordinates.,BinPos,edam:format_3885,https://anvilproject.github.io/acr-harmonized-data-model/EnumEDAMFormats,EnumEDAMFormats
File,format,edam:format_3886,AMBER coordinate/restart file with 6 coordinates per line and decimal format F12.7 (fixed point notation with field width 12 and 7 decimal places).,RST,edam:format_3886,https://anvilproject.github.io/acr-harmonized-data-model/EnumEDAMFormats,EnumEDAMFormats
File,format,edam:format_3887,"Format of CHARMM Residue Topology Files (RTF), which define groups by including the atoms, the properties of the group, and bond and charge information.",CHARMM rtf,edam:format_3887,https://anvilproject.github.io/acr-harmonized-data-model/EnumEDAMFormats,EnumEDAMFormats
File,format,edam:format_3888,AMBER frcmod (Force field Modification) is a file format to store any modification to the standard force field needed for a particular molecule to be properly represented in the simulation.,AMBER frcmod,edam:format_3888,https://anvilproject.github.io/acr-harmonized-data-model/EnumEDAMFormats,EnumEDAMFormats
File,format,edam:format_3889,AMBER Object File Format library files (OFF library files) store residue libraries (forcefield residue parameters).,AMBER off,edam:format_3889,https://anvilproject.github.io/acr-harmonized-data-model/EnumEDAMFormats,EnumEDAMFormats
File,format,edam:format_3906,"MReData is a text based data standard for processed NMR data. It is relying on SDF molecule data and allows to store assignments of NMR peaks to molecule features. The NMR-extracted data (or ""NMReDATA"") includes: Chemical shift,scalar coupling, 2D correlation, assignment, etc.",NMReDATA,edam:format_3906,https://anvilproject.github.io/acr-harmonized-data-model/EnumEDAMFormats,EnumEDAMFormats
File,format,edam:format_3909,"BpForms is a string format for concretely representing the primary structures of biopolymers, including DNA, RNA, and proteins that include non-canonical nucleic and amino acids. See https://www.bpforms.org for more information.",BpForms,edam:format_3909,https://anvilproject.github.io/acr-harmonized-data-model/EnumEDAMFormats,EnumEDAMFormats
File,format,edam:format_3910,Format of trr files that contain the trajectory of a simulation experiment used by GROMACS.,trr,edam:format_3910,https://anvilproject.github.io/acr-harmonized-data-model/EnumEDAMFormats,EnumEDAMFormats
File,format,edam:format_3911,"Mash sketch is a format for sequence / sequence checksum information. To make a sketch, each k-mer in a sequence is hashed, which creates a pseudo-random identifier. By sorting these hashes, a small subset from the top of the sorted list can represent the entire sequence.",msh,edam:format_3911,https://anvilproject.github.io/acr-harmonized-data-model/EnumEDAMFormats,EnumEDAMFormats
File,format,edam:format_3913,"The Loom file format is based on HDF5, a standard for storing large numerical datasets. The Loom format is designed to efficiently hold large omics datasets. Typically, such data takes the form of a large matrix of numbers, along with metadata for the rows and columns.",Loom,edam:format_3913,https://anvilproject.github.io/acr-harmonized-data-model/EnumEDAMFormats,EnumEDAMFormats
File,format,edam:format_3915,"The Zarr format is an implementation of chunked, compressed, N-dimensional arrays for storing data.",Zarr,edam:format_3915,https://anvilproject.github.io/acr-harmonized-data-model/EnumEDAMFormats,EnumEDAMFormats
File,format,edam:format_3916,The Matrix Market matrix (MTX) format stores numerical or pattern matrices in a dense (array format) or sparse (coordinate format) representation.,MTX,edam:format_3916,https://anvilproject.github.io/acr-harmonized-data-model/EnumEDAMFormats,EnumEDAMFormats
File,format,edam:format_3951,BcForms is a format for abstractly describing the molecular structure (atoms and bonds) of macromolecular complexes as a collection of subunits and crosslinks. Each subunit can be described with BpForms (http://edamontology.org/format_3909) or SMILES (http://edamontology.org/data_2301). BcForms uses an ontology of crosslinks to abstract the chemical details of crosslinks from the descriptions of complexes (see https://bpforms.org/crosslink.html).,BcForms,edam:format_3951,https://anvilproject.github.io/acr-harmonized-data-model/EnumEDAMFormats,EnumEDAMFormats
File,format,edam:format_3956,"N-Quads is a line-based, plain text format for encoding an RDF dataset. It includes information about the graph each triple belongs to.",N-Quads,edam:format_3956,https://anvilproject.github.io/acr-harmonized-data-model/EnumEDAMFormats,EnumEDAMFormats
File,format,edam:format_3969,"Vega is a visualization grammar, a declarative language for creating, saving, and sharing interactive visualization designs. With Vega, you can describe the visual appearance and interactive behavior of a visualization in a JSON format, and generate web-based views using Canvas or SVG.",Vega,edam:format_3969,https://anvilproject.github.io/acr-harmonized-data-model/EnumEDAMFormats,EnumEDAMFormats
File,format,edam:format_3970,Vega-Lite is a high-level grammar of interactive graphics. It provides a concise JSON syntax for rapidly generating visualizations to support analysis. Vega-Lite specifications can be compiled to Vega specifications.,Vega-lite,edam:format_3970,https://anvilproject.github.io/acr-harmonized-data-model/EnumEDAMFormats,EnumEDAMFormats
File,format,edam:format_3971,A model description language for computational neuroscience.,NeuroML,edam:format_3971,https://anvilproject.github.io/acr-harmonized-data-model/EnumEDAMFormats,EnumEDAMFormats
File,format,edam:format_3972,"BioNetGen is a format for the specification and simulation of rule-based models of biochemical systems, including signal transduction, metabolic, and genetic regulatory networks.",BNGL,edam:format_3972,https://anvilproject.github.io/acr-harmonized-data-model/EnumEDAMFormats,EnumEDAMFormats
File,format,edam:format_3973,"A Docker image is a file, comprised of multiple layers, that is used to execute code in a Docker container. An image is essentially built from the instructions for a complete and executable version of an application, which relies on the host OS kernel.",Docker image,edam:format_3973,https://anvilproject.github.io/acr-harmonized-data-model/EnumEDAMFormats,EnumEDAMFormats
File,format,edam:format_3975,"Graphical Fragment Assembly captures sequence graphs as the product of an assembly, a representation of variation in genomes, splice graphs in genes, or even overlap between reads from long-read sequencing technology.",GFA 1,edam:format_3975,https://anvilproject.github.io/acr-harmonized-data-model/EnumEDAMFormats,EnumEDAMFormats
File,format,edam:format_3976,"Graphical Fragment Assembly captures sequence graphs as the product of an assembly, a representation of variation in genomes, splice graphs in genes, or even overlap between reads from long-read sequencing technology. GFA2 is an update of GFA1 which is not compatible with GFA1.",GFA 2,edam:format_3976,https://anvilproject.github.io/acr-harmonized-data-model/EnumEDAMFormats,EnumEDAMFormats
File,format,edam:format_3977,"ObjTables is a toolkit for creating reusable datasets that are both human and machine-readable, combining the ease of spreadsheets (e.g., Excel workbooks) with the rigor of schemas (classes, their attributes, the type of each attribute, and the possible relationships between instances of classes). ObjTables consists of a format for describing schemas for spreadsheets, numerous data types for science, a syntax for indicating the class and attribute represented by each table and column in a workbook, and software for using schemas to rigorously validate, merge, split, compare, and revision datasets.",ObjTables,edam:format_3977,https://anvilproject.github.io/acr-harmonized-data-model/EnumEDAMFormats,EnumEDAMFormats
File,format,edam:format_3978,The CONTIG format used for output of the SOAPdenovo alignment program. It contains contig sequences generated without using mate pair information.,CONTIG,edam:format_3978,https://anvilproject.github.io/acr-harmonized-data-model/EnumEDAMFormats,EnumEDAMFormats
File,format,edam:format_3979,WEGO native format used by the Web Gene Ontology Annotation Plot application.   Tab-delimited format with gene names and others GO IDs (columns) with one annotation record per line.,WEGO,edam:format_3979,https://anvilproject.github.io/acr-harmonized-data-model/EnumEDAMFormats,EnumEDAMFormats
File,format,edam:format_3980,"Tab-delimited format for gene expression levels table, calculated as Reads Per Kilobase per Million (RPKM) mapped reads.",RPKM,edam:format_3980,https://anvilproject.github.io/acr-harmonized-data-model/EnumEDAMFormats,EnumEDAMFormats
File,format,edam:format_3981,TAR archive file format generated by the Unix-based utility tar.,TAR format,edam:format_3981,https://anvilproject.github.io/acr-harmonized-data-model/EnumEDAMFormats,EnumEDAMFormats
File,format,edam:format_3982,The CHAIN format describes a pairwise alignment that allow gaps in both sequences simultaneously and is used by the UCSC Genome Browser.,CHAIN,edam:format_3982,https://anvilproject.github.io/acr-harmonized-data-model/EnumEDAMFormats,EnumEDAMFormats
File,format,edam:format_3983,The NET file format is used to describe the data that underlie the net alignment annotations in the UCSC Genome Browser.,NET,edam:format_3983,https://anvilproject.github.io/acr-harmonized-data-model/EnumEDAMFormats,EnumEDAMFormats
File,format,edam:format_3984,Format of QMAP files generated for methylation data from an internal BGI pipeline.,QMAP,edam:format_3984,https://anvilproject.github.io/acr-harmonized-data-model/EnumEDAMFormats,EnumEDAMFormats
File,format,edam:format_3985,An emerging format for high-level Galaxy workflow description.,gxformat2,edam:format_3985,https://anvilproject.github.io/acr-harmonized-data-model/EnumEDAMFormats,EnumEDAMFormats
File,format,edam:format_3986,The proprietary native video format of various Microsoft programs such as Windows Media Player.,WMV,edam:format_3986,https://anvilproject.github.io/acr-harmonized-data-model/EnumEDAMFormats,EnumEDAMFormats
File,format,edam:format_3987,ZIP is an archive file format that supports lossless data compression.,ZIP format,edam:format_3987,https://anvilproject.github.io/acr-harmonized-data-model/EnumEDAMFormats,EnumEDAMFormats
File,format,edam:format_3988,Zeiss' proprietary image format based on TIFF.,LSM,edam:format_3988,https://anvilproject.github.io/acr-harmonized-data-model/EnumEDAMFormats,EnumEDAMFormats
File,format,edam:format_3989,GNU zip compressed file format common to Unix-based operating systems.,GZIP format,edam:format_3989,https://anvilproject.github.io/acr-harmonized-data-model/EnumEDAMFormats,EnumEDAMFormats
File,format,edam:format_3990,"Audio Video Interleaved (AVI) format is a multimedia container format for AVI files, that allows synchronous audio-with-video playback.",AVI,edam:format_3990,https://anvilproject.github.io/acr-harmonized-data-model/EnumEDAMFormats,EnumEDAMFormats
File,format,edam:format_3991,A declaration file format for UCSC browsers track dataset display characteristics.,TrackDB,edam:format_3991,https://anvilproject.github.io/acr-harmonized-data-model/EnumEDAMFormats,EnumEDAMFormats
File,format,edam:format_3992,Compact Idiosyncratic Gapped Alignment Report format is a compressed (run-length encoded) pairwise alignment format. It is useful for representing long (e.g. genomic) pairwise alignments.,CIGAR format,edam:format_3992,https://anvilproject.github.io/acr-harmonized-data-model/EnumEDAMFormats,EnumEDAMFormats
File,format,edam:format_3993,STL is a file format native to the stereolithography CAD software created by 3D Systems. The format is used to save and share surface-rendered 3D images and also for 3D printing.,Stereolithography format,edam:format_3993,https://anvilproject.github.io/acr-harmonized-data-model/EnumEDAMFormats,EnumEDAMFormats
File,format,edam:format_3994,"U3D (Universal 3D) is a compressed file format and data structure for 3D computer graphics. It contains 3D model information such as triangle meshes, lighting, shading, motion data, lines and points with color and structure.",U3D,edam:format_3994,https://anvilproject.github.io/acr-harmonized-data-model/EnumEDAMFormats,EnumEDAMFormats
File,format,edam:format_3995,Bitmap image format used for storing textures.,Texture file format,edam:format_3995,https://anvilproject.github.io/acr-harmonized-data-model/EnumEDAMFormats,EnumEDAMFormats
File,format,edam:format_3996,Format for scripts writtenin Python - a widely used high-level programming language for general-purpose programming.,Python script,edam:format_3996,https://anvilproject.github.io/acr-harmonized-data-model/EnumEDAMFormats,EnumEDAMFormats
File,format,edam:format_3997,A digital multimedia container format most commonly used to store video and audio.,MPEG-4,edam:format_3997,https://anvilproject.github.io/acr-harmonized-data-model/EnumEDAMFormats,EnumEDAMFormats
File,format,edam:format_3998,"Format for scripts written in Perl - a family of high-level, general-purpose, interpreted, dynamic programming languages.",Perl script,edam:format_3998,https://anvilproject.github.io/acr-harmonized-data-model/EnumEDAMFormats,EnumEDAMFormats
File,format,edam:format_3999,Format for scripts written in the R language - an open source programming language and software environment for statistical computing and graphics that is supported by the R Foundation for Statistical Computing.,R script,edam:format_3999,https://anvilproject.github.io/acr-harmonized-data-model/EnumEDAMFormats,EnumEDAMFormats
File,format,edam:format_4000,A file format for making dynamic documents (R Markdown scripts) with the R language.,R markdown,edam:format_4000,https://anvilproject.github.io/acr-harmonized-data-model/EnumEDAMFormats,EnumEDAMFormats
File,format,edam:format_4002,Format used by Python pickle module for serializing and de-serializing a Python object structure.,pickle,edam:format_4002,https://anvilproject.github.io/acr-harmonized-data-model/EnumEDAMFormats,EnumEDAMFormats
File,format,edam:format_4003,The standard binary file format used by NumPy - a fundamental package for scientific computing with Python - for persisting a single arbitrary NumPy array on disk. The format stores all of the shape and dtype information necessary to reconstruct the array correctly.,NumPy format,edam:format_4003,https://anvilproject.github.io/acr-harmonized-data-model/EnumEDAMFormats,EnumEDAMFormats
File,format,edam:format_4004,Format of repertoire (archive) files that can be read by SimToolbox (a MATLAB toolbox for structured illumination fluorescence microscopy) or alternatively extracted with zip file archiver software.,SimTools repertoire file format,edam:format_4004,https://anvilproject.github.io/acr-harmonized-data-model/EnumEDAMFormats,EnumEDAMFormats
File,format,edam:format_4005,A configuration file used by various programs to store settings that are specific to their respective software.,Configuration file format,edam:format_4005,https://anvilproject.github.io/acr-harmonized-data-model/EnumEDAMFormats,EnumEDAMFormats
File,format,edam:format_4006,Format used by the Zstandard real-time compression algorithm.,Zstandard format,edam:format_4006,https://anvilproject.github.io/acr-harmonized-data-model/EnumEDAMFormats,EnumEDAMFormats
File,format,edam:format_4007,The file format for MATLAB scripts or functions.,MATLAB script,edam:format_4007,https://anvilproject.github.io/acr-harmonized-data-model/EnumEDAMFormats,EnumEDAMFormats
File,format,edam:format_4015,A data format for specifying parameter estimation problems in systems biology.,PEtab,edam:format_4015,https://anvilproject.github.io/acr-harmonized-data-model/EnumEDAMFormats,EnumEDAMFormats
File,format,edam:format_4018,"Genomic Variant Call Format (gVCF) is a version of VCF that includes not only the positions that are variant when compared to a reference genome, but also the non-variant positions as ranges, including metrics of confidence that the positions in the range are actually non-variant e.g. minimum read-depth and genotype quality.",gVCF,edam:format_4018,https://anvilproject.github.io/acr-harmonized-data-model/EnumEDAMFormats,EnumEDAMFormats
File,format,edam:format_4023,Chemical Markup Language (CML) is an XML-based format for encoding detailed information about a wide range of chemical concepts.,cml,edam:format_4023,https://anvilproject.github.io/acr-harmonized-data-model/EnumEDAMFormats,EnumEDAMFormats
File,format,edam:format_4024,Crystallographic Information File (CIF) is a data exchange standard file format for Crystallographic Information and related Structural Science data.,cif,edam:format_4024,https://anvilproject.github.io/acr-harmonized-data-model/EnumEDAMFormats,EnumEDAMFormats
File,format,edam:format_4025,"Format for describing the capabilities of a biosimulation tool including the modeling frameworks, simulation algorithms, and modeling formats that it supports, as well as metadata such as a list of the interfaces, programming languages, and operating systems supported by the tool; a link to download the tool; a list of the authors of the tool; and the license to the tool.",BioSimulators format for the specifications of biosimulation tools,edam:format_4025,https://anvilproject.github.io/acr-harmonized-data-model/EnumEDAMFormats,EnumEDAMFormats
File,format,edam:format_4026,Outlines the syntax and semantics of the input and output arguments for command-line interfaces for biosimulation tools.,BioSimulators standard for command-line interfaces for biosimulation tools,edam:format_4026,https://anvilproject.github.io/acr-harmonized-data-model/EnumEDAMFormats,EnumEDAMFormats
File,format,edam:format_4035,"Data format derived from the standard PDB format, which enables user to incorporate parameters for charge and radius to the existing PDB data file.",PQR,edam:format_4035,https://anvilproject.github.io/acr-harmonized-data-model/EnumEDAMFormats,EnumEDAMFormats
File,format,edam:format_4036,"Data format used in AutoDock 4 for storing atomic coordinates, partial atomic charges and AutoDock atom types for both receptors and ligands.",PDBQT,edam:format_4036,https://anvilproject.github.io/acr-harmonized-data-model/EnumEDAMFormats,EnumEDAMFormats
File,format,edam:format_4039,MSP is a data format for mass spectrometry data.,MSP,edam:format_4039,https://anvilproject.github.io/acr-harmonized-data-model/EnumEDAMFormats,EnumEDAMFormats
File,format,edam:format_4041,"maDMP stands for machine-actionable data management plan, a standard for DMPs developed by the Research Data Alliance (RDA).",maDMP,edam:format_4041,https://anvilproject.github.io/acr-harmonized-data-model/EnumEDAMFormats,EnumEDAMFormats
File,format,edam:format_4048,"Nextflow is a workflow system for creating scalable, portable, and reproducible workflows.",Nextflow,edam:format_4048,https://anvilproject.github.io/acr-harmonized-data-model/EnumEDAMFormats,EnumEDAMFormats
File,format,edam:format_4049,The Snakemake workflow management system is a tool to create reproducible and scalable data analyses.,Snakemake,edam:format_4049,https://anvilproject.github.io/acr-harmonized-data-model/EnumEDAMFormats,EnumEDAMFormats
File,format,edam:format_4050,Sample and Data Relationship File for a proteomics experiment.,SDRF,edam:format_4050,https://anvilproject.github.io/acr-harmonized-data-model/EnumEDAMFormats,EnumEDAMFormats
File,format,edam:format_4058,"mzTab-M is a light-weight, tab-delimited format for mass spectrometry-based chemical profiling data, including metabolomics.",mzTab-M,edam:format_4058,https://anvilproject.github.io/acr-harmonized-data-model/EnumEDAMFormats,EnumEDAMFormats
File,format,edam:format_4059,"mzTab-L is a light-weight, tab-delimited format for mass spectrometry-based lipidomics data. It is a compatible version of mzTab-M, with additional rules and information standard (reporting guidelines).",mzTab-L,edam:format_4059,https://anvilproject.github.io/acr-harmonized-data-model/EnumEDAMFormats,EnumEDAMFormats
File,format,edam:format_4066,"ISA-Tab Investigation file (i_Investigation.txt) contains metadata describing the overall goals, means, and context of an investigation/experiment, including references to associated Study and Assay files.",ISA-Tab Investigation file,edam:format_4066,https://anvilproject.github.io/acr-harmonized-data-model/EnumEDAMFormats,EnumEDAMFormats
File,format,edam:format_4067,"ISA-Tab Study file (s_*.txt) contains sample metadata describing the subjects under study, their sources, characteristics, sampling methodology, and any treatments or manipulations applied.",ISA-Tab Study file,edam:format_4067,https://anvilproject.github.io/acr-harmonized-data-model/EnumEDAMFormats,EnumEDAMFormats
File,format,edam:format_4068,"ISA-Tab Assay file (a_*.txt) contains assay metadata describing test steps and analytical measurements performed on the sample material, including measurement types, technology used, and references to raw and derived data files.",ISA-Tab Assay file,edam:format_4068,https://anvilproject.github.io/acr-harmonized-data-model/EnumEDAMFormats,EnumEDAMFormats
File,format,edam:format_4069,"ISA-JSON stands for Investigation / Study / Assay (ISA) JavaScript Object Notation (JSON) format, and it is comprised of metadata describing observational or experimental scientific studies.",ISA-JSON,edam:format_4069,https://anvilproject.github.io/acr-harmonized-data-model/EnumEDAMFormats,EnumEDAMFormats
File,format,edam:format_4070,mwTab is a tab-delimited text format developed by the Metabolomics Workbench to facilitate programmatic processing of metabolomics data and metadata suitable for submission to the repository.,mwTab,edam:format_4070,https://anvilproject.github.io/acr-harmonized-data-model/EnumEDAMFormats,EnumEDAMFormats
File,format,edam:format_4071,"MHD (MetabolomicsHub Common Data Model) is a JSON-based format providing a standardised, FAIR-compliant data model for the exchange, discovery, and reuse of metabolomics dataset metadata across international repositories.",MHD,edam:format_4071,https://anvilproject.github.io/acr-harmonized-data-model/EnumEDAMFormats,EnumEDAMFormats
File,format,edam:format_4072,"The MHD announcement file is a JSON-based format used to notify MetabolomicsHub of new or updated dataset submissions, serving as a manifest or notification file within the MHD data flow.",MHD announcement,edam:format_4072,https://anvilproject.github.io/acr-harmonized-data-model/EnumEDAMFormats,EnumEDAMFormats
File,format,edam:format_4073,"MetaboLights MAF (Metabolite Annotation File) is a tab-separated file format used to report metabolites identified or annotated in a metabolomics study, including compound identifiers, chemical structure representations, mass-to-charge ratios, retention times, and per-sample quantitative measurements.",MetaboLights MAF,edam:format_4073,https://anvilproject.github.io/acr-harmonized-data-model/EnumEDAMFormats,EnumEDAMFormats
File,data_type,edam:data_0582,"An ontology of biological or bioinformatics concepts and relations, a controlled vocabulary, structured glossary etc.",Ontology,edam:data_0582,https://anvilproject.github.io/acr-harmonized-data-model/EnumEDAMDataTypes,EnumEDAMDataTypes
File,data_type,edam:data_0842,"A text token, number or something else which identifies an entity, but which may not be persistent (stable) or unique (the same identifier may identify multiple things).",Identifier,edam:data_0842,https://anvilproject.github.io/acr-harmonized-data-model/EnumEDAMDataTypes,EnumEDAMDataTypes
File,data_type,edam:data_0844,Mass of a molecule.,Molecular mass,edam:data_0844,https://anvilproject.github.io/acr-harmonized-data-model/EnumEDAMDataTypes,EnumEDAMDataTypes
File,data_type,edam:data_0845,Net charge of a molecule.,Molecular charge,edam:data_0845,https://anvilproject.github.io/acr-harmonized-data-model/EnumEDAMDataTypes,EnumEDAMDataTypes
File,data_type,edam:data_0846,A specification of a chemical structure.,Chemical formula,edam:data_0846,https://anvilproject.github.io/acr-harmonized-data-model/EnumEDAMDataTypes,EnumEDAMDataTypes
File,data_type,edam:data_0847,A QSAR quantitative descriptor (name-value pair) of chemical structure.,QSAR descriptor,edam:data_0847,https://anvilproject.github.io/acr-harmonized-data-model/EnumEDAMDataTypes,EnumEDAMDataTypes
File,data_type,edam:data_0849,A molecular sequence and associated metadata.,Sequence record,edam:data_0849,https://anvilproject.github.io/acr-harmonized-data-model/EnumEDAMDataTypes,EnumEDAMDataTypes
File,data_type,edam:data_0850,A collection of one or typically multiple molecular sequences (which can include derived data or metadata) that do not (typically) correspond to molecular sequence database records or entries and which (typically) are derived from some analytical method.,Sequence set,edam:data_0850,https://anvilproject.github.io/acr-harmonized-data-model/EnumEDAMDataTypes,EnumEDAMDataTypes
File,data_type,edam:data_0856,How the annotation of a sequence feature (for example in EMBL or Swiss-Prot) was derived.,Sequence feature source,edam:data_0856,https://anvilproject.github.io/acr-harmonized-data-model/EnumEDAMDataTypes,EnumEDAMDataTypes
File,data_type,edam:data_0857,A report of sequence hits and associated data from searching a database of sequences (for example a BLAST search). This will typically include a list of scores (often with statistical evaluation) and a set of alignments for the hits.,Sequence search results,edam:data_0857,https://anvilproject.github.io/acr-harmonized-data-model/EnumEDAMDataTypes,EnumEDAMDataTypes
File,data_type,edam:data_0858,"Report on the location of matches (""hits"") between sequences, sequence profiles, motifs (conserved or functional patterns) and other types of sequence signatures.",Sequence signature matches,edam:data_0858,https://anvilproject.github.io/acr-harmonized-data-model/EnumEDAMDataTypes,EnumEDAMDataTypes
File,data_type,edam:data_0860,"Sequence signature data concerns specific or conserved pattern in molecular sequences and the classifiers used for their identification, including sequence motifs, profiles or other diagnostic element.",Sequence signature data,edam:data_0860,https://anvilproject.github.io/acr-harmonized-data-model/EnumEDAMDataTypes,EnumEDAMDataTypes
File,data_type,edam:data_0862,A dotplot of sequence similarities identified from word-matching or character comparison.,Dotplot,edam:data_0862,https://anvilproject.github.io/acr-harmonized-data-model/EnumEDAMDataTypes,EnumEDAMDataTypes
File,data_type,edam:data_0863,Alignment of multiple molecular sequences.,Sequence alignment,edam:data_0863,https://anvilproject.github.io/acr-harmonized-data-model/EnumEDAMDataTypes,EnumEDAMDataTypes
File,data_type,edam:data_0865,A value representing molecular sequence similarity.,Sequence similarity score,edam:data_0865,https://anvilproject.github.io/acr-harmonized-data-model/EnumEDAMDataTypes,EnumEDAMDataTypes
File,data_type,edam:data_0867,An informative report of molecular sequence alignment-derived data or metadata.,Sequence alignment report,edam:data_0867,https://anvilproject.github.io/acr-harmonized-data-model/EnumEDAMDataTypes,EnumEDAMDataTypes
File,data_type,edam:data_0870,"A matrix of estimated evolutionary distance between molecular sequences, such as is suitable for phylogenetic tree calculation.",Sequence distance matrix,edam:data_0870,https://anvilproject.github.io/acr-harmonized-data-model/EnumEDAMDataTypes,EnumEDAMDataTypes
File,data_type,edam:data_0871,Basic character data from which a phylogenetic tree may be generated.,Phylogenetic character data,edam:data_0871,https://anvilproject.github.io/acr-harmonized-data-model/EnumEDAMDataTypes,EnumEDAMDataTypes
File,data_type,edam:data_0872,"The raw data (not just an image) from which a phylogenetic tree is directly generated or plotted, such as topology, lengths (in time or in expected amounts of variance) and a confidence interval for each length.",Phylogenetic tree,edam:data_0872,https://anvilproject.github.io/acr-harmonized-data-model/EnumEDAMDataTypes,EnumEDAMDataTypes
File,data_type,edam:data_0874,Matrix of integer or floating point numbers for amino acid or nucleotide sequence comparison.,Comparison matrix,edam:data_0874,https://anvilproject.github.io/acr-harmonized-data-model/EnumEDAMDataTypes,EnumEDAMDataTypes
File,data_type,edam:data_0878,Alignment of the (1D representations of) secondary structure of two or more proteins.,Protein secondary structure alignment,edam:data_0878,https://anvilproject.github.io/acr-harmonized-data-model/EnumEDAMDataTypes,EnumEDAMDataTypes
File,data_type,edam:data_0880,An informative report of secondary structure (predicted or real) of an RNA molecule.,RNA secondary structure,edam:data_0880,https://anvilproject.github.io/acr-harmonized-data-model/EnumEDAMDataTypes,EnumEDAMDataTypes
File,data_type,edam:data_0881,Alignment of the (1D representations of) secondary structure of two or more RNA molecules.,RNA secondary structure alignment,edam:data_0881,https://anvilproject.github.io/acr-harmonized-data-model/EnumEDAMDataTypes,EnumEDAMDataTypes
File,data_type,edam:data_0883,3D coordinate and associated data for a macromolecular tertiary (3D) structure or part of a structure.,Structure,edam:data_0883,https://anvilproject.github.io/acr-harmonized-data-model/EnumEDAMDataTypes,EnumEDAMDataTypes
File,data_type,edam:data_0886,Alignment (superimposition) of molecular tertiary (3D) structures.,Structure alignment,edam:data_0886,https://anvilproject.github.io/acr-harmonized-data-model/EnumEDAMDataTypes,EnumEDAMDataTypes
File,data_type,edam:data_0887,An informative report of molecular tertiary structure alignment-derived data.,Structure alignment report,edam:data_0887,https://anvilproject.github.io/acr-harmonized-data-model/EnumEDAMDataTypes,EnumEDAMDataTypes
File,data_type,edam:data_0888,"A value representing molecular structure similarity, measured from structure alignment or some other type of structure comparison.",Structure similarity score,edam:data_0888,https://anvilproject.github.io/acr-harmonized-data-model/EnumEDAMDataTypes,EnumEDAMDataTypes
File,data_type,edam:data_0889,Some type of structural (3D) profile or template (representing a structure or structure alignment).,Structural profile,edam:data_0889,https://anvilproject.github.io/acr-harmonized-data-model/EnumEDAMDataTypes,EnumEDAMDataTypes
File,data_type,edam:data_0890,A 3D profile-3D profile alignment (each profile representing structures or a structure alignment).,Structural (3D) profile alignment,edam:data_0890,https://anvilproject.github.io/acr-harmonized-data-model/EnumEDAMDataTypes,EnumEDAMDataTypes
File,data_type,edam:data_0892,Matrix of values used for scoring sequence-structure compatibility.,Protein sequence-structure scoring matrix,edam:data_0892,https://anvilproject.github.io/acr-harmonized-data-model/EnumEDAMDataTypes,EnumEDAMDataTypes
File,data_type,edam:data_0893,An alignment of molecular sequence to structure (from threading sequence(s) through 3D structure or representation of structure(s)).,Sequence-structure alignment,edam:data_0893,https://anvilproject.github.io/acr-harmonized-data-model/EnumEDAMDataTypes,EnumEDAMDataTypes
File,data_type,edam:data_0896,"An informative human-readable report about one or more specific protein molecules or protein structural domains, derived from analysis of primary (sequence or structural) data.",Protein report,edam:data_0896,https://anvilproject.github.io/acr-harmonized-data-model/EnumEDAMDataTypes,EnumEDAMDataTypes
File,data_type,edam:data_0897,"A report of primarily non-positional data describing intrinsic physical, chemical or other properties of a protein molecule or model.",Protein property,edam:data_0897,https://anvilproject.github.io/acr-harmonized-data-model/EnumEDAMDataTypes,EnumEDAMDataTypes
File,data_type,edam:data_0905,"Protein-protein interaction data from for example yeast two-hybrid analysis, protein microarrays, immunoaffinity chromatography followed by mass spectrometry, phage display etc.",Protein interaction raw data,edam:data_0905,https://anvilproject.github.io/acr-harmonized-data-model/EnumEDAMDataTypes,EnumEDAMDataTypes
File,data_type,edam:data_0906,"Data concerning the interactions (predicted or known) within or between a protein, structural domain or part of a protein. This includes intra- and inter-residue contacts and distances, as well as interactions with other proteins and non-protein entities such as nucleic acid, metal atoms, water, ions etc.",Protein interaction data,edam:data_0906,https://anvilproject.github.io/acr-harmonized-data-model/EnumEDAMDataTypes,EnumEDAMDataTypes
File,data_type,edam:data_0907,An informative report on a specific protein family or other classification or group of protein sequences or structures.,Protein family report,edam:data_0907,https://anvilproject.github.io/acr-harmonized-data-model/EnumEDAMDataTypes,EnumEDAMDataTypes
File,data_type,edam:data_0909,The maximum initial velocity or rate of a reaction. It is the limiting velocity as substrate concentrations get very large.,Vmax,edam:data_0909,https://anvilproject.github.io/acr-harmonized-data-model/EnumEDAMDataTypes,EnumEDAMDataTypes
File,data_type,edam:data_0910,Km is the concentration (usually in Molar units) of substrate that leads to half-maximal velocity of an enzyme-catalysed reaction.,Km,edam:data_0910,https://anvilproject.github.io/acr-harmonized-data-model/EnumEDAMDataTypes,EnumEDAMDataTypes
File,data_type,edam:data_0912,"A report of primarily non-positional data describing intrinsic physical, chemical or other properties of a nucleic acid molecule.",Nucleic acid property,edam:data_0912,https://anvilproject.github.io/acr-harmonized-data-model/EnumEDAMDataTypes,EnumEDAMDataTypes
File,data_type,edam:data_0914,Data derived from analysis of codon usage (typically a codon usage table) of DNA sequences.,Codon usage data,edam:data_0914,https://anvilproject.github.io/acr-harmonized-data-model/EnumEDAMDataTypes,EnumEDAMDataTypes
File,data_type,edam:data_0916,"A report on predicted or actual gene structure, regions which make an RNA product and features such as promoters, coding regions, splice sites etc.",Gene report,edam:data_0916,https://anvilproject.github.io/acr-harmonized-data-model/EnumEDAMDataTypes,EnumEDAMDataTypes
File,data_type,edam:data_0919,A human-readable collection of information about a specific chromosome.,Chromosome report,edam:data_0919,https://anvilproject.github.io/acr-harmonized-data-model/EnumEDAMDataTypes,EnumEDAMDataTypes
File,data_type,edam:data_0920,"A human-readable collection of information about the set of genes (or allelic forms) present in an individual, organism or cell and associated with a specific physical characteristic, or a report concerning an organisms traits and phenotypes.",Genotype/phenotype report,edam:data_0920,https://anvilproject.github.io/acr-harmonized-data-model/EnumEDAMDataTypes,EnumEDAMDataTypes
File,data_type,edam:data_0924,"Fluorescence trace data generated by an automated DNA sequencer, which can be interpreted as a molecular sequence (reads), given associated sequencing metadata such as base-call quality scores.",Sequence trace,edam:data_0924,https://anvilproject.github.io/acr-harmonized-data-model/EnumEDAMDataTypes,EnumEDAMDataTypes
File,data_type,edam:data_0925,An assembly of fragments of a (typically genomic) DNA sequence.,Sequence assembly,edam:data_0925,https://anvilproject.github.io/acr-harmonized-data-model/EnumEDAMDataTypes,EnumEDAMDataTypes
File,data_type,edam:data_0926,Radiation hybrid scores (RH) scores for one or more markers.,RH scores,edam:data_0926,https://anvilproject.github.io/acr-harmonized-data-model/EnumEDAMDataTypes,EnumEDAMDataTypes
File,data_type,edam:data_0927,A human-readable collection of information about the linkage of alleles.,Genetic linkage report,edam:data_0927,https://anvilproject.github.io/acr-harmonized-data-model/EnumEDAMDataTypes,EnumEDAMDataTypes
File,data_type,edam:data_0928,"Data quantifying the level of expression of (typically) multiple genes, derived for example from microarray experiments.",Gene expression profile,edam:data_0928,https://anvilproject.github.io/acr-harmonized-data-model/EnumEDAMDataTypes,EnumEDAMDataTypes
File,data_type,edam:data_0937,X-ray crystallography data.,Electron density map,edam:data_0937,https://anvilproject.github.io/acr-harmonized-data-model/EnumEDAMDataTypes,EnumEDAMDataTypes
File,data_type,edam:data_0938,"Nuclear magnetic resonance (NMR) raw data, typically for a protein.",Raw NMR data,edam:data_0938,https://anvilproject.github.io/acr-harmonized-data-model/EnumEDAMDataTypes,EnumEDAMDataTypes
File,data_type,edam:data_0939,Protein secondary structure from protein coordinate or circular dichroism (CD) spectroscopic data.,CD spectra,edam:data_0939,https://anvilproject.github.io/acr-harmonized-data-model/EnumEDAMDataTypes,EnumEDAMDataTypes
File,data_type,edam:data_0940,Volume map data from electron microscopy.,Volume map,edam:data_0940,https://anvilproject.github.io/acr-harmonized-data-model/EnumEDAMDataTypes,EnumEDAMDataTypes
File,data_type,edam:data_0942,Two-dimensional gel electrophoresis image.,2D PAGE image,edam:data_0942,https://anvilproject.github.io/acr-harmonized-data-model/EnumEDAMDataTypes,EnumEDAMDataTypes
File,data_type,edam:data_0943,Spectra from mass spectrometry.,Mass spectrum,edam:data_0943,https://anvilproject.github.io/acr-harmonized-data-model/EnumEDAMDataTypes,EnumEDAMDataTypes
File,data_type,edam:data_0944,A set of peptide masses (peptide mass fingerprint) from mass spectrometry.,Peptide mass fingerprint,edam:data_0944,https://anvilproject.github.io/acr-harmonized-data-model/EnumEDAMDataTypes,EnumEDAMDataTypes
File,data_type,edam:data_0945,"Protein or peptide identifications with evidence supporting the identifications, for example from comparing a peptide mass fingerprint (from mass spectrometry) to a sequence database, or the set of typical spectra one obtains when running a protein through a mass spectrometer.",Peptide identification,edam:data_0945,https://anvilproject.github.io/acr-harmonized-data-model/EnumEDAMDataTypes,EnumEDAMDataTypes
File,data_type,edam:data_0949,"Basic information, annotation or documentation concerning a workflow (but not the workflow itself).",Workflow metadata,edam:data_0949,https://anvilproject.github.io/acr-harmonized-data-model/EnumEDAMDataTypes,EnumEDAMDataTypes
File,data_type,edam:data_0950,A biological model represented in mathematical terms.,Mathematical model,edam:data_0950,https://anvilproject.github.io/acr-harmonized-data-model/EnumEDAMDataTypes,EnumEDAMDataTypes
File,data_type,edam:data_0951,A value representing estimated statistical significance of some observed data; typically sequence database hits.,Statistical estimate score,edam:data_0951,https://anvilproject.github.io/acr-harmonized-data-model/EnumEDAMDataTypes,EnumEDAMDataTypes
File,data_type,edam:data_0954,A mapping of the accession numbers (or other database identifier) of entries between (typically) two biological or biomedical databases.,Database cross-mapping,edam:data_0954,https://anvilproject.github.io/acr-harmonized-data-model/EnumEDAMDataTypes,EnumEDAMDataTypes
File,data_type,edam:data_0955,An index of data of biological relevance.,Data index,edam:data_0955,https://anvilproject.github.io/acr-harmonized-data-model/EnumEDAMDataTypes,EnumEDAMDataTypes
File,data_type,edam:data_0956,A human-readable collection of information concerning an analysis of an index of biological data.,Data index report,edam:data_0956,https://anvilproject.github.io/acr-harmonized-data-model/EnumEDAMDataTypes,EnumEDAMDataTypes
File,data_type,edam:data_0957,"Basic information on bioinformatics database(s) or other data sources such as name, type, description, URL etc.",Database metadata,edam:data_0957,https://anvilproject.github.io/acr-harmonized-data-model/EnumEDAMDataTypes,EnumEDAMDataTypes
File,data_type,edam:data_0958,"Basic information about one or more bioinformatics applications or packages, such as name, type, description, or other documentation.",Tool metadata,edam:data_0958,https://anvilproject.github.io/acr-harmonized-data-model/EnumEDAMDataTypes,EnumEDAMDataTypes
File,data_type,edam:data_0960,"Textual metadata on a software author or end-user, for example a person or other software.",User metadata,edam:data_0960,https://anvilproject.github.io/acr-harmonized-data-model/EnumEDAMDataTypes,EnumEDAMDataTypes
File,data_type,edam:data_0962,A human-readable collection of information about a specific chemical compound.,Small molecule report,edam:data_0962,https://anvilproject.github.io/acr-harmonized-data-model/EnumEDAMDataTypes,EnumEDAMDataTypes
File,data_type,edam:data_0963,"A human-readable collection of information about a particular strain of organism cell line including plants, virus, fungi and bacteria. The data typically includes strain number, organism type, growth conditions, source and so on.",Cell line report,edam:data_0963,https://anvilproject.github.io/acr-harmonized-data-model/EnumEDAMDataTypes,EnumEDAMDataTypes
File,data_type,edam:data_0966,A term (name) from an ontology.,Ontology term,edam:data_0966,https://anvilproject.github.io/acr-harmonized-data-model/EnumEDAMDataTypes,EnumEDAMDataTypes
File,data_type,edam:data_0967,Data concerning or derived from a concept from a biological ontology.,Ontology concept data,edam:data_0967,https://anvilproject.github.io/acr-harmonized-data-model/EnumEDAMDataTypes,EnumEDAMDataTypes
File,data_type,edam:data_0968,Keyword(s) or phrase(s) used (typically) for text-searching purposes.,Keyword,edam:data_0968,https://anvilproject.github.io/acr-harmonized-data-model/EnumEDAMDataTypes,EnumEDAMDataTypes
File,data_type,edam:data_0970,"Bibliographic data that uniquely identifies a scientific article, book or other published material.",Citation,edam:data_0970,https://anvilproject.github.io/acr-harmonized-data-model/EnumEDAMDataTypes,EnumEDAMDataTypes
File,data_type,edam:data_0971,"A scientific text, typically a full text article from a scientific journal.",Article,edam:data_0971,https://anvilproject.github.io/acr-harmonized-data-model/EnumEDAMDataTypes,EnumEDAMDataTypes
File,data_type,edam:data_0972,A human-readable collection of information resulting from text mining.,Text mining report,edam:data_0972,https://anvilproject.github.io/acr-harmonized-data-model/EnumEDAMDataTypes,EnumEDAMDataTypes
File,data_type,edam:data_0976,An identifier that identifies a particular type of data.,Identifier (by type of entity),edam:data_0976,https://anvilproject.github.io/acr-harmonized-data-model/EnumEDAMDataTypes,EnumEDAMDataTypes
File,data_type,edam:data_0977,"An identifier of a bioinformatics tool, e.g. an application or web service.",Tool identifier,edam:data_0977,https://anvilproject.github.io/acr-harmonized-data-model/EnumEDAMDataTypes,EnumEDAMDataTypes
File,data_type,edam:data_0982,Name or other identifier of a molecule.,Molecule identifier,edam:data_0982,https://anvilproject.github.io/acr-harmonized-data-model/EnumEDAMDataTypes,EnumEDAMDataTypes
File,data_type,edam:data_0983,Identifier (e.g. character symbol) of a specific atom.,Atom ID,edam:data_0983,https://anvilproject.github.io/acr-harmonized-data-model/EnumEDAMDataTypes,EnumEDAMDataTypes
File,data_type,edam:data_0984,Name of a specific molecule.,Molecule name,edam:data_0984,https://anvilproject.github.io/acr-harmonized-data-model/EnumEDAMDataTypes,EnumEDAMDataTypes
File,data_type,edam:data_0987,Name of a chromosome.,Chromosome name,edam:data_0987,https://anvilproject.github.io/acr-harmonized-data-model/EnumEDAMDataTypes,EnumEDAMDataTypes
File,data_type,edam:data_0988,Identifier of a peptide chain.,Peptide identifier,edam:data_0988,https://anvilproject.github.io/acr-harmonized-data-model/EnumEDAMDataTypes,EnumEDAMDataTypes
File,data_type,edam:data_0989,Identifier of a protein.,Protein identifier,edam:data_0989,https://anvilproject.github.io/acr-harmonized-data-model/EnumEDAMDataTypes,EnumEDAMDataTypes
File,data_type,edam:data_0990,Unique name of a chemical compound.,Compound name,edam:data_0990,https://anvilproject.github.io/acr-harmonized-data-model/EnumEDAMDataTypes,EnumEDAMDataTypes
File,data_type,edam:data_0991,Unique registry number of a chemical compound.,Chemical registry number,edam:data_0991,https://anvilproject.github.io/acr-harmonized-data-model/EnumEDAMDataTypes,EnumEDAMDataTypes
File,data_type,edam:data_0993,Identifier of a drug.,Drug identifier,edam:data_0993,https://anvilproject.github.io/acr-harmonized-data-model/EnumEDAMDataTypes,EnumEDAMDataTypes
File,data_type,edam:data_0994,Identifier of an amino acid.,Amino acid identifier,edam:data_0994,https://anvilproject.github.io/acr-harmonized-data-model/EnumEDAMDataTypes,EnumEDAMDataTypes
File,data_type,edam:data_0995,Name or other identifier of a nucleotide.,Nucleotide identifier,edam:data_0995,https://anvilproject.github.io/acr-harmonized-data-model/EnumEDAMDataTypes,EnumEDAMDataTypes
File,data_type,edam:data_0996,Identifier of a monosaccharide.,Monosaccharide identifier,edam:data_0996,https://anvilproject.github.io/acr-harmonized-data-model/EnumEDAMDataTypes,EnumEDAMDataTypes
File,data_type,edam:data_0997,Unique name from Chemical Entities of Biological Interest (ChEBI) of a chemical compound.,Chemical name (ChEBI),edam:data_0997,https://anvilproject.github.io/acr-harmonized-data-model/EnumEDAMDataTypes,EnumEDAMDataTypes
File,data_type,edam:data_0998,IUPAC recommended name of a chemical compound.,Chemical name (IUPAC),edam:data_0998,https://anvilproject.github.io/acr-harmonized-data-model/EnumEDAMDataTypes,EnumEDAMDataTypes
File,data_type,edam:data_0999,"International Non-proprietary Name (INN or 'generic name') of a chemical compound, assigned by the World Health Organisation (WHO).",Chemical name (INN),edam:data_0999,https://anvilproject.github.io/acr-harmonized-data-model/EnumEDAMDataTypes,EnumEDAMDataTypes
File,data_type,edam:data_1000,Brand name of a chemical compound.,Chemical name (brand),edam:data_1000,https://anvilproject.github.io/acr-harmonized-data-model/EnumEDAMDataTypes,EnumEDAMDataTypes
File,data_type,edam:data_1001,Synonymous name of a chemical compound.,Chemical name (synonymous),edam:data_1001,https://anvilproject.github.io/acr-harmonized-data-model/EnumEDAMDataTypes,EnumEDAMDataTypes
File,data_type,edam:data_1002,"CAS registry number of a chemical compound; a unique numerical identifier of chemicals in the scientific literature, as assigned by the Chemical Abstracts Service.",CAS number,edam:data_1002,https://anvilproject.github.io/acr-harmonized-data-model/EnumEDAMDataTypes,EnumEDAMDataTypes
File,data_type,edam:data_1003,Beilstein registry number of a chemical compound.,Chemical registry number (Beilstein),edam:data_1003,https://anvilproject.github.io/acr-harmonized-data-model/EnumEDAMDataTypes,EnumEDAMDataTypes
File,data_type,edam:data_1004,Gmelin registry number of a chemical compound.,Chemical registry number (Gmelin),edam:data_1004,https://anvilproject.github.io/acr-harmonized-data-model/EnumEDAMDataTypes,EnumEDAMDataTypes
File,data_type,edam:data_1005,"3-letter code word for a ligand (HET group) from a PDB file, for example ATP.",HET group name,edam:data_1005,https://anvilproject.github.io/acr-harmonized-data-model/EnumEDAMDataTypes,EnumEDAMDataTypes
File,data_type,edam:data_1006,String of one or more ASCII characters representing an amino acid.,Amino acid name,edam:data_1006,https://anvilproject.github.io/acr-harmonized-data-model/EnumEDAMDataTypes,EnumEDAMDataTypes
File,data_type,edam:data_1007,String of one or more ASCII characters representing a nucleotide.,Nucleotide code,edam:data_1007,https://anvilproject.github.io/acr-harmonized-data-model/EnumEDAMDataTypes,EnumEDAMDataTypes
File,data_type,edam:data_1008,Identifier of a polypeptide chain from a protein.,Polypeptide chain ID,edam:data_1008,https://anvilproject.github.io/acr-harmonized-data-model/EnumEDAMDataTypes,EnumEDAMDataTypes
File,data_type,edam:data_1009,Name of a protein.,Protein name,edam:data_1009,https://anvilproject.github.io/acr-harmonized-data-model/EnumEDAMDataTypes,EnumEDAMDataTypes
File,data_type,edam:data_1010,Name or other identifier of an enzyme or record from a database of enzymes.,Enzyme identifier,edam:data_1010,https://anvilproject.github.io/acr-harmonized-data-model/EnumEDAMDataTypes,EnumEDAMDataTypes
File,data_type,edam:data_1011,An Enzyme Commission (EC) number of an enzyme.,EC number,edam:data_1011,https://anvilproject.github.io/acr-harmonized-data-model/EnumEDAMDataTypes,EnumEDAMDataTypes
File,data_type,edam:data_1012,Name of an enzyme.,Enzyme name,edam:data_1012,https://anvilproject.github.io/acr-harmonized-data-model/EnumEDAMDataTypes,EnumEDAMDataTypes
File,data_type,edam:data_1013,Name of a restriction enzyme.,Restriction enzyme name,edam:data_1013,https://anvilproject.github.io/acr-harmonized-data-model/EnumEDAMDataTypes,EnumEDAMDataTypes
File,data_type,edam:data_1015,"A unique identifier of molecular sequence feature, for example an ID of a feature that is unique within the scope of the GFF file.",Sequence feature ID,edam:data_1015,https://anvilproject.github.io/acr-harmonized-data-model/EnumEDAMDataTypes,EnumEDAMDataTypes
File,data_type,edam:data_1016,"A position of one or more points (base or residue) in a sequence, or part of such a specification.",Sequence position,edam:data_1016,https://anvilproject.github.io/acr-harmonized-data-model/EnumEDAMDataTypes,EnumEDAMDataTypes
File,data_type,edam:data_1017,Specification of range(s) of sequence positions.,Sequence range,edam:data_1017,https://anvilproject.github.io/acr-harmonized-data-model/EnumEDAMDataTypes,EnumEDAMDataTypes
File,data_type,edam:data_1020,"The type of a sequence feature, typically a term or accession from the Sequence Ontology, for example an EMBL or Swiss-Prot sequence feature key.",Sequence feature key,edam:data_1020,https://anvilproject.github.io/acr-harmonized-data-model/EnumEDAMDataTypes,EnumEDAMDataTypes
File,data_type,edam:data_1021,Typically one of the EMBL or Swiss-Prot feature qualifiers.,Sequence feature qualifier,edam:data_1021,https://anvilproject.github.io/acr-harmonized-data-model/EnumEDAMDataTypes,EnumEDAMDataTypes
File,data_type,edam:data_1022,"A name of a sequence feature, e.g. the name of a feature to be displayed to an end-user. Typically an EMBL or Swiss-Prot feature label.",Sequence feature label,edam:data_1022,https://anvilproject.github.io/acr-harmonized-data-model/EnumEDAMDataTypes,EnumEDAMDataTypes
File,data_type,edam:data_1023,The name of a sequence feature-containing entity adhering to the standard feature naming scheme used by all EMBOSS applications.,EMBOSS Uniform Feature Object,edam:data_1023,https://anvilproject.github.io/acr-harmonized-data-model/EnumEDAMDataTypes,EnumEDAMDataTypes
File,data_type,edam:data_1025,"An identifier of a gene, such as a name/symbol or a unique identifier of a gene in a database.",Gene identifier,edam:data_1025,https://anvilproject.github.io/acr-harmonized-data-model/EnumEDAMDataTypes,EnumEDAMDataTypes
File,data_type,edam:data_1026,The short name of a gene; a single word that does not contain white space characters. It is typically derived from the gene name.,Gene symbol,edam:data_1026,https://anvilproject.github.io/acr-harmonized-data-model/EnumEDAMDataTypes,EnumEDAMDataTypes
File,data_type,edam:data_1027,An NCBI unique identifier of a gene.,Gene ID (NCBI),edam:data_1027,https://anvilproject.github.io/acr-harmonized-data-model/EnumEDAMDataTypes,EnumEDAMDataTypes
File,data_type,edam:data_1031,Identifier of a gene or feature from the CGD database.,Gene ID (CGD),edam:data_1031,https://anvilproject.github.io/acr-harmonized-data-model/EnumEDAMDataTypes,EnumEDAMDataTypes
File,data_type,edam:data_1032,Identifier of a gene from DictyBase.,Gene ID (DictyBase),edam:data_1032,https://anvilproject.github.io/acr-harmonized-data-model/EnumEDAMDataTypes,EnumEDAMDataTypes
File,data_type,edam:data_1033,Unique identifier for a gene (or other feature) from the Ensembl database.,Ensembl gene ID,edam:data_1033,https://anvilproject.github.io/acr-harmonized-data-model/EnumEDAMDataTypes,EnumEDAMDataTypes
File,data_type,edam:data_1034,Identifier of an entry from the SGD database.,Gene ID (SGD),edam:data_1034,https://anvilproject.github.io/acr-harmonized-data-model/EnumEDAMDataTypes,EnumEDAMDataTypes
File,data_type,edam:data_1035,Identifier of a gene from the GeneDB database.,Gene ID (GeneDB),edam:data_1035,https://anvilproject.github.io/acr-harmonized-data-model/EnumEDAMDataTypes,EnumEDAMDataTypes
File,data_type,edam:data_1036,Identifier of an entry from the TIGR database.,TIGR identifier,edam:data_1036,https://anvilproject.github.io/acr-harmonized-data-model/EnumEDAMDataTypes,EnumEDAMDataTypes
File,data_type,edam:data_1037,Identifier of an gene from the TAIR database.,TAIR accession (gene),edam:data_1037,https://anvilproject.github.io/acr-harmonized-data-model/EnumEDAMDataTypes,EnumEDAMDataTypes
File,data_type,edam:data_1038,Identifier of a protein structural domain.,Protein domain ID,edam:data_1038,https://anvilproject.github.io/acr-harmonized-data-model/EnumEDAMDataTypes,EnumEDAMDataTypes
File,data_type,edam:data_1039,Identifier of a protein domain (or other node) from the SCOP database.,SCOP domain identifier,edam:data_1039,https://anvilproject.github.io/acr-harmonized-data-model/EnumEDAMDataTypes,EnumEDAMDataTypes
File,data_type,edam:data_1040,Identifier of a protein domain from CATH.,CATH domain ID,edam:data_1040,https://anvilproject.github.io/acr-harmonized-data-model/EnumEDAMDataTypes,EnumEDAMDataTypes
File,data_type,edam:data_1041,A SCOP concise classification string (sccs) is a compact representation of a SCOP domain classification.,SCOP concise classification string (sccs),edam:data_1041,https://anvilproject.github.io/acr-harmonized-data-model/EnumEDAMDataTypes,EnumEDAMDataTypes
File,data_type,edam:data_1042,"Unique identifier (number) of an entry in the SCOP hierarchy, for example 33229.",SCOP sunid,edam:data_1042,https://anvilproject.github.io/acr-harmonized-data-model/EnumEDAMDataTypes,EnumEDAMDataTypes
File,data_type,edam:data_1043,A code number identifying a node from the CATH database.,CATH node ID,edam:data_1043,https://anvilproject.github.io/acr-harmonized-data-model/EnumEDAMDataTypes,EnumEDAMDataTypes
File,data_type,edam:data_1044,"The name of a biological kingdom (Bacteria, Archaea, or Eukaryotes).",Kingdom name,edam:data_1044,https://anvilproject.github.io/acr-harmonized-data-model/EnumEDAMDataTypes,EnumEDAMDataTypes
File,data_type,edam:data_1045,The name of a species (typically a taxonomic group) of organism.,Species name,edam:data_1045,https://anvilproject.github.io/acr-harmonized-data-model/EnumEDAMDataTypes,EnumEDAMDataTypes
File,data_type,edam:data_1046,"The name of a strain of an organism variant, typically a plant, virus or bacterium.",Strain name,edam:data_1046,https://anvilproject.github.io/acr-harmonized-data-model/EnumEDAMDataTypes,EnumEDAMDataTypes
File,data_type,edam:data_1047,A string of characters that name or otherwise identify a resource on the Internet.,URI,edam:data_1047,https://anvilproject.github.io/acr-harmonized-data-model/EnumEDAMDataTypes,EnumEDAMDataTypes
File,data_type,edam:data_1048,An identifier of a biological or bioinformatics database.,Database ID,edam:data_1048,https://anvilproject.github.io/acr-harmonized-data-model/EnumEDAMDataTypes,EnumEDAMDataTypes
File,data_type,edam:data_1049,The name of a directory.,Directory name,edam:data_1049,https://anvilproject.github.io/acr-harmonized-data-model/EnumEDAMDataTypes,EnumEDAMDataTypes
File,data_type,edam:data_1050,The name (or part of a name) of a file (of any type).,File name,edam:data_1050,https://anvilproject.github.io/acr-harmonized-data-model/EnumEDAMDataTypes,EnumEDAMDataTypes
File,data_type,edam:data_1051,Name of an ontology of biological or bioinformatics concepts and relations.,Ontology name,edam:data_1051,https://anvilproject.github.io/acr-harmonized-data-model/EnumEDAMDataTypes,EnumEDAMDataTypes
File,data_type,edam:data_1052,A Uniform Resource Locator (URL).,URL,edam:data_1052,https://anvilproject.github.io/acr-harmonized-data-model/EnumEDAMDataTypes,EnumEDAMDataTypes
File,data_type,edam:data_1053,A Uniform Resource Name (URN).,URN,edam:data_1053,https://anvilproject.github.io/acr-harmonized-data-model/EnumEDAMDataTypes,EnumEDAMDataTypes
File,data_type,edam:data_1055,A Life Science Identifier (LSID) - a unique identifier of some data.,LSID,edam:data_1055,https://anvilproject.github.io/acr-harmonized-data-model/EnumEDAMDataTypes,EnumEDAMDataTypes
File,data_type,edam:data_1056,The name of a biological or bioinformatics database.,Database name,edam:data_1056,https://anvilproject.github.io/acr-harmonized-data-model/EnumEDAMDataTypes,EnumEDAMDataTypes
File,data_type,edam:data_1058,The name of a file (of any type) with restricted possible values.,Enumerated file name,edam:data_1058,https://anvilproject.github.io/acr-harmonized-data-model/EnumEDAMDataTypes,EnumEDAMDataTypes
File,data_type,edam:data_1059,The extension of a file name.,File name extension,edam:data_1059,https://anvilproject.github.io/acr-harmonized-data-model/EnumEDAMDataTypes,EnumEDAMDataTypes
File,data_type,edam:data_1060,The base name of a file.,File base name,edam:data_1060,https://anvilproject.github.io/acr-harmonized-data-model/EnumEDAMDataTypes,EnumEDAMDataTypes
File,data_type,edam:data_1061,Name of a QSAR descriptor.,QSAR descriptor name,edam:data_1061,https://anvilproject.github.io/acr-harmonized-data-model/EnumEDAMDataTypes,EnumEDAMDataTypes
File,data_type,edam:data_1063,An identifier of molecular sequence(s) or entries from a molecular sequence database.,Sequence identifier,edam:data_1063,https://anvilproject.github.io/acr-harmonized-data-model/EnumEDAMDataTypes,EnumEDAMDataTypes
File,data_type,edam:data_1064,An identifier of a set of molecular sequence(s).,Sequence set ID,edam:data_1064,https://anvilproject.github.io/acr-harmonized-data-model/EnumEDAMDataTypes,EnumEDAMDataTypes
File,data_type,edam:data_1066,"Identifier of a molecular sequence alignment, for example a record from an alignment database.",Sequence alignment ID,edam:data_1066,https://anvilproject.github.io/acr-harmonized-data-model/EnumEDAMDataTypes,EnumEDAMDataTypes
File,data_type,edam:data_1068,Identifier of a phylogenetic tree for example from a phylogenetic tree database.,Phylogenetic tree ID,edam:data_1068,https://anvilproject.github.io/acr-harmonized-data-model/EnumEDAMDataTypes,EnumEDAMDataTypes
File,data_type,edam:data_1069,An identifier of a comparison matrix.,Comparison matrix identifier,edam:data_1069,https://anvilproject.github.io/acr-harmonized-data-model/EnumEDAMDataTypes,EnumEDAMDataTypes
File,data_type,edam:data_1070,"A unique and persistent identifier of a molecular tertiary structure, typically an entry from a structure database.",Structure ID,edam:data_1070,https://anvilproject.github.io/acr-harmonized-data-model/EnumEDAMDataTypes,EnumEDAMDataTypes
File,data_type,edam:data_1071,Identifier or name of a structural (3D) profile or template (representing a structure or structure alignment).,Structural (3D) profile ID,edam:data_1071,https://anvilproject.github.io/acr-harmonized-data-model/EnumEDAMDataTypes,EnumEDAMDataTypes
File,data_type,edam:data_1072,Identifier of an entry from a database of tertiary structure alignments.,Structure alignment ID,edam:data_1072,https://anvilproject.github.io/acr-harmonized-data-model/EnumEDAMDataTypes,EnumEDAMDataTypes
File,data_type,edam:data_1073,Identifier of an index of amino acid physicochemical and biochemical property data.,Amino acid index ID,edam:data_1073,https://anvilproject.github.io/acr-harmonized-data-model/EnumEDAMDataTypes,EnumEDAMDataTypes
File,data_type,edam:data_1074,Identifier of a report of protein interactions from a protein interaction database (typically).,Protein interaction ID,edam:data_1074,https://anvilproject.github.io/acr-harmonized-data-model/EnumEDAMDataTypes,EnumEDAMDataTypes
File,data_type,edam:data_1075,Identifier of a protein family.,Protein family identifier,edam:data_1075,https://anvilproject.github.io/acr-harmonized-data-model/EnumEDAMDataTypes,EnumEDAMDataTypes
File,data_type,edam:data_1076,Unique name of a codon usage table.,Codon usage table name,edam:data_1076,https://anvilproject.github.io/acr-harmonized-data-model/EnumEDAMDataTypes,EnumEDAMDataTypes
File,data_type,edam:data_1077,Identifier of a transcription factor (or a TF binding site).,Transcription factor identifier,edam:data_1077,https://anvilproject.github.io/acr-harmonized-data-model/EnumEDAMDataTypes,EnumEDAMDataTypes
File,data_type,edam:data_1078,Identifier of an entry from a database of microarray data.,Experiment annotation ID,edam:data_1078,https://anvilproject.github.io/acr-harmonized-data-model/EnumEDAMDataTypes,EnumEDAMDataTypes
File,data_type,edam:data_1079,Identifier of an entry from a database of electron microscopy data.,Electron microscopy model ID,edam:data_1079,https://anvilproject.github.io/acr-harmonized-data-model/EnumEDAMDataTypes,EnumEDAMDataTypes
File,data_type,edam:data_1080,Accession of a report of gene expression (e.g. a gene expression profile) from a database.,Gene expression report ID,edam:data_1080,https://anvilproject.github.io/acr-harmonized-data-model/EnumEDAMDataTypes,EnumEDAMDataTypes
File,data_type,edam:data_1081,Identifier of an entry from a database of genotypes and phenotypes.,Genotype and phenotype annotation ID,edam:data_1081,https://anvilproject.github.io/acr-harmonized-data-model/EnumEDAMDataTypes,EnumEDAMDataTypes
File,data_type,edam:data_1082,Identifier of an entry from a database of biological pathways or networks.,Pathway or network identifier,edam:data_1082,https://anvilproject.github.io/acr-harmonized-data-model/EnumEDAMDataTypes,EnumEDAMDataTypes
File,data_type,edam:data_1083,"Identifier of a biological or biomedical workflow, typically from a database of workflows.",Workflow ID,edam:data_1083,https://anvilproject.github.io/acr-harmonized-data-model/EnumEDAMDataTypes,EnumEDAMDataTypes
File,data_type,edam:data_1084,Identifier of a data type definition from some provider.,Data resource definition ID,edam:data_1084,https://anvilproject.github.io/acr-harmonized-data-model/EnumEDAMDataTypes,EnumEDAMDataTypes
File,data_type,edam:data_1085,"Identifier of a mathematical model, typically an entry from a database.",Biological model ID,edam:data_1085,https://anvilproject.github.io/acr-harmonized-data-model/EnumEDAMDataTypes,EnumEDAMDataTypes
File,data_type,edam:data_1086,Identifier of an entry from a database of chemicals.,Compound identifier,edam:data_1086,https://anvilproject.github.io/acr-harmonized-data-model/EnumEDAMDataTypes,EnumEDAMDataTypes
File,data_type,edam:data_1087,A unique (typically numerical) identifier of a concept in an ontology of biological or bioinformatics concepts and relations.,Ontology concept ID,edam:data_1087,https://anvilproject.github.io/acr-harmonized-data-model/EnumEDAMDataTypes,EnumEDAMDataTypes
File,data_type,edam:data_1088,Unique identifier of a scientific article.,Article ID,edam:data_1088,https://anvilproject.github.io/acr-harmonized-data-model/EnumEDAMDataTypes,EnumEDAMDataTypes
File,data_type,edam:data_1089,Identifier of an object from the FlyBase database.,FlyBase ID,edam:data_1089,https://anvilproject.github.io/acr-harmonized-data-model/EnumEDAMDataTypes,EnumEDAMDataTypes
File,data_type,edam:data_1091,"Name of an object from the WormBase database, usually a human-readable name.",WormBase name,edam:data_1091,https://anvilproject.github.io/acr-harmonized-data-model/EnumEDAMDataTypes,EnumEDAMDataTypes
File,data_type,edam:data_1092,Class of an object from the WormBase database.,WormBase class,edam:data_1092,https://anvilproject.github.io/acr-harmonized-data-model/EnumEDAMDataTypes,EnumEDAMDataTypes
File,data_type,edam:data_1093,"A persistent, unique identifier of a molecular sequence database entry.",Sequence accession,edam:data_1093,https://anvilproject.github.io/acr-harmonized-data-model/EnumEDAMDataTypes,EnumEDAMDataTypes
File,data_type,edam:data_1095,The name of a sequence-based entity adhering to the standard sequence naming scheme used by all EMBOSS applications.,EMBOSS Uniform Sequence Address,edam:data_1095,https://anvilproject.github.io/acr-harmonized-data-model/EnumEDAMDataTypes,EnumEDAMDataTypes
File,data_type,edam:data_1096,Accession number of a protein sequence database entry.,Sequence accession (protein),edam:data_1096,https://anvilproject.github.io/acr-harmonized-data-model/EnumEDAMDataTypes,EnumEDAMDataTypes
File,data_type,edam:data_1097,Accession number of a nucleotide sequence database entry.,Sequence accession (nucleic acid),edam:data_1097,https://anvilproject.github.io/acr-harmonized-data-model/EnumEDAMDataTypes,EnumEDAMDataTypes
File,data_type,edam:data_1098,Accession number of a RefSeq database entry.,RefSeq accession,edam:data_1098,https://anvilproject.github.io/acr-harmonized-data-model/EnumEDAMDataTypes,EnumEDAMDataTypes
File,data_type,edam:data_1100,An identifier of PIR sequence database entry.,PIR identifier,edam:data_1100,https://anvilproject.github.io/acr-harmonized-data-model/EnumEDAMDataTypes,EnumEDAMDataTypes
File,data_type,edam:data_1102,Primary identifier of a Gramene database entry.,Gramene primary identifier,edam:data_1102,https://anvilproject.github.io/acr-harmonized-data-model/EnumEDAMDataTypes,EnumEDAMDataTypes
File,data_type,edam:data_1103,Identifier of a (nucleic acid) entry from the EMBL/GenBank/DDBJ databases.,EMBL/GenBank/DDBJ ID,edam:data_1103,https://anvilproject.github.io/acr-harmonized-data-model/EnumEDAMDataTypes,EnumEDAMDataTypes
File,data_type,edam:data_1104,A unique identifier of an entry (gene cluster) from the NCBI UniGene database.,Sequence cluster ID (UniGene),edam:data_1104,https://anvilproject.github.io/acr-harmonized-data-model/EnumEDAMDataTypes,EnumEDAMDataTypes
File,data_type,edam:data_1105,Identifier of a dbEST database entry.,dbEST accession,edam:data_1105,https://anvilproject.github.io/acr-harmonized-data-model/EnumEDAMDataTypes,EnumEDAMDataTypes
File,data_type,edam:data_1106,Identifier of a dbSNP database entry.,dbSNP ID,edam:data_1106,https://anvilproject.github.io/acr-harmonized-data-model/EnumEDAMDataTypes,EnumEDAMDataTypes
File,data_type,edam:data_1112,An identifier of a cluster of molecular sequence(s).,Sequence cluster ID,edam:data_1112,https://anvilproject.github.io/acr-harmonized-data-model/EnumEDAMDataTypes,EnumEDAMDataTypes
File,data_type,edam:data_1113,Unique identifier of an entry from the COG database.,Sequence cluster ID (COG),edam:data_1113,https://anvilproject.github.io/acr-harmonized-data-model/EnumEDAMDataTypes,EnumEDAMDataTypes
File,data_type,edam:data_1114,"Identifier of a sequence motif, for example an entry from a motif database.",Sequence motif identifier,edam:data_1114,https://anvilproject.github.io/acr-harmonized-data-model/EnumEDAMDataTypes,EnumEDAMDataTypes
File,data_type,edam:data_1115,Identifier of a sequence profile.,Sequence profile ID,edam:data_1115,https://anvilproject.github.io/acr-harmonized-data-model/EnumEDAMDataTypes,EnumEDAMDataTypes
File,data_type,edam:data_1116,Identifier of an entry from the ELMdb database of protein functional sites.,ELM ID,edam:data_1116,https://anvilproject.github.io/acr-harmonized-data-model/EnumEDAMDataTypes,EnumEDAMDataTypes
File,data_type,edam:data_1117,Accession number of an entry from the Prosite database.,Prosite accession number,edam:data_1117,https://anvilproject.github.io/acr-harmonized-data-model/EnumEDAMDataTypes,EnumEDAMDataTypes
File,data_type,edam:data_1118,Unique identifier or name of a HMMER hidden Markov model.,HMMER hidden Markov model ID,edam:data_1118,https://anvilproject.github.io/acr-harmonized-data-model/EnumEDAMDataTypes,EnumEDAMDataTypes
File,data_type,edam:data_1119,Unique identifier or name of a profile from the JASPAR database.,JASPAR profile ID,edam:data_1119,https://anvilproject.github.io/acr-harmonized-data-model/EnumEDAMDataTypes,EnumEDAMDataTypes
File,data_type,edam:data_1123,Accession number of an entry from the TreeBASE database.,TreeBASE study accession number,edam:data_1123,https://anvilproject.github.io/acr-harmonized-data-model/EnumEDAMDataTypes,EnumEDAMDataTypes
File,data_type,edam:data_1124,Accession number of an entry from the TreeFam database.,TreeFam accession number,edam:data_1124,https://anvilproject.github.io/acr-harmonized-data-model/EnumEDAMDataTypes,EnumEDAMDataTypes
File,data_type,edam:data_1126,Unique name or identifier of a comparison matrix.,Comparison matrix name,edam:data_1126,https://anvilproject.github.io/acr-harmonized-data-model/EnumEDAMDataTypes,EnumEDAMDataTypes
File,data_type,edam:data_1127,An identifier of an entry from the PDB database.,PDB ID,edam:data_1127,https://anvilproject.github.io/acr-harmonized-data-model/EnumEDAMDataTypes,EnumEDAMDataTypes
File,data_type,edam:data_1128,Identifier of an entry from the AAindex database.,AAindex ID,edam:data_1128,https://anvilproject.github.io/acr-harmonized-data-model/EnumEDAMDataTypes,EnumEDAMDataTypes
File,data_type,edam:data_1129,Accession number of an entry from the BIND database.,BIND accession number,edam:data_1129,https://anvilproject.github.io/acr-harmonized-data-model/EnumEDAMDataTypes,EnumEDAMDataTypes
File,data_type,edam:data_1130,Accession number of an entry from the IntAct database.,IntAct accession number,edam:data_1130,https://anvilproject.github.io/acr-harmonized-data-model/EnumEDAMDataTypes,EnumEDAMDataTypes
File,data_type,edam:data_1131,Name of a protein family.,Protein family name,edam:data_1131,https://anvilproject.github.io/acr-harmonized-data-model/EnumEDAMDataTypes,EnumEDAMDataTypes
File,data_type,edam:data_1132,"Name of an InterPro entry, usually indicating the type of protein matches for that entry.",InterPro entry name,edam:data_1132,https://anvilproject.github.io/acr-harmonized-data-model/EnumEDAMDataTypes,EnumEDAMDataTypes
File,data_type,edam:data_1133,Primary accession number of an InterPro entry.,InterPro accession,edam:data_1133,https://anvilproject.github.io/acr-harmonized-data-model/EnumEDAMDataTypes,EnumEDAMDataTypes
File,data_type,edam:data_1134,Secondary accession number of an InterPro entry.,InterPro secondary accession,edam:data_1134,https://anvilproject.github.io/acr-harmonized-data-model/EnumEDAMDataTypes,EnumEDAMDataTypes
File,data_type,edam:data_1135,Unique identifier of an entry from the Gene3D database.,Gene3D ID,edam:data_1135,https://anvilproject.github.io/acr-harmonized-data-model/EnumEDAMDataTypes,EnumEDAMDataTypes
File,data_type,edam:data_1136,Unique identifier of an entry from the PIRSF database.,PIRSF ID,edam:data_1136,https://anvilproject.github.io/acr-harmonized-data-model/EnumEDAMDataTypes,EnumEDAMDataTypes
File,data_type,edam:data_1137,The unique identifier of an entry in the PRINTS database.,PRINTS code,edam:data_1137,https://anvilproject.github.io/acr-harmonized-data-model/EnumEDAMDataTypes,EnumEDAMDataTypes
File,data_type,edam:data_1138,Accession number of a Pfam entry.,Pfam accession number,edam:data_1138,https://anvilproject.github.io/acr-harmonized-data-model/EnumEDAMDataTypes,EnumEDAMDataTypes
File,data_type,edam:data_1139,Accession number of an entry from the SMART database.,SMART accession number,edam:data_1139,https://anvilproject.github.io/acr-harmonized-data-model/EnumEDAMDataTypes,EnumEDAMDataTypes
File,data_type,edam:data_1140,Unique identifier (number) of a hidden Markov model from the Superfamily database.,Superfamily hidden Markov model number,edam:data_1140,https://anvilproject.github.io/acr-harmonized-data-model/EnumEDAMDataTypes,EnumEDAMDataTypes
File,data_type,edam:data_1141,Accession number of an entry (family) from the TIGRFam database.,TIGRFam ID,edam:data_1141,https://anvilproject.github.io/acr-harmonized-data-model/EnumEDAMDataTypes,EnumEDAMDataTypes
File,data_type,edam:data_1142,A ProDom domain family accession number.,ProDom accession number,edam:data_1142,https://anvilproject.github.io/acr-harmonized-data-model/EnumEDAMDataTypes,EnumEDAMDataTypes
File,data_type,edam:data_1143,Identifier of an entry from the TRANSFAC database.,TRANSFAC accession number,edam:data_1143,https://anvilproject.github.io/acr-harmonized-data-model/EnumEDAMDataTypes,EnumEDAMDataTypes
File,data_type,edam:data_1144,Accession number of an entry from the ArrayExpress database.,ArrayExpress accession number,edam:data_1144,https://anvilproject.github.io/acr-harmonized-data-model/EnumEDAMDataTypes,EnumEDAMDataTypes
File,data_type,edam:data_1145,PRIDE experiment accession number.,PRIDE experiment accession number,edam:data_1145,https://anvilproject.github.io/acr-harmonized-data-model/EnumEDAMDataTypes,EnumEDAMDataTypes
File,data_type,edam:data_1146,Identifier of an entry from the EMDB electron microscopy database.,EMDB ID,edam:data_1146,https://anvilproject.github.io/acr-harmonized-data-model/EnumEDAMDataTypes,EnumEDAMDataTypes
File,data_type,edam:data_1147,Accession number of an entry from the GEO database.,GEO accession number,edam:data_1147,https://anvilproject.github.io/acr-harmonized-data-model/EnumEDAMDataTypes,EnumEDAMDataTypes
File,data_type,edam:data_1148,Identifier of an entry from the GermOnline database.,GermOnline ID,edam:data_1148,https://anvilproject.github.io/acr-harmonized-data-model/EnumEDAMDataTypes,EnumEDAMDataTypes
File,data_type,edam:data_1149,Identifier of an entry from the EMAGE database.,EMAGE ID,edam:data_1149,https://anvilproject.github.io/acr-harmonized-data-model/EnumEDAMDataTypes,EnumEDAMDataTypes
File,data_type,edam:data_1150,Accession number of an entry from a database of disease.,Disease ID,edam:data_1150,https://anvilproject.github.io/acr-harmonized-data-model/EnumEDAMDataTypes,EnumEDAMDataTypes
File,data_type,edam:data_1151,Identifier of an entry from the HGVbase database.,HGVbase ID,edam:data_1151,https://anvilproject.github.io/acr-harmonized-data-model/EnumEDAMDataTypes,EnumEDAMDataTypes
File,data_type,edam:data_1153,Identifier of an entry from the OMIM database.,OMIM ID,edam:data_1153,https://anvilproject.github.io/acr-harmonized-data-model/EnumEDAMDataTypes,EnumEDAMDataTypes
File,data_type,edam:data_1154,Unique identifier of an object from one of the KEGG databases (excluding the GENES division).,KEGG object identifier,edam:data_1154,https://anvilproject.github.io/acr-harmonized-data-model/EnumEDAMDataTypes,EnumEDAMDataTypes
File,data_type,edam:data_1155,Identifier of an entry from the Reactome database.,Pathway ID (reactome),edam:data_1155,https://anvilproject.github.io/acr-harmonized-data-model/EnumEDAMDataTypes,EnumEDAMDataTypes
File,data_type,edam:data_1157,Identifier of an pathway from the BioCyc biological pathways database.,Pathway ID (BioCyc),edam:data_1157,https://anvilproject.github.io/acr-harmonized-data-model/EnumEDAMDataTypes,EnumEDAMDataTypes
File,data_type,edam:data_1158,Identifier of an entry from the INOH database.,Pathway ID (INOH),edam:data_1158,https://anvilproject.github.io/acr-harmonized-data-model/EnumEDAMDataTypes,EnumEDAMDataTypes
File,data_type,edam:data_1159,Identifier of an entry from the PATIKA database.,Pathway ID (PATIKA),edam:data_1159,https://anvilproject.github.io/acr-harmonized-data-model/EnumEDAMDataTypes,EnumEDAMDataTypes
File,data_type,edam:data_1160,"Identifier of an entry from the CPDB (ConsensusPathDB) biological pathways database, which is an identifier from an external database integrated into CPDB.",Pathway ID (CPDB),edam:data_1160,https://anvilproject.github.io/acr-harmonized-data-model/EnumEDAMDataTypes,EnumEDAMDataTypes
File,data_type,edam:data_1161,Identifier of a biological pathway from the Panther Pathways database.,Pathway ID (Panther),edam:data_1161,https://anvilproject.github.io/acr-harmonized-data-model/EnumEDAMDataTypes,EnumEDAMDataTypes
File,data_type,edam:data_1162,Unique identifier of a MIRIAM data resource.,MIRIAM identifier,edam:data_1162,https://anvilproject.github.io/acr-harmonized-data-model/EnumEDAMDataTypes,EnumEDAMDataTypes
File,data_type,edam:data_1163,The name of a data type from the MIRIAM database.,MIRIAM data type name,edam:data_1163,https://anvilproject.github.io/acr-harmonized-data-model/EnumEDAMDataTypes,EnumEDAMDataTypes
File,data_type,edam:data_1164,The URI (URL or URN) of a data entity from the MIRIAM database.,MIRIAM URI,edam:data_1164,https://anvilproject.github.io/acr-harmonized-data-model/EnumEDAMDataTypes,EnumEDAMDataTypes
File,data_type,edam:data_1165,The primary name of a data type from the MIRIAM database.,MIRIAM data type primary name,edam:data_1165,https://anvilproject.github.io/acr-harmonized-data-model/EnumEDAMDataTypes,EnumEDAMDataTypes
File,data_type,edam:data_1166,A synonymous name of a data type from the MIRIAM database.,MIRIAM data type synonymous name,edam:data_1166,https://anvilproject.github.io/acr-harmonized-data-model/EnumEDAMDataTypes,EnumEDAMDataTypes
File,data_type,edam:data_1167,Unique identifier of a Taverna workflow.,Taverna workflow ID,edam:data_1167,https://anvilproject.github.io/acr-harmonized-data-model/EnumEDAMDataTypes,EnumEDAMDataTypes
File,data_type,edam:data_1170,Name of a biological (mathematical) model.,Biological model name,edam:data_1170,https://anvilproject.github.io/acr-harmonized-data-model/EnumEDAMDataTypes,EnumEDAMDataTypes
File,data_type,edam:data_1171,Unique identifier of an entry from the BioModel database.,BioModel ID,edam:data_1171,https://anvilproject.github.io/acr-harmonized-data-model/EnumEDAMDataTypes,EnumEDAMDataTypes
File,data_type,edam:data_1172,"Chemical structure specified in PubChem Compound Identification (CID), a non-zero integer identifier for a unique chemical structure.",PubChem CID,edam:data_1172,https://anvilproject.github.io/acr-harmonized-data-model/EnumEDAMDataTypes,EnumEDAMDataTypes
File,data_type,edam:data_1173,Identifier of an entry from the ChemSpider database.,ChemSpider ID,edam:data_1173,https://anvilproject.github.io/acr-harmonized-data-model/EnumEDAMDataTypes,EnumEDAMDataTypes
File,data_type,edam:data_1174,Identifier of an entry from the ChEBI database.,ChEBI ID,edam:data_1174,https://anvilproject.github.io/acr-harmonized-data-model/EnumEDAMDataTypes,EnumEDAMDataTypes
File,data_type,edam:data_1175,An identifier of a concept from the BioPax ontology.,BioPax concept ID,edam:data_1175,https://anvilproject.github.io/acr-harmonized-data-model/EnumEDAMDataTypes,EnumEDAMDataTypes
File,data_type,edam:data_1176,An identifier of a concept from The Gene Ontology.,GO concept ID,edam:data_1176,https://anvilproject.github.io/acr-harmonized-data-model/EnumEDAMDataTypes,EnumEDAMDataTypes
File,data_type,edam:data_1177,An identifier of a concept from the MeSH vocabulary.,MeSH concept ID,edam:data_1177,https://anvilproject.github.io/acr-harmonized-data-model/EnumEDAMDataTypes,EnumEDAMDataTypes
File,data_type,edam:data_1178,An identifier of a concept from the HGNC controlled vocabulary.,HGNC concept ID,edam:data_1178,https://anvilproject.github.io/acr-harmonized-data-model/EnumEDAMDataTypes,EnumEDAMDataTypes
File,data_type,edam:data_1179,"A stable unique identifier for each taxon (for a species, a family, an order, or any other group in the NCBI taxonomy database.",NCBI taxonomy ID,edam:data_1179,https://anvilproject.github.io/acr-harmonized-data-model/EnumEDAMDataTypes,EnumEDAMDataTypes
File,data_type,edam:data_1180,An identifier of a concept from the Plant Ontology (PO).,Plant Ontology concept ID,edam:data_1180,https://anvilproject.github.io/acr-harmonized-data-model/EnumEDAMDataTypes,EnumEDAMDataTypes
File,data_type,edam:data_1181,An identifier of a concept from the UMLS vocabulary.,UMLS concept ID,edam:data_1181,https://anvilproject.github.io/acr-harmonized-data-model/EnumEDAMDataTypes,EnumEDAMDataTypes
File,data_type,edam:data_1182,An identifier of a concept from Foundational Model of Anatomy.,FMA concept ID,edam:data_1182,https://anvilproject.github.io/acr-harmonized-data-model/EnumEDAMDataTypes,EnumEDAMDataTypes
File,data_type,edam:data_1183,An identifier of a concept from the EMAP mouse ontology.,EMAP concept ID,edam:data_1183,https://anvilproject.github.io/acr-harmonized-data-model/EnumEDAMDataTypes,EnumEDAMDataTypes
File,data_type,edam:data_1184,An identifier of a concept from the ChEBI ontology.,ChEBI concept ID,edam:data_1184,https://anvilproject.github.io/acr-harmonized-data-model/EnumEDAMDataTypes,EnumEDAMDataTypes
File,data_type,edam:data_1185,An identifier of a concept from the MGED ontology.,MGED concept ID,edam:data_1185,https://anvilproject.github.io/acr-harmonized-data-model/EnumEDAMDataTypes,EnumEDAMDataTypes
File,data_type,edam:data_1186,An identifier of a concept from the myGrid ontology.,myGrid concept ID,edam:data_1186,https://anvilproject.github.io/acr-harmonized-data-model/EnumEDAMDataTypes,EnumEDAMDataTypes
File,data_type,edam:data_1187,PubMed unique identifier of an article.,PubMed ID,edam:data_1187,https://anvilproject.github.io/acr-harmonized-data-model/EnumEDAMDataTypes,EnumEDAMDataTypes
File,data_type,edam:data_1188,Digital Object Identifier (DOI) of a published article.,DOI,edam:data_1188,https://anvilproject.github.io/acr-harmonized-data-model/EnumEDAMDataTypes,EnumEDAMDataTypes
File,data_type,edam:data_1189,Medline UI (unique identifier) of an article.,Medline UI,edam:data_1189,https://anvilproject.github.io/acr-harmonized-data-model/EnumEDAMDataTypes,EnumEDAMDataTypes
File,data_type,edam:data_1190,"The name of a computer package, application, method or function.",Tool name,edam:data_1190,https://anvilproject.github.io/acr-harmonized-data-model/EnumEDAMDataTypes,EnumEDAMDataTypes
File,data_type,edam:data_1191,The unique name of a signature (sequence classifier) method.,Tool name (signature),edam:data_1191,https://anvilproject.github.io/acr-harmonized-data-model/EnumEDAMDataTypes,EnumEDAMDataTypes
File,data_type,edam:data_1192,The name of a BLAST tool.,Tool name (BLAST),edam:data_1192,https://anvilproject.github.io/acr-harmonized-data-model/EnumEDAMDataTypes,EnumEDAMDataTypes
File,data_type,edam:data_1193,The name of a FASTA tool.,Tool name (FASTA),edam:data_1193,https://anvilproject.github.io/acr-harmonized-data-model/EnumEDAMDataTypes,EnumEDAMDataTypes
File,data_type,edam:data_1194,The name of an EMBOSS application.,Tool name (EMBOSS),edam:data_1194,https://anvilproject.github.io/acr-harmonized-data-model/EnumEDAMDataTypes,EnumEDAMDataTypes
File,data_type,edam:data_1195,The name of an EMBASSY package.,Tool name (EMBASSY package),edam:data_1195,https://anvilproject.github.io/acr-harmonized-data-model/EnumEDAMDataTypes,EnumEDAMDataTypes
File,data_type,edam:data_1201,A QSAR constitutional descriptor.,QSAR descriptor (constitutional),edam:data_1201,https://anvilproject.github.io/acr-harmonized-data-model/EnumEDAMDataTypes,EnumEDAMDataTypes
File,data_type,edam:data_1202,A QSAR electronic descriptor.,QSAR descriptor (electronic),edam:data_1202,https://anvilproject.github.io/acr-harmonized-data-model/EnumEDAMDataTypes,EnumEDAMDataTypes
File,data_type,edam:data_1203,A QSAR geometrical descriptor.,QSAR descriptor (geometrical),edam:data_1203,https://anvilproject.github.io/acr-harmonized-data-model/EnumEDAMDataTypes,EnumEDAMDataTypes
File,data_type,edam:data_1204,A QSAR topological descriptor.,QSAR descriptor (topological),edam:data_1204,https://anvilproject.github.io/acr-harmonized-data-model/EnumEDAMDataTypes,EnumEDAMDataTypes
File,data_type,edam:data_1205,A QSAR molecular descriptor.,QSAR descriptor (molecular),edam:data_1205,https://anvilproject.github.io/acr-harmonized-data-model/EnumEDAMDataTypes,EnumEDAMDataTypes
File,data_type,edam:data_1233,Any collection of multiple protein sequences and associated metadata that do not (typically) correspond to common sequence database records or database entries.,Sequence set (protein),edam:data_1233,https://anvilproject.github.io/acr-harmonized-data-model/EnumEDAMDataTypes,EnumEDAMDataTypes
File,data_type,edam:data_1234,Any collection of multiple nucleotide sequences and associated metadata that do not (typically) correspond to common sequence database records or database entries.,Sequence set (nucleic acid),edam:data_1234,https://anvilproject.github.io/acr-harmonized-data-model/EnumEDAMDataTypes,EnumEDAMDataTypes
File,data_type,edam:data_1235,A set of sequences that have been clustered or otherwise classified as belonging to a group including (typically) sequence cluster information.,Sequence cluster,edam:data_1235,https://anvilproject.github.io/acr-harmonized-data-model/EnumEDAMDataTypes,EnumEDAMDataTypes
File,data_type,edam:data_1238,A protein sequence cleaved into peptide fragments (by enzymatic or chemical cleavage) with fragment masses.,Proteolytic digest,edam:data_1238,https://anvilproject.github.io/acr-harmonized-data-model/EnumEDAMDataTypes,EnumEDAMDataTypes
File,data_type,edam:data_1239,Restriction digest fragments from digesting a nucleotide sequence with restriction sites using a restriction endonuclease.,Restriction digest,edam:data_1239,https://anvilproject.github.io/acr-harmonized-data-model/EnumEDAMDataTypes,EnumEDAMDataTypes
File,data_type,edam:data_1240,"Oligonucleotide primer(s) for PCR and DNA amplification, for example a minimal primer set.",PCR primers,edam:data_1240,https://anvilproject.github.io/acr-harmonized-data-model/EnumEDAMDataTypes,EnumEDAMDataTypes
File,data_type,edam:data_1245,A cluster of protein sequences.,Sequence cluster (protein),edam:data_1245,https://anvilproject.github.io/acr-harmonized-data-model/EnumEDAMDataTypes,EnumEDAMDataTypes
File,data_type,edam:data_1246,A cluster of nucleotide sequences.,Sequence cluster (nucleic acid),edam:data_1246,https://anvilproject.github.io/acr-harmonized-data-model/EnumEDAMDataTypes,EnumEDAMDataTypes
File,data_type,edam:data_1249,"The size (length) of a sequence, subsequence or region in a sequence, or range(s) of lengths.",Sequence length,edam:data_1249,https://anvilproject.github.io/acr-harmonized-data-model/EnumEDAMDataTypes,EnumEDAMDataTypes
File,data_type,edam:data_1254,"An informative report about non-positional sequence features, typically a report on general molecular sequence properties derived from sequence analysis.",Sequence property,edam:data_1254,https://anvilproject.github.io/acr-harmonized-data-model/EnumEDAMDataTypes,EnumEDAMDataTypes
File,data_type,edam:data_1255,"Annotation of positional features of molecular sequence(s), i.e. that can be mapped to position(s) in the sequence.",Sequence features,edam:data_1255,https://anvilproject.github.io/acr-harmonized-data-model/EnumEDAMDataTypes,EnumEDAMDataTypes
File,data_type,edam:data_1259,"A report on sequence complexity, for example low-complexity or repeat regions in sequences.",Sequence complexity report,edam:data_1259,https://anvilproject.github.io/acr-harmonized-data-model/EnumEDAMDataTypes,EnumEDAMDataTypes
File,data_type,edam:data_1260,A report on ambiguity in molecular sequence(s).,Sequence ambiguity report,edam:data_1260,https://anvilproject.github.io/acr-harmonized-data-model/EnumEDAMDataTypes,EnumEDAMDataTypes
File,data_type,edam:data_1261,A report (typically a table) on character or word composition / frequency of a molecular sequence(s).,Sequence composition report,edam:data_1261,https://anvilproject.github.io/acr-harmonized-data-model/EnumEDAMDataTypes,EnumEDAMDataTypes
File,data_type,edam:data_1262,A report on peptide fragments of certain molecular weight(s) in one or more protein sequences.,Peptide molecular weight hits,edam:data_1262,https://anvilproject.github.io/acr-harmonized-data-model/EnumEDAMDataTypes,EnumEDAMDataTypes
File,data_type,edam:data_1263,A plot of third base position variability in a nucleotide sequence.,Base position variability plot,edam:data_1263,https://anvilproject.github.io/acr-harmonized-data-model/EnumEDAMDataTypes,EnumEDAMDataTypes
File,data_type,edam:data_1265,A table of base frequencies of a nucleotide sequence.,Base frequencies table,edam:data_1265,https://anvilproject.github.io/acr-harmonized-data-model/EnumEDAMDataTypes,EnumEDAMDataTypes
File,data_type,edam:data_1266,A table of word composition of a nucleotide sequence.,Base word frequencies table,edam:data_1266,https://anvilproject.github.io/acr-harmonized-data-model/EnumEDAMDataTypes,EnumEDAMDataTypes
File,data_type,edam:data_1267,A table of amino acid frequencies of a protein sequence.,Amino acid frequencies table,edam:data_1267,https://anvilproject.github.io/acr-harmonized-data-model/EnumEDAMDataTypes,EnumEDAMDataTypes
File,data_type,edam:data_1268,A table of amino acid word composition of a protein sequence.,Amino acid word frequencies table,edam:data_1268,https://anvilproject.github.io/acr-harmonized-data-model/EnumEDAMDataTypes,EnumEDAMDataTypes
File,data_type,edam:data_1270,"Annotation of positional sequence features, organised into a standard feature table.",Feature table,edam:data_1270,https://anvilproject.github.io/acr-harmonized-data-model/EnumEDAMDataTypes,EnumEDAMDataTypes
File,data_type,edam:data_1274,A map of (typically one) DNA sequence annotated with positional or non-positional features.,Map,edam:data_1274,https://anvilproject.github.io/acr-harmonized-data-model/EnumEDAMDataTypes,EnumEDAMDataTypes
File,data_type,edam:data_1276,"An informative report on intrinsic positional features of a nucleotide sequence, formatted to be machine-readable.",Nucleic acid features,edam:data_1276,https://anvilproject.github.io/acr-harmonized-data-model/EnumEDAMDataTypes,EnumEDAMDataTypes
File,data_type,edam:data_1277,An informative report on intrinsic positional features of a protein sequence.,Protein features,edam:data_1277,https://anvilproject.github.io/acr-harmonized-data-model/EnumEDAMDataTypes,EnumEDAMDataTypes
File,data_type,edam:data_1278,"A map showing the relative positions of genetic markers in a nucleic acid sequence, based on estimation of non-physical distance such as recombination frequencies.",Genetic map,edam:data_1278,https://anvilproject.github.io/acr-harmonized-data-model/EnumEDAMDataTypes,EnumEDAMDataTypes
File,data_type,edam:data_1279,"A map of genetic markers in a contiguous, assembled genomic sequence, with the sizes and separation of markers measured in base pairs.",Sequence map,edam:data_1279,https://anvilproject.github.io/acr-harmonized-data-model/EnumEDAMDataTypes,EnumEDAMDataTypes
File,data_type,edam:data_1280,"A map of DNA (linear or circular) annotated with physical features or landmarks such as restriction sites, cloned DNA fragments, genes or genetic markers, along with the physical distances between them.",Physical map,edam:data_1280,https://anvilproject.github.io/acr-harmonized-data-model/EnumEDAMDataTypes,EnumEDAMDataTypes
File,data_type,edam:data_1283,A map showing banding patterns derived from direct observation of a stained chromosome.,Cytogenetic map,edam:data_1283,https://anvilproject.github.io/acr-harmonized-data-model/EnumEDAMDataTypes,EnumEDAMDataTypes
File,data_type,edam:data_1284,A gene map showing distances between loci based on relative cotransduction frequencies.,DNA transduction map,edam:data_1284,https://anvilproject.github.io/acr-harmonized-data-model/EnumEDAMDataTypes,EnumEDAMDataTypes
File,data_type,edam:data_1285,"Sequence map of a single gene annotated with genetic features such as introns, exons, untranslated regions, polyA signals, promoters, enhancers and (possibly) mutations defining alleles of a gene.",Gene map,edam:data_1285,https://anvilproject.github.io/acr-harmonized-data-model/EnumEDAMDataTypes,EnumEDAMDataTypes
File,data_type,edam:data_1286,Sequence map of a plasmid (circular DNA).,Plasmid map,edam:data_1286,https://anvilproject.github.io/acr-harmonized-data-model/EnumEDAMDataTypes,EnumEDAMDataTypes
File,data_type,edam:data_1288,Sequence map of a whole genome.,Genome map,edam:data_1288,https://anvilproject.github.io/acr-harmonized-data-model/EnumEDAMDataTypes,EnumEDAMDataTypes
File,data_type,edam:data_1289,Image of the restriction enzyme cleavage sites (restriction sites) in a nucleic acid sequence.,Restriction map,edam:data_1289,https://anvilproject.github.io/acr-harmonized-data-model/EnumEDAMDataTypes,EnumEDAMDataTypes
File,data_type,edam:data_1347,Dirichlet distribution used by hidden Markov model analysis programs.,Dirichlet distribution,edam:data_1347,https://anvilproject.github.io/acr-harmonized-data-model/EnumEDAMDataTypes,EnumEDAMDataTypes
File,data_type,edam:data_1352,Regular expression pattern.,Regular expression,edam:data_1352,https://anvilproject.github.io/acr-harmonized-data-model/EnumEDAMDataTypes,EnumEDAMDataTypes
File,data_type,edam:data_1353,Any specific or conserved pattern (typically expressed as a regular expression) in a molecular sequence.,Sequence motif,edam:data_1353,https://anvilproject.github.io/acr-harmonized-data-model/EnumEDAMDataTypes,EnumEDAMDataTypes
File,data_type,edam:data_1354,Some type of statistical model representing a (typically multiple) sequence alignment.,Sequence profile,edam:data_1354,https://anvilproject.github.io/acr-harmonized-data-model/EnumEDAMDataTypes,EnumEDAMDataTypes
File,data_type,edam:data_1355,An informative report about a specific or conserved protein sequence pattern.,Protein signature,edam:data_1355,https://anvilproject.github.io/acr-harmonized-data-model/EnumEDAMDataTypes,EnumEDAMDataTypes
File,data_type,edam:data_1361,A profile (typically representing a sequence alignment) that is a simple matrix of nucleotide (or amino acid) counts per position.,Position frequency matrix,edam:data_1361,https://anvilproject.github.io/acr-harmonized-data-model/EnumEDAMDataTypes,EnumEDAMDataTypes
File,data_type,edam:data_1362,A profile (typically representing a sequence alignment) that is weighted matrix of nucleotide (or amino acid) counts per position.,Position weight matrix,edam:data_1362,https://anvilproject.github.io/acr-harmonized-data-model/EnumEDAMDataTypes,EnumEDAMDataTypes
File,data_type,edam:data_1363,A profile (typically representing a sequence alignment) derived from a matrix of nucleotide (or amino acid) counts per position that reflects information content at each position.,Information content matrix,edam:data_1363,https://anvilproject.github.io/acr-harmonized-data-model/EnumEDAMDataTypes,EnumEDAMDataTypes
File,data_type,edam:data_1364,"A statistical Markov model of a system which is assumed to be a Markov process with unobserved (hidden) states. For example, a hidden Markov model representation of a set or alignment of sequences.",Hidden Markov model,edam:data_1364,https://anvilproject.github.io/acr-harmonized-data-model/EnumEDAMDataTypes,EnumEDAMDataTypes
File,data_type,edam:data_1365,One or more fingerprints (sequence classifiers) as used in the PRINTS database.,Fingerprint,edam:data_1365,https://anvilproject.github.io/acr-harmonized-data-model/EnumEDAMDataTypes,EnumEDAMDataTypes
File,data_type,edam:data_1381,Alignment of exactly two molecular sequences.,Pair sequence alignment,edam:data_1381,https://anvilproject.github.io/acr-harmonized-data-model/EnumEDAMDataTypes,EnumEDAMDataTypes
File,data_type,edam:data_1383,Alignment of multiple nucleotide sequences.,Nucleic acid sequence alignment,edam:data_1383,https://anvilproject.github.io/acr-harmonized-data-model/EnumEDAMDataTypes,EnumEDAMDataTypes
File,data_type,edam:data_1384,Alignment of multiple protein sequences.,Protein sequence alignment,edam:data_1384,https://anvilproject.github.io/acr-harmonized-data-model/EnumEDAMDataTypes,EnumEDAMDataTypes
File,data_type,edam:data_1385,Alignment of multiple molecular sequences of different types.,Hybrid sequence alignment,edam:data_1385,https://anvilproject.github.io/acr-harmonized-data-model/EnumEDAMDataTypes,EnumEDAMDataTypes
File,data_type,edam:data_1394,A simple floating point number defining the penalty for opening or extending a gap in an alignment.,Alignment score or penalty,edam:data_1394,https://anvilproject.github.io/acr-harmonized-data-model/EnumEDAMDataTypes,EnumEDAMDataTypes
File,data_type,edam:data_1397,A penalty for opening a gap in an alignment.,Gap opening penalty,edam:data_1397,https://anvilproject.github.io/acr-harmonized-data-model/EnumEDAMDataTypes,EnumEDAMDataTypes
File,data_type,edam:data_1398,A penalty for extending a gap in an alignment.,Gap extension penalty,edam:data_1398,https://anvilproject.github.io/acr-harmonized-data-model/EnumEDAMDataTypes,EnumEDAMDataTypes
File,data_type,edam:data_1399,A penalty for gaps that are close together in an alignment.,Gap separation penalty,edam:data_1399,https://anvilproject.github.io/acr-harmonized-data-model/EnumEDAMDataTypes,EnumEDAMDataTypes
File,data_type,edam:data_1401,The score for a 'match' used in various sequence database search applications with simple scoring schemes.,Match reward score,edam:data_1401,https://anvilproject.github.io/acr-harmonized-data-model/EnumEDAMDataTypes,EnumEDAMDataTypes
File,data_type,edam:data_1402,The score (penalty) for a 'mismatch' used in various alignment and sequence database search applications with simple scoring schemes.,Mismatch penalty score,edam:data_1402,https://anvilproject.github.io/acr-harmonized-data-model/EnumEDAMDataTypes,EnumEDAMDataTypes
File,data_type,edam:data_1403,This is the threshold drop in score at which extension of word alignment is halted.,Drop off score,edam:data_1403,https://anvilproject.github.io/acr-harmonized-data-model/EnumEDAMDataTypes,EnumEDAMDataTypes
File,data_type,edam:data_1410,"A number defining the penalty for opening gaps at the termini of an alignment, either from the N/C terminal of protein or 5'/3' terminal of nucleotide sequences.",Terminal gap opening penalty,edam:data_1410,https://anvilproject.github.io/acr-harmonized-data-model/EnumEDAMDataTypes,EnumEDAMDataTypes
File,data_type,edam:data_1411,"A number defining the penalty for extending gaps at the termini of an alignment, either from the N/C terminal of protein or 5'/3' terminal of nucleotide sequences.",Terminal gap extension penalty,edam:data_1411,https://anvilproject.github.io/acr-harmonized-data-model/EnumEDAMDataTypes,EnumEDAMDataTypes
File,data_type,edam:data_1412,Sequence identity is the number (%) of matches (identical characters) in positions from an alignment of two molecular sequences.,Sequence identity,edam:data_1412,https://anvilproject.github.io/acr-harmonized-data-model/EnumEDAMDataTypes,EnumEDAMDataTypes
File,data_type,edam:data_1413,"Sequence similarity is the similarity (expressed as a percentage) of two molecular sequences calculated from their alignment, a scoring matrix for scoring characters substitutions and penalties for gap insertion and extension.",Sequence similarity,edam:data_1413,https://anvilproject.github.io/acr-harmonized-data-model/EnumEDAMDataTypes,EnumEDAMDataTypes
File,data_type,edam:data_1426,Continuous quantitative data that may be read during phylogenetic tree calculation.,Phylogenetic continuous quantitative data,edam:data_1426,https://anvilproject.github.io/acr-harmonized-data-model/EnumEDAMDataTypes,EnumEDAMDataTypes
File,data_type,edam:data_1427,Character data with discrete states that may be read during phylogenetic tree calculation.,Phylogenetic discrete data,edam:data_1427,https://anvilproject.github.io/acr-harmonized-data-model/EnumEDAMDataTypes,EnumEDAMDataTypes
File,data_type,edam:data_1428,"One or more cliques of mutually compatible characters that are generated, for example from analysis of discrete character data, and are used to generate a phylogeny.",Phylogenetic character cliques,edam:data_1428,https://anvilproject.github.io/acr-harmonized-data-model/EnumEDAMDataTypes,EnumEDAMDataTypes
File,data_type,edam:data_1429,Phylogenetic invariants data for testing alternative tree topologies.,Phylogenetic invariants,edam:data_1429,https://anvilproject.github.io/acr-harmonized-data-model/EnumEDAMDataTypes,EnumEDAMDataTypes
File,data_type,edam:data_1439,"A model of DNA substitution that explains a DNA sequence alignment, derived from phylogenetic tree analysis.",DNA substitution model,edam:data_1439,https://anvilproject.github.io/acr-harmonized-data-model/EnumEDAMDataTypes,EnumEDAMDataTypes
File,data_type,edam:data_1442,"Distances, such as Branch Score distance, between two or more phylogenetic trees.",Phylogenetic tree distances,edam:data_1442,https://anvilproject.github.io/acr-harmonized-data-model/EnumEDAMDataTypes,EnumEDAMDataTypes
File,data_type,edam:data_1444,"Independent contrasts for characters used in a phylogenetic tree, or covariances, regressions and correlations between characters for those contrasts.",Phylogenetic character contrasts,edam:data_1444,https://anvilproject.github.io/acr-harmonized-data-model/EnumEDAMDataTypes,EnumEDAMDataTypes
File,data_type,edam:data_1448,Matrix of integer or floating point numbers for nucleotide comparison.,Comparison matrix (nucleotide),edam:data_1448,https://anvilproject.github.io/acr-harmonized-data-model/EnumEDAMDataTypes,EnumEDAMDataTypes
File,data_type,edam:data_1449,Matrix of integer or floating point numbers for amino acid comparison.,Comparison matrix (amino acid),edam:data_1449,https://anvilproject.github.io/acr-harmonized-data-model/EnumEDAMDataTypes,EnumEDAMDataTypes
File,data_type,edam:data_1459,3D coordinate and associated data for a nucleic acid tertiary (3D) structure.,Nucleic acid structure,edam:data_1459,https://anvilproject.github.io/acr-harmonized-data-model/EnumEDAMDataTypes,EnumEDAMDataTypes
File,data_type,edam:data_1460,"3D coordinate and associated data for a protein tertiary (3D) structure, or part of a structure, possibly in complex with other molecules.",Protein structure,edam:data_1460,https://anvilproject.github.io/acr-harmonized-data-model/EnumEDAMDataTypes,EnumEDAMDataTypes
File,data_type,edam:data_1461,"The structure of a protein in complex with a ligand, typically a small molecule such as an enzyme substrate or cofactor, but possibly another macromolecule.",Protein-ligand complex,edam:data_1461,https://anvilproject.github.io/acr-harmonized-data-model/EnumEDAMDataTypes,EnumEDAMDataTypes
File,data_type,edam:data_1462,3D coordinate and associated data for a carbohydrate (3D) structure.,Carbohydrate structure,edam:data_1462,https://anvilproject.github.io/acr-harmonized-data-model/EnumEDAMDataTypes,EnumEDAMDataTypes
File,data_type,edam:data_1463,"3D coordinate and associated data for the (3D) structure of a small molecule, such as any common chemical compound.",Small molecule structure,edam:data_1463,https://anvilproject.github.io/acr-harmonized-data-model/EnumEDAMDataTypes,EnumEDAMDataTypes
File,data_type,edam:data_1464,3D coordinate and associated data for a DNA tertiary (3D) structure.,DNA structure,edam:data_1464,https://anvilproject.github.io/acr-harmonized-data-model/EnumEDAMDataTypes,EnumEDAMDataTypes
File,data_type,edam:data_1465,3D coordinate and associated data for an RNA tertiary (3D) structure.,RNA structure,edam:data_1465,https://anvilproject.github.io/acr-harmonized-data-model/EnumEDAMDataTypes,EnumEDAMDataTypes
File,data_type,edam:data_1466,"3D coordinate and associated data for a tRNA tertiary (3D) structure, including tmRNA, snoRNAs etc.",tRNA structure,edam:data_1466,https://anvilproject.github.io/acr-harmonized-data-model/EnumEDAMDataTypes,EnumEDAMDataTypes
File,data_type,edam:data_1467,3D coordinate and associated data for the tertiary (3D) structure of a polypeptide chain.,Protein chain,edam:data_1467,https://anvilproject.github.io/acr-harmonized-data-model/EnumEDAMDataTypes,EnumEDAMDataTypes
File,data_type,edam:data_1468,3D coordinate and associated data for the tertiary (3D) structure of a protein domain.,Protein domain,edam:data_1468,https://anvilproject.github.io/acr-harmonized-data-model/EnumEDAMDataTypes,EnumEDAMDataTypes
File,data_type,edam:data_1470,3D coordinate and associated data for a protein tertiary (3D) structure (typically C-alpha atoms only).,C-alpha trace,edam:data_1470,https://anvilproject.github.io/acr-harmonized-data-model/EnumEDAMDataTypes,EnumEDAMDataTypes
File,data_type,edam:data_1479,Alignment (superimposition) of exactly two molecular tertiary (3D) structures.,Structure alignment (pair),edam:data_1479,https://anvilproject.github.io/acr-harmonized-data-model/EnumEDAMDataTypes,EnumEDAMDataTypes
File,data_type,edam:data_1481,Alignment (superimposition) of protein tertiary (3D) structures.,Protein structure alignment,edam:data_1481,https://anvilproject.github.io/acr-harmonized-data-model/EnumEDAMDataTypes,EnumEDAMDataTypes
File,data_type,edam:data_1482,Alignment (superimposition) of nucleic acid tertiary (3D) structures.,Nucleic acid structure alignment,edam:data_1482,https://anvilproject.github.io/acr-harmonized-data-model/EnumEDAMDataTypes,EnumEDAMDataTypes
File,data_type,edam:data_1493,Alignment (superimposition) of RNA tertiary (3D) structures.,RNA structure alignment,edam:data_1493,https://anvilproject.github.io/acr-harmonized-data-model/EnumEDAMDataTypes,EnumEDAMDataTypes
File,data_type,edam:data_1494,"Matrix to transform (rotate/translate) 3D coordinates, typically the transformation necessary to superimpose two molecular structures.",Structural transformation matrix,edam:data_1494,https://anvilproject.github.io/acr-harmonized-data-model/EnumEDAMDataTypes,EnumEDAMDataTypes
File,data_type,edam:data_1497,Root-mean-square deviation (RMSD) is calculated to measure the average distance between superimposed macromolecular coordinates.,Root-mean-square deviation,edam:data_1497,https://anvilproject.github.io/acr-harmonized-data-model/EnumEDAMDataTypes,EnumEDAMDataTypes
File,data_type,edam:data_1498,A measure of the similarity between two ligand fingerprints.,Tanimoto similarity score,edam:data_1498,https://anvilproject.github.io/acr-harmonized-data-model/EnumEDAMDataTypes,EnumEDAMDataTypes
File,data_type,edam:data_1499,A matrix of 3D-1D scores reflecting the probability of amino acids to occur in different tertiary structural environments.,3D-1D scoring matrix,edam:data_1499,https://anvilproject.github.io/acr-harmonized-data-model/EnumEDAMDataTypes,EnumEDAMDataTypes
File,data_type,edam:data_1501,A table of 20 numerical values which quantify a property (e.g. physicochemical or biochemical) of the common amino acids.,Amino acid index,edam:data_1501,https://anvilproject.github.io/acr-harmonized-data-model/EnumEDAMDataTypes,EnumEDAMDataTypes
File,data_type,edam:data_1502,"Chemical classification (small, aliphatic, aromatic, polar, charged etc) of amino acids.",Amino acid index (chemical classes),edam:data_1502,https://anvilproject.github.io/acr-harmonized-data-model/EnumEDAMDataTypes,EnumEDAMDataTypes
File,data_type,edam:data_1503,Statistical protein contact potentials.,Amino acid pair-wise contact potentials,edam:data_1503,https://anvilproject.github.io/acr-harmonized-data-model/EnumEDAMDataTypes,EnumEDAMDataTypes
File,data_type,edam:data_1505,Molecular weights of amino acids.,Amino acid index (molecular weight),edam:data_1505,https://anvilproject.github.io/acr-harmonized-data-model/EnumEDAMDataTypes,EnumEDAMDataTypes
File,data_type,edam:data_1506,"Hydrophobic, hydrophilic or charge properties of amino acids.",Amino acid index (hydropathy),edam:data_1506,https://anvilproject.github.io/acr-harmonized-data-model/EnumEDAMDataTypes,EnumEDAMDataTypes
File,data_type,edam:data_1507,Experimental free energy values for the water-interface and water-octanol transitions for the amino acids.,Amino acid index (White-Wimley data),edam:data_1507,https://anvilproject.github.io/acr-harmonized-data-model/EnumEDAMDataTypes,EnumEDAMDataTypes
File,data_type,edam:data_1508,Van der Waals radii of atoms for different amino acid residues.,Amino acid index (van der Waals radii),edam:data_1508,https://anvilproject.github.io/acr-harmonized-data-model/EnumEDAMDataTypes,EnumEDAMDataTypes
File,data_type,edam:data_1519,"List of molecular weight(s) of one or more proteins or peptides, for example cut by proteolytic enzymes or reagents.",Peptide molecular weights,edam:data_1519,https://anvilproject.github.io/acr-harmonized-data-model/EnumEDAMDataTypes,EnumEDAMDataTypes
File,data_type,edam:data_1520,Report on the hydrophobic moment of a polypeptide sequence.,Peptide hydrophobic moment,edam:data_1520,https://anvilproject.github.io/acr-harmonized-data-model/EnumEDAMDataTypes,EnumEDAMDataTypes
File,data_type,edam:data_1521,The aliphatic index of a protein.,Protein aliphatic index,edam:data_1521,https://anvilproject.github.io/acr-harmonized-data-model/EnumEDAMDataTypes,EnumEDAMDataTypes
File,data_type,edam:data_1522,"A protein sequence with annotation on hydrophobic or hydrophilic / charged regions, hydrophobicity plot etc.",Protein sequence hydropathy plot,edam:data_1522,https://anvilproject.github.io/acr-harmonized-data-model/EnumEDAMDataTypes,EnumEDAMDataTypes
File,data_type,edam:data_1523,A plot of the mean charge of the amino acids within a window of specified length as the window is moved along a protein sequence.,Protein charge plot,edam:data_1523,https://anvilproject.github.io/acr-harmonized-data-model/EnumEDAMDataTypes,EnumEDAMDataTypes
File,data_type,edam:data_1524,The solubility or atomic solvation energy of a protein sequence or structure.,Protein solubility,edam:data_1524,https://anvilproject.github.io/acr-harmonized-data-model/EnumEDAMDataTypes,EnumEDAMDataTypes
File,data_type,edam:data_1525,Data on the crystallizability of a protein sequence.,Protein crystallizability,edam:data_1525,https://anvilproject.github.io/acr-harmonized-data-model/EnumEDAMDataTypes,EnumEDAMDataTypes
File,data_type,edam:data_1526,"Data on the stability, intrinsic disorder or globularity of a protein sequence.",Protein globularity,edam:data_1526,https://anvilproject.github.io/acr-harmonized-data-model/EnumEDAMDataTypes,EnumEDAMDataTypes
File,data_type,edam:data_1527,The titration curve of a protein.,Protein titration curve,edam:data_1527,https://anvilproject.github.io/acr-harmonized-data-model/EnumEDAMDataTypes,EnumEDAMDataTypes
File,data_type,edam:data_1528,The isoelectric point of one proteins.,Protein isoelectric point,edam:data_1528,https://anvilproject.github.io/acr-harmonized-data-model/EnumEDAMDataTypes,EnumEDAMDataTypes
File,data_type,edam:data_1529,The pKa value of a protein.,Protein pKa value,edam:data_1529,https://anvilproject.github.io/acr-harmonized-data-model/EnumEDAMDataTypes,EnumEDAMDataTypes
File,data_type,edam:data_1530,The hydrogen exchange rate of a protein.,Protein hydrogen exchange rate,edam:data_1530,https://anvilproject.github.io/acr-harmonized-data-model/EnumEDAMDataTypes,EnumEDAMDataTypes
File,data_type,edam:data_1531,The extinction coefficient of a protein.,Protein extinction coefficient,edam:data_1531,https://anvilproject.github.io/acr-harmonized-data-model/EnumEDAMDataTypes,EnumEDAMDataTypes
File,data_type,edam:data_1532,The optical density of a protein.,Protein optical density,edam:data_1532,https://anvilproject.github.io/acr-harmonized-data-model/EnumEDAMDataTypes,EnumEDAMDataTypes
File,data_type,edam:data_1534,An report on allergenicity / immunogenicity of peptides and proteins.,Peptide immunogenicity data,edam:data_1534,https://anvilproject.github.io/acr-harmonized-data-model/EnumEDAMDataTypes,EnumEDAMDataTypes
File,data_type,edam:data_1537,A human-readable collection of information about one or more specific protein 3D structure(s) or structural domains.,Protein structure report,edam:data_1537,https://anvilproject.github.io/acr-harmonized-data-model/EnumEDAMDataTypes,EnumEDAMDataTypes
File,data_type,edam:data_1539,Report on the quality of a protein three-dimensional model.,Protein structural quality report,edam:data_1539,https://anvilproject.github.io/acr-harmonized-data-model/EnumEDAMDataTypes,EnumEDAMDataTypes
File,data_type,edam:data_1542,Data on the solvent accessible or buried surface area of a protein structure.,Protein solvent accessibility,edam:data_1542,https://anvilproject.github.io/acr-harmonized-data-model/EnumEDAMDataTypes,EnumEDAMDataTypes
File,data_type,edam:data_1544,Phi/psi angle data or a Ramachandran plot of a protein structure.,Ramachandran plot,edam:data_1544,https://anvilproject.github.io/acr-harmonized-data-model/EnumEDAMDataTypes,EnumEDAMDataTypes
File,data_type,edam:data_1545,Data on the net charge distribution (dipole moment) of a protein structure.,Protein dipole moment,edam:data_1545,https://anvilproject.github.io/acr-harmonized-data-model/EnumEDAMDataTypes,EnumEDAMDataTypes
File,data_type,edam:data_1546,A matrix of distances between amino acid residues (for example the C-alpha atoms) in a protein structure.,Protein distance matrix,edam:data_1546,https://anvilproject.github.io/acr-harmonized-data-model/EnumEDAMDataTypes,EnumEDAMDataTypes
File,data_type,edam:data_1547,An amino acid residue contact map for a protein structure.,Protein contact map,edam:data_1547,https://anvilproject.github.io/acr-harmonized-data-model/EnumEDAMDataTypes,EnumEDAMDataTypes
File,data_type,edam:data_1548,Report on clusters of contacting residues in protein structures such as a key structural residue network.,Protein residue 3D cluster,edam:data_1548,https://anvilproject.github.io/acr-harmonized-data-model/EnumEDAMDataTypes,EnumEDAMDataTypes
File,data_type,edam:data_1549,Patterns of hydrogen bonding in protein structures.,Protein hydrogen bonds,edam:data_1549,https://anvilproject.github.io/acr-harmonized-data-model/EnumEDAMDataTypes,EnumEDAMDataTypes
File,data_type,edam:data_1566,An informative report on protein-ligand (small molecule) interaction(s).,Protein-ligand interaction report,edam:data_1566,https://anvilproject.github.io/acr-harmonized-data-model/EnumEDAMDataTypes,EnumEDAMDataTypes
File,data_type,edam:data_1583,Data on the dissociation characteristics of a double-stranded nucleic acid molecule (DNA or a DNA/RNA hybrid) during heating.,Nucleic acid melting profile,edam:data_1583,https://anvilproject.github.io/acr-harmonized-data-model/EnumEDAMDataTypes,EnumEDAMDataTypes
File,data_type,edam:data_1584,Enthalpy of hybridised or double stranded nucleic acid (DNA or RNA/DNA).,Nucleic acid enthalpy,edam:data_1584,https://anvilproject.github.io/acr-harmonized-data-model/EnumEDAMDataTypes,EnumEDAMDataTypes
File,data_type,edam:data_1585,Entropy of hybridised or double stranded nucleic acid (DNA or RNA/DNA).,Nucleic acid entropy,edam:data_1585,https://anvilproject.github.io/acr-harmonized-data-model/EnumEDAMDataTypes,EnumEDAMDataTypes
File,data_type,edam:data_1588,DNA base pair stacking energies data.,DNA base pair stacking energies data,edam:data_1588,https://anvilproject.github.io/acr-harmonized-data-model/EnumEDAMDataTypes,EnumEDAMDataTypes
File,data_type,edam:data_1589,DNA base pair twist angle data.,DNA base pair twist angle data,edam:data_1589,https://anvilproject.github.io/acr-harmonized-data-model/EnumEDAMDataTypes,EnumEDAMDataTypes
File,data_type,edam:data_1590,DNA base trimer roll angles data.,DNA base trimer roll angles data,edam:data_1590,https://anvilproject.github.io/acr-harmonized-data-model/EnumEDAMDataTypes,EnumEDAMDataTypes
File,data_type,edam:data_1595,Dotplot of RNA base pairing probability matrix.,Base pairing probability matrix dotplot,edam:data_1595,https://anvilproject.github.io/acr-harmonized-data-model/EnumEDAMDataTypes,EnumEDAMDataTypes
File,data_type,edam:data_1596,"A human-readable collection of information about RNA/DNA folding, minimum folding energies for DNA or RNA sequences, energy landscape of RNA mutants etc.",Nucleic acid folding report,edam:data_1596,https://anvilproject.github.io/acr-harmonized-data-model/EnumEDAMDataTypes,EnumEDAMDataTypes
File,data_type,edam:data_1597,Table of codon usage data calculated from one or more nucleic acid sequences.,Codon usage table,edam:data_1597,https://anvilproject.github.io/acr-harmonized-data-model/EnumEDAMDataTypes,EnumEDAMDataTypes
File,data_type,edam:data_1598,A genetic code for an organism.,Genetic code,edam:data_1598,https://anvilproject.github.io/acr-harmonized-data-model/EnumEDAMDataTypes,EnumEDAMDataTypes
File,data_type,edam:data_1600,A plot of the synonymous codon usage calculated for windows over a nucleotide sequence.,Codon usage bias plot,edam:data_1600,https://anvilproject.github.io/acr-harmonized-data-model/EnumEDAMDataTypes,EnumEDAMDataTypes
File,data_type,edam:data_1602,The differences in codon usage fractions between two codon usage tables.,Codon usage fraction difference,edam:data_1602,https://anvilproject.github.io/acr-harmonized-data-model/EnumEDAMDataTypes,EnumEDAMDataTypes
File,data_type,edam:data_1621,A human-readable collection of information about the influence of genotype on drug response.,Pharmacogenomic test report,edam:data_1621,https://anvilproject.github.io/acr-harmonized-data-model/EnumEDAMDataTypes,EnumEDAMDataTypes
File,data_type,edam:data_1622,A human-readable collection of information about a specific disease.,Disease report,edam:data_1622,https://anvilproject.github.io/acr-harmonized-data-model/EnumEDAMDataTypes,EnumEDAMDataTypes
File,data_type,edam:data_1636,"A graphical 2D tabular representation of expression data, typically derived from an omics experiment. A heat map is a table where rows and columns correspond to different features and contexts (for example, cells or samples) and the cell colour represents the level of expression of a gene that context.",Heat map,edam:data_1636,https://anvilproject.github.io/acr-harmonized-data-model/EnumEDAMDataTypes,EnumEDAMDataTypes
File,data_type,edam:data_1667,A simple floating point number defining the lower or upper limit of an expectation value (E-value).,E-value,edam:data_1667,https://anvilproject.github.io/acr-harmonized-data-model/EnumEDAMDataTypes,EnumEDAMDataTypes
File,data_type,edam:data_1668,The z-value is the number of standard deviations a data value is above or below a mean value.,Z-value,edam:data_1668,https://anvilproject.github.io/acr-harmonized-data-model/EnumEDAMDataTypes,EnumEDAMDataTypes
File,data_type,edam:data_1669,"The P-value is the probability of obtaining by random chance a result that is at least as extreme as an observed result, assuming a NULL hypothesis is true.",P-value,edam:data_1669,https://anvilproject.github.io/acr-harmonized-data-model/EnumEDAMDataTypes,EnumEDAMDataTypes
File,data_type,edam:data_1689,A username on a computer system or a website.,Username,edam:data_1689,https://anvilproject.github.io/acr-harmonized-data-model/EnumEDAMDataTypes,EnumEDAMDataTypes
File,data_type,edam:data_1690,"A password on a computer system, or a website.",Password,edam:data_1690,https://anvilproject.github.io/acr-harmonized-data-model/EnumEDAMDataTypes,EnumEDAMDataTypes
File,data_type,edam:data_1691,A valid email address of an end-user.,Email address,edam:data_1691,https://anvilproject.github.io/acr-harmonized-data-model/EnumEDAMDataTypes,EnumEDAMDataTypes
File,data_type,edam:data_1692,The name of a person.,Person name,edam:data_1692,https://anvilproject.github.io/acr-harmonized-data-model/EnumEDAMDataTypes,EnumEDAMDataTypes
File,data_type,edam:data_1696,A human-readable collection of information about a specific drug.,Drug report,edam:data_1696,https://anvilproject.github.io/acr-harmonized-data-model/EnumEDAMDataTypes,EnumEDAMDataTypes
File,data_type,edam:data_1707,"An image (for viewing or printing) of a phylogenetic tree including (typically) a plot of rooted or unrooted phylogenies, cladograms, circular trees or phenograms and associated information.",Phylogenetic tree image,edam:data_1707,https://anvilproject.github.io/acr-harmonized-data-model/EnumEDAMDataTypes,EnumEDAMDataTypes
File,data_type,edam:data_1708,"Image of RNA secondary structure, knots, pseudoknots etc.",RNA secondary structure image,edam:data_1708,https://anvilproject.github.io/acr-harmonized-data-model/EnumEDAMDataTypes,EnumEDAMDataTypes
File,data_type,edam:data_1709,Image of protein secondary structure.,Protein secondary structure image,edam:data_1709,https://anvilproject.github.io/acr-harmonized-data-model/EnumEDAMDataTypes,EnumEDAMDataTypes
File,data_type,edam:data_1710,Image of one or more molecular tertiary (3D) structures.,Structure image,edam:data_1710,https://anvilproject.github.io/acr-harmonized-data-model/EnumEDAMDataTypes,EnumEDAMDataTypes
File,data_type,edam:data_1711,Image of two or more aligned molecular sequences possibly annotated with alignment features.,Sequence alignment image,edam:data_1711,https://anvilproject.github.io/acr-harmonized-data-model/EnumEDAMDataTypes,EnumEDAMDataTypes
File,data_type,edam:data_1712,An image of the structure of a small chemical compound.,Chemical structure image,edam:data_1712,https://anvilproject.github.io/acr-harmonized-data-model/EnumEDAMDataTypes,EnumEDAMDataTypes
File,data_type,edam:data_1713,"A fate map is a plan of early stage of an embryo such as a blastula, showing areas that are significance to development.",Fate map,edam:data_1713,https://anvilproject.github.io/acr-harmonized-data-model/EnumEDAMDataTypes,EnumEDAMDataTypes
File,data_type,edam:data_1714,An image of spots from a microarray experiment.,Microarray spots image,edam:data_1714,https://anvilproject.github.io/acr-harmonized-data-model/EnumEDAMDataTypes,EnumEDAMDataTypes
File,data_type,edam:data_1731,The definition of a concept from an ontology.,Ontology concept definition,edam:data_1731,https://anvilproject.github.io/acr-harmonized-data-model/EnumEDAMDataTypes,EnumEDAMDataTypes
File,data_type,edam:data_1742,A residue identifier (a string) from a PDB file.,PDB residue number,edam:data_1742,https://anvilproject.github.io/acr-harmonized-data-model/EnumEDAMDataTypes,EnumEDAMDataTypes
File,data_type,edam:data_1743,Cartesian coordinate of an atom (in a molecular structure).,Atomic coordinate,edam:data_1743,https://anvilproject.github.io/acr-harmonized-data-model/EnumEDAMDataTypes,EnumEDAMDataTypes
File,data_type,edam:data_1748,Identifier (a string) of a specific atom from a PDB file for a molecular structure.,PDB atom name,edam:data_1748,https://anvilproject.github.io/acr-harmonized-data-model/EnumEDAMDataTypes,EnumEDAMDataTypes
File,data_type,edam:data_1755,Data on a single atom from a protein structure.,Protein atom,edam:data_1755,https://anvilproject.github.io/acr-harmonized-data-model/EnumEDAMDataTypes,EnumEDAMDataTypes
File,data_type,edam:data_1756,Data on a single amino acid residue position in a protein structure.,Protein residue,edam:data_1756,https://anvilproject.github.io/acr-harmonized-data-model/EnumEDAMDataTypes,EnumEDAMDataTypes
File,data_type,edam:data_1757,Name of an atom.,Atom name,edam:data_1757,https://anvilproject.github.io/acr-harmonized-data-model/EnumEDAMDataTypes,EnumEDAMDataTypes
File,data_type,edam:data_1758,Three-letter amino acid residue names as used in PDB files.,PDB residue name,edam:data_1758,https://anvilproject.github.io/acr-harmonized-data-model/EnumEDAMDataTypes,EnumEDAMDataTypes
File,data_type,edam:data_1759,Identifier of a model structure from a PDB file.,PDB model number,edam:data_1759,https://anvilproject.github.io/acr-harmonized-data-model/EnumEDAMDataTypes,EnumEDAMDataTypes
File,data_type,edam:data_1771,Information on an molecular sequence version.,Sequence version,edam:data_1771,https://anvilproject.github.io/acr-harmonized-data-model/EnumEDAMDataTypes,EnumEDAMDataTypes
File,data_type,edam:data_1772,"A numerical value, that is some type of scored value arising for example from a prediction method.",Score,edam:data_1772,https://anvilproject.github.io/acr-harmonized-data-model/EnumEDAMDataTypes,EnumEDAMDataTypes
File,data_type,edam:data_1794,Identifier of a gene from PlasmoDB Plasmodium Genome Resource.,Gene ID (PlasmoDB),edam:data_1794,https://anvilproject.github.io/acr-harmonized-data-model/EnumEDAMDataTypes,EnumEDAMDataTypes
File,data_type,edam:data_1795,Identifier of a gene from EcoGene Database.,Gene ID (EcoGene),edam:data_1795,https://anvilproject.github.io/acr-harmonized-data-model/EnumEDAMDataTypes,EnumEDAMDataTypes
File,data_type,edam:data_1796,Gene identifier from FlyBase database.,Gene ID (FlyBase),edam:data_1796,https://anvilproject.github.io/acr-harmonized-data-model/EnumEDAMDataTypes,EnumEDAMDataTypes
File,data_type,edam:data_1802,Gene identifier from Gramene database.,Gene ID (Gramene),edam:data_1802,https://anvilproject.github.io/acr-harmonized-data-model/EnumEDAMDataTypes,EnumEDAMDataTypes
File,data_type,edam:data_1803,Gene identifier from Virginia Bioinformatics Institute microbial database.,Gene ID (Virginia microbial),edam:data_1803,https://anvilproject.github.io/acr-harmonized-data-model/EnumEDAMDataTypes,EnumEDAMDataTypes
File,data_type,edam:data_1804,Gene identifier from Sol Genomics Network.,Gene ID (SGN),edam:data_1804,https://anvilproject.github.io/acr-harmonized-data-model/EnumEDAMDataTypes,EnumEDAMDataTypes
File,data_type,edam:data_1805,Gene identifier used by WormBase database.,Gene ID (WormBase),edam:data_1805,https://anvilproject.github.io/acr-harmonized-data-model/EnumEDAMDataTypes,EnumEDAMDataTypes
File,data_type,edam:data_1807,The name of an open reading frame attributed by a sequencing project.,ORF name,edam:data_1807,https://anvilproject.github.io/acr-harmonized-data-model/EnumEDAMDataTypes,EnumEDAMDataTypes
File,data_type,edam:data_1855,An identifier of a clone (cloned molecular sequence) from a database.,Clone ID,edam:data_1855,https://anvilproject.github.io/acr-harmonized-data-model/EnumEDAMDataTypes,EnumEDAMDataTypes
File,data_type,edam:data_1856,An insertion code (part of the residue number) for an amino acid residue from a PDB file.,PDB insertion code,edam:data_1856,https://anvilproject.github.io/acr-harmonized-data-model/EnumEDAMDataTypes,EnumEDAMDataTypes
File,data_type,edam:data_1857,The fraction of an atom type present at a site in a molecular structure.,Atomic occupancy,edam:data_1857,https://anvilproject.github.io/acr-harmonized-data-model/EnumEDAMDataTypes,EnumEDAMDataTypes
File,data_type,edam:data_1858,Isotropic B factor (atomic displacement parameter) for an atom from a PDB file.,Isotropic B factor,edam:data_1858,https://anvilproject.github.io/acr-harmonized-data-model/EnumEDAMDataTypes,EnumEDAMDataTypes
File,data_type,edam:data_1859,A cytogenetic map showing chromosome banding patterns in mutant cell lines relative to the wild type.,Deletion map,edam:data_1859,https://anvilproject.github.io/acr-harmonized-data-model/EnumEDAMDataTypes,EnumEDAMDataTypes
File,data_type,edam:data_1860,A genetic map which shows the approximate location of quantitative trait loci (QTL) between two or more markers.,QTL map,edam:data_1860,https://anvilproject.github.io/acr-harmonized-data-model/EnumEDAMDataTypes,EnumEDAMDataTypes
File,data_type,edam:data_1863,"A map of haplotypes in a genome or other sequence, describing common patterns of genetic variation.",Haplotype map,edam:data_1863,https://anvilproject.github.io/acr-harmonized-data-model/EnumEDAMDataTypes,EnumEDAMDataTypes
File,data_type,edam:data_1867,The name of a protein fold.,Protein fold name,edam:data_1867,https://anvilproject.github.io/acr-harmonized-data-model/EnumEDAMDataTypes,EnumEDAMDataTypes
File,data_type,edam:data_1868,The name of a group of organisms belonging to the same taxonomic rank.,Taxon,edam:data_1868,https://anvilproject.github.io/acr-harmonized-data-model/EnumEDAMDataTypes,EnumEDAMDataTypes
File,data_type,edam:data_1869,A unique identifier of a (group of) organisms.,Organism identifier,edam:data_1869,https://anvilproject.github.io/acr-harmonized-data-model/EnumEDAMDataTypes,EnumEDAMDataTypes
File,data_type,edam:data_1870,The name of a genus of organism.,Genus name,edam:data_1870,https://anvilproject.github.io/acr-harmonized-data-model/EnumEDAMDataTypes,EnumEDAMDataTypes
File,data_type,edam:data_1872,"The full name for a group of organisms, reflecting their biological classification and (usually) conforming to a standard nomenclature.",Taxonomic classification,edam:data_1872,https://anvilproject.github.io/acr-harmonized-data-model/EnumEDAMDataTypes,EnumEDAMDataTypes
File,data_type,edam:data_1873,A unique identifier for an organism used in the iHOP database.,iHOP organism ID,edam:data_1873,https://anvilproject.github.io/acr-harmonized-data-model/EnumEDAMDataTypes,EnumEDAMDataTypes
File,data_type,edam:data_1874,Common name for an organism as used in the GenBank database.,Genbank common name,edam:data_1874,https://anvilproject.github.io/acr-harmonized-data-model/EnumEDAMDataTypes,EnumEDAMDataTypes
File,data_type,edam:data_1875,The name of a taxon from the NCBI taxonomy database.,NCBI taxon,edam:data_1875,https://anvilproject.github.io/acr-harmonized-data-model/EnumEDAMDataTypes,EnumEDAMDataTypes
File,data_type,edam:data_1881,Information on the authors of a published work.,Author ID,edam:data_1881,https://anvilproject.github.io/acr-harmonized-data-model/EnumEDAMDataTypes,EnumEDAMDataTypes
File,data_type,edam:data_1882,An identifier representing an author in the DragonDB database.,DragonDB author identifier,edam:data_1882,https://anvilproject.github.io/acr-harmonized-data-model/EnumEDAMDataTypes,EnumEDAMDataTypes
File,data_type,edam:data_1883,A URI along with annotation describing the data found at the address.,Annotated URI,edam:data_1883,https://anvilproject.github.io/acr-harmonized-data-model/EnumEDAMDataTypes,EnumEDAMDataTypes
File,data_type,edam:data_1885,Identifier of a gene from the GeneFarm database.,Gene ID (GeneFarm),edam:data_1885,https://anvilproject.github.io/acr-harmonized-data-model/EnumEDAMDataTypes,EnumEDAMDataTypes
File,data_type,edam:data_1886,The blattner identifier for a gene.,Blattner number,edam:data_1886,https://anvilproject.github.io/acr-harmonized-data-model/EnumEDAMDataTypes,EnumEDAMDataTypes
File,data_type,edam:data_1891,A unique identifier of a protein or gene used in the iHOP database.,iHOP symbol,edam:data_1891,https://anvilproject.github.io/acr-harmonized-data-model/EnumEDAMDataTypes,EnumEDAMDataTypes
File,data_type,edam:data_1893,"A unique name or other identifier of a genetic locus, typically conforming to a scheme that names loci (such as predicted genes) depending on their position in a molecular sequence, for example a completely sequenced genome or chromosome.",Locus ID,edam:data_1893,https://anvilproject.github.io/acr-harmonized-data-model/EnumEDAMDataTypes,EnumEDAMDataTypes
File,data_type,edam:data_1895,"Locus identifier for Arabidopsis Genome Initiative (TAIR, TIGR and MIPS databases).",Locus ID (AGI),edam:data_1895,https://anvilproject.github.io/acr-harmonized-data-model/EnumEDAMDataTypes,EnumEDAMDataTypes
File,data_type,edam:data_1896,Identifier for loci from ASPGD (Aspergillus Genome Database).,Locus ID (ASPGD),edam:data_1896,https://anvilproject.github.io/acr-harmonized-data-model/EnumEDAMDataTypes,EnumEDAMDataTypes
File,data_type,edam:data_1897,Identifier for loci from Magnaporthe grisea Database at the Broad Institute.,Locus ID (MGG),edam:data_1897,https://anvilproject.github.io/acr-harmonized-data-model/EnumEDAMDataTypes,EnumEDAMDataTypes
File,data_type,edam:data_1898,Identifier for loci from CGD (Candida Genome Database).,Locus ID (CGD),edam:data_1898,https://anvilproject.github.io/acr-harmonized-data-model/EnumEDAMDataTypes,EnumEDAMDataTypes
File,data_type,edam:data_1899,Locus identifier for Comprehensive Microbial Resource at the J. Craig Venter Institute.,Locus ID (CMR),edam:data_1899,https://anvilproject.github.io/acr-harmonized-data-model/EnumEDAMDataTypes,EnumEDAMDataTypes
File,data_type,edam:data_1900,Identifier for loci from NCBI database.,NCBI locus tag,edam:data_1900,https://anvilproject.github.io/acr-harmonized-data-model/EnumEDAMDataTypes,EnumEDAMDataTypes
File,data_type,edam:data_1901,Identifier for loci from SGD (Saccharomyces Genome Database).,Locus ID (SGD),edam:data_1901,https://anvilproject.github.io/acr-harmonized-data-model/EnumEDAMDataTypes,EnumEDAMDataTypes
File,data_type,edam:data_1902,Identifier of loci from Maize Mapping Project.,Locus ID (MMP),edam:data_1902,https://anvilproject.github.io/acr-harmonized-data-model/EnumEDAMDataTypes,EnumEDAMDataTypes
File,data_type,edam:data_1903,Identifier of locus from DictyBase (Dictyostelium discoideum).,Locus ID (DictyBase),edam:data_1903,https://anvilproject.github.io/acr-harmonized-data-model/EnumEDAMDataTypes,EnumEDAMDataTypes
File,data_type,edam:data_1904,Identifier of a locus from EntrezGene database.,Locus ID (EntrezGene),edam:data_1904,https://anvilproject.github.io/acr-harmonized-data-model/EnumEDAMDataTypes,EnumEDAMDataTypes
File,data_type,edam:data_1905,Identifier of locus from MaizeGDB (Maize genome database).,Locus ID (MaizeGDB),edam:data_1905,https://anvilproject.github.io/acr-harmonized-data-model/EnumEDAMDataTypes,EnumEDAMDataTypes
File,data_type,edam:data_1907,Identifier of a gene from the KOME database.,Gene ID (KOME),edam:data_1907,https://anvilproject.github.io/acr-harmonized-data-model/EnumEDAMDataTypes,EnumEDAMDataTypes
File,data_type,edam:data_1908,Identifier of a locus from the Tropgene database.,Locus ID (Tropgene),edam:data_1908,https://anvilproject.github.io/acr-harmonized-data-model/EnumEDAMDataTypes,EnumEDAMDataTypes
File,data_type,edam:data_1916,"An alignment of molecular sequences, structures or profiles derived from them.",Alignment,edam:data_1916,https://anvilproject.github.io/acr-harmonized-data-model/EnumEDAMDataTypes,EnumEDAMDataTypes
File,data_type,edam:data_1917,Data for an atom (in a molecular structure).,Atomic property,edam:data_1917,https://anvilproject.github.io/acr-harmonized-data-model/EnumEDAMDataTypes,EnumEDAMDataTypes
File,data_type,edam:data_2007,A word or phrase that can appear in the keywords field (KW line) of entries from the UniProt database.,UniProt keyword,edam:data_2007,https://anvilproject.github.io/acr-harmonized-data-model/EnumEDAMDataTypes,EnumEDAMDataTypes
File,data_type,edam:data_2012,"A position in a map (for example a genetic map), either a single position (point) or a region / interval.",Sequence coordinates,edam:data_2012,https://anvilproject.github.io/acr-harmonized-data-model/EnumEDAMDataTypes,EnumEDAMDataTypes
File,data_type,edam:data_2016,"Data concerning the intrinsic physical (e.g. structural) or chemical properties of one, more or all amino acids.",Amino acid property,edam:data_2016,https://anvilproject.github.io/acr-harmonized-data-model/EnumEDAMDataTypes,EnumEDAMDataTypes
File,data_type,edam:data_2019,"Data describing a molecular map (genetic or physical) or a set of such maps, including various attributes of, data extracted from or derived from the analysis of them, but excluding the map(s) themselves. This includes metadata for map sets that share a common set of features which are mapped.",Map data,edam:data_2019,https://anvilproject.github.io/acr-harmonized-data-model/EnumEDAMDataTypes,EnumEDAMDataTypes
File,data_type,edam:data_2024,Data concerning chemical reaction(s) catalysed by enzyme(s).,Enzyme kinetics data,edam:data_2024,https://anvilproject.github.io/acr-harmonized-data-model/EnumEDAMDataTypes,EnumEDAMDataTypes
File,data_type,edam:data_2025,"A plot giving an approximation of the kinetics of an enzyme-catalysed reaction, assuming simple kinetics (i.e. no intermediate or product inhibition, allostericity or cooperativity). It plots initial reaction rate to the substrate concentration (S) from which the maximum rate (vmax) is apparent.",Michaelis Menten plot,edam:data_2025,https://anvilproject.github.io/acr-harmonized-data-model/EnumEDAMDataTypes,EnumEDAMDataTypes
File,data_type,edam:data_2026,A plot based on the Michaelis Menten equation of enzyme kinetics plotting the ratio of the initial substrate concentration (S) against the reaction velocity (v).,Hanes Woolf plot,edam:data_2026,https://anvilproject.github.io/acr-harmonized-data-model/EnumEDAMDataTypes,EnumEDAMDataTypes
File,data_type,edam:data_2042,"Typically a human-readable summary of body of facts or information indicating why a statement is true or valid. This may include a computational prediction, laboratory experiment, literature reference etc.",Evidence,edam:data_2042,https://anvilproject.github.io/acr-harmonized-data-model/EnumEDAMDataTypes,EnumEDAMDataTypes
File,data_type,edam:data_2044,"One or more molecular sequences, possibly with associated annotation.",Sequence,edam:data_2044,https://anvilproject.github.io/acr-harmonized-data-model/EnumEDAMDataTypes,EnumEDAMDataTypes
File,data_type,edam:data_2048,"A human-readable collection of information including annotation on a biological entity or phenomena, computer-generated reports of analysis of primary data (e.g. sequence or structural), and metadata (data about primary data) or any other free (essentially unformatted) text, as distinct from the primary data itself.",Report,edam:data_2048,https://anvilproject.github.io/acr-harmonized-data-model/EnumEDAMDataTypes,EnumEDAMDataTypes
File,data_type,edam:data_2050,General data for a molecule.,Molecular property (general),edam:data_2050,https://anvilproject.github.io/acr-harmonized-data-model/EnumEDAMDataTypes,EnumEDAMDataTypes
File,data_type,edam:data_2070,A nucleotide sequence motif.,Sequence motif (nucleic acid),edam:data_2070,https://anvilproject.github.io/acr-harmonized-data-model/EnumEDAMDataTypes,EnumEDAMDataTypes
File,data_type,edam:data_2071,An amino acid sequence motif.,Sequence motif (protein),edam:data_2071,https://anvilproject.github.io/acr-harmonized-data-model/EnumEDAMDataTypes,EnumEDAMDataTypes
File,data_type,edam:data_2080,A report of hits from searching a database of some type.,Database search results,edam:data_2080,https://anvilproject.github.io/acr-harmonized-data-model/EnumEDAMDataTypes,EnumEDAMDataTypes
File,data_type,edam:data_2082,An array of numerical values.,Matrix,edam:data_2082,https://anvilproject.github.io/acr-harmonized-data-model/EnumEDAMDataTypes,EnumEDAMDataTypes
File,data_type,edam:data_2084,A human-readable collection of information about one or more specific nucleic acid molecules.,Nucleic acid report,edam:data_2084,https://anvilproject.github.io/acr-harmonized-data-model/EnumEDAMDataTypes,EnumEDAMDataTypes
File,data_type,edam:data_2085,"A human-readable collection of information about one or more molecular tertiary (3D) structures. It might include annotation on the structure, a computer-generated report of analysis of structural data, and metadata (data about primary data) or any other free (essentially unformatted) text, as distinct from the primary data itself.",Structure report,edam:data_2085,https://anvilproject.github.io/acr-harmonized-data-model/EnumEDAMDataTypes,EnumEDAMDataTypes
File,data_type,edam:data_2087,"A report on the physical (e.g. structural) or chemical properties of molecules, or parts of a molecule.",Molecular property,edam:data_2087,https://anvilproject.github.io/acr-harmonized-data-model/EnumEDAMDataTypes,EnumEDAMDataTypes
File,data_type,edam:data_2088,"Structural data for DNA base pairs or runs of bases, such as energy or angle data.",DNA base structural data,edam:data_2088,https://anvilproject.github.io/acr-harmonized-data-model/EnumEDAMDataTypes,EnumEDAMDataTypes
File,data_type,edam:data_2091,"A persistent (stable) and unique identifier, typically identifying an object (entry) from a database.",Accession,edam:data_2091,https://anvilproject.github.io/acr-harmonized-data-model/EnumEDAMDataTypes,EnumEDAMDataTypes
File,data_type,edam:data_2093,"Reference to a dataset (or a cross-reference between two datasets), typically one or more entries in a biological database or ontology.",Data reference,edam:data_2093,https://anvilproject.github.io/acr-harmonized-data-model/EnumEDAMDataTypes,EnumEDAMDataTypes
File,data_type,edam:data_2098,An identifier of a submitted job.,Job identifier,edam:data_2098,https://anvilproject.github.io/acr-harmonized-data-model/EnumEDAMDataTypes,EnumEDAMDataTypes
File,data_type,edam:data_2099,"A name of a thing, which need not necessarily uniquely identify it.",Name,edam:data_2099,https://anvilproject.github.io/acr-harmonized-data-model/EnumEDAMDataTypes,EnumEDAMDataTypes
File,data_type,edam:data_2101,Authentication data usually used to log in into an account on an information system such as a web application or a database.,Account authentication,edam:data_2101,https://anvilproject.github.io/acr-harmonized-data-model/EnumEDAMDataTypes,EnumEDAMDataTypes
File,data_type,edam:data_2102,A three-letter code used in the KEGG databases to uniquely identify organisms.,KEGG organism code,edam:data_2102,https://anvilproject.github.io/acr-harmonized-data-model/EnumEDAMDataTypes,EnumEDAMDataTypes
File,data_type,edam:data_2104,Identifier of an object from one of the BioCyc databases.,BioCyc ID,edam:data_2104,https://anvilproject.github.io/acr-harmonized-data-model/EnumEDAMDataTypes,EnumEDAMDataTypes
File,data_type,edam:data_2105,Identifier of a compound from the BioCyc chemical compounds database.,Compound ID (BioCyc),edam:data_2105,https://anvilproject.github.io/acr-harmonized-data-model/EnumEDAMDataTypes,EnumEDAMDataTypes
File,data_type,edam:data_2106,Identifier of a biological reaction from the BioCyc reactions database.,Reaction ID (BioCyc),edam:data_2106,https://anvilproject.github.io/acr-harmonized-data-model/EnumEDAMDataTypes,EnumEDAMDataTypes
File,data_type,edam:data_2107,Identifier of an enzyme from the BioCyc enzymes database.,Enzyme ID (BioCyc),edam:data_2107,https://anvilproject.github.io/acr-harmonized-data-model/EnumEDAMDataTypes,EnumEDAMDataTypes
File,data_type,edam:data_2108,Identifier of a biological reaction from a database.,Reaction ID,edam:data_2108,https://anvilproject.github.io/acr-harmonized-data-model/EnumEDAMDataTypes,EnumEDAMDataTypes
File,data_type,edam:data_2109,An identifier that is reused for data objects of fundamentally different types (typically served from a single database).,Identifier (hybrid),edam:data_2109,https://anvilproject.github.io/acr-harmonized-data-model/EnumEDAMDataTypes,EnumEDAMDataTypes
File,data_type,edam:data_2110,Identifier of a molecular property.,Molecular property identifier,edam:data_2110,https://anvilproject.github.io/acr-harmonized-data-model/EnumEDAMDataTypes,EnumEDAMDataTypes
File,data_type,edam:data_2111,"Identifier of a codon usage table, for example a genetic code.",Codon usage table ID,edam:data_2111,https://anvilproject.github.io/acr-harmonized-data-model/EnumEDAMDataTypes,EnumEDAMDataTypes
File,data_type,edam:data_2112,Primary identifier of an object from the FlyBase database.,FlyBase primary identifier,edam:data_2112,https://anvilproject.github.io/acr-harmonized-data-model/EnumEDAMDataTypes,EnumEDAMDataTypes
File,data_type,edam:data_2113,Identifier of an object from the WormBase database.,WormBase identifier,edam:data_2113,https://anvilproject.github.io/acr-harmonized-data-model/EnumEDAMDataTypes,EnumEDAMDataTypes
File,data_type,edam:data_2114,Protein identifier used by WormBase database.,WormBase wormpep ID,edam:data_2114,https://anvilproject.github.io/acr-harmonized-data-model/EnumEDAMDataTypes,EnumEDAMDataTypes
File,data_type,edam:data_2117,An identifier of a map of a molecular sequence.,Map identifier,edam:data_2117,https://anvilproject.github.io/acr-harmonized-data-model/EnumEDAMDataTypes,EnumEDAMDataTypes
File,data_type,edam:data_2118,An identifier of a software end-user on a website or a database (typically a person or an entity).,Person identifier,edam:data_2118,https://anvilproject.github.io/acr-harmonized-data-model/EnumEDAMDataTypes,EnumEDAMDataTypes
File,data_type,edam:data_2119,Name or other identifier of a nucleic acid molecule.,Nucleic acid identifier,edam:data_2119,https://anvilproject.github.io/acr-harmonized-data-model/EnumEDAMDataTypes,EnumEDAMDataTypes
File,data_type,edam:data_2127,An identifier of a genetic code.,Genetic code identifier,edam:data_2127,https://anvilproject.github.io/acr-harmonized-data-model/EnumEDAMDataTypes,EnumEDAMDataTypes
File,data_type,edam:data_2128,"Informal name for a genetic code, typically an organism name.",Genetic code name,edam:data_2128,https://anvilproject.github.io/acr-harmonized-data-model/EnumEDAMDataTypes,EnumEDAMDataTypes
File,data_type,edam:data_2129,"Name of a file format such as HTML, PNG, PDF, EMBL, GenBank and so on.",File format name,edam:data_2129,https://anvilproject.github.io/acr-harmonized-data-model/EnumEDAMDataTypes,EnumEDAMDataTypes
File,data_type,edam:data_2131,"Name of a computer operating system such as Linux, PC or Mac.",Operating system name,edam:data_2131,https://anvilproject.github.io/acr-harmonized-data-model/EnumEDAMDataTypes,EnumEDAMDataTypes
File,data_type,edam:data_2133,"A logical operator such as OR, AND, XOR, and NOT.",Logical operator,edam:data_2133,https://anvilproject.github.io/acr-harmonized-data-model/EnumEDAMDataTypes,EnumEDAMDataTypes
File,data_type,edam:data_2137,A penalty for introducing or extending a gap in an alignment.,Gap penalty,edam:data_2137,https://anvilproject.github.io/acr-harmonized-data-model/EnumEDAMDataTypes,EnumEDAMDataTypes
File,data_type,edam:data_2139,"A temperature concerning nucleic acid denaturation, typically the temperature at which the two strands of a hybridised or double stranded nucleic acid (DNA or RNA/DNA) molecule separate.",Nucleic acid melting temperature,edam:data_2139,https://anvilproject.github.io/acr-harmonized-data-model/EnumEDAMDataTypes,EnumEDAMDataTypes
File,data_type,edam:data_2140,The concentration of a chemical compound.,Concentration,edam:data_2140,https://anvilproject.github.io/acr-harmonized-data-model/EnumEDAMDataTypes,EnumEDAMDataTypes
File,data_type,edam:data_2154,Any arbitrary name of a molecular sequence.,Sequence name,edam:data_2154,https://anvilproject.github.io/acr-harmonized-data-model/EnumEDAMDataTypes,EnumEDAMDataTypes
File,data_type,edam:data_2160,A plot of Fickett testcode statistic (identifying protein coding regions) in a nucleotide sequences.,Fickett testcode plot,edam:data_2160,https://anvilproject.github.io/acr-harmonized-data-model/EnumEDAMDataTypes,EnumEDAMDataTypes
File,data_type,edam:data_2161,A plot of sequence similarities identified from word-matching or character comparison.,Sequence similarity plot,edam:data_2161,https://anvilproject.github.io/acr-harmonized-data-model/EnumEDAMDataTypes,EnumEDAMDataTypes
File,data_type,edam:data_2162,An image of peptide sequence sequence looking down the axis of the helix for highlighting amphipathicity and other properties.,Helical wheel,edam:data_2162,https://anvilproject.github.io/acr-harmonized-data-model/EnumEDAMDataTypes,EnumEDAMDataTypes
File,data_type,edam:data_2163,"An image of peptide sequence sequence in a simple 3,4,3,4 repeating pattern that emulates at a simple level the arrangement of residues around an alpha helix.",Helical net,edam:data_2163,https://anvilproject.github.io/acr-harmonized-data-model/EnumEDAMDataTypes,EnumEDAMDataTypes
File,data_type,edam:data_2165,A plot of pK versus pH for a protein.,Protein ionisation curve,edam:data_2165,https://anvilproject.github.io/acr-harmonized-data-model/EnumEDAMDataTypes,EnumEDAMDataTypes
File,data_type,edam:data_2166,A plot of character or word composition / frequency of a molecular sequence.,Sequence composition plot,edam:data_2166,https://anvilproject.github.io/acr-harmonized-data-model/EnumEDAMDataTypes,EnumEDAMDataTypes
File,data_type,edam:data_2167,Density plot (of base composition) for a nucleotide sequence.,Nucleic acid density plot,edam:data_2167,https://anvilproject.github.io/acr-harmonized-data-model/EnumEDAMDataTypes,EnumEDAMDataTypes
File,data_type,edam:data_2168,Image of a sequence trace (nucleotide sequence versus probabilities of each of the 4 bases).,Sequence trace image,edam:data_2168,https://anvilproject.github.io/acr-harmonized-data-model/EnumEDAMDataTypes,EnumEDAMDataTypes
File,data_type,edam:data_2174,Secondary identifier of an object from the FlyBase database.,FlyBase secondary identifier,edam:data_2174,https://anvilproject.github.io/acr-harmonized-data-model/EnumEDAMDataTypes,EnumEDAMDataTypes
File,data_type,edam:data_2190,"A fixed-size datum calculated (by using a hash function) for a molecular sequence, typically for purposes of error detection or indexing.",Sequence checksum,edam:data_2190,https://anvilproject.github.io/acr-harmonized-data-model/EnumEDAMDataTypes,EnumEDAMDataTypes
File,data_type,edam:data_2193,Basic information on any arbitrary database entry.,Database entry metadata,edam:data_2193,https://anvilproject.github.io/acr-harmonized-data-model/EnumEDAMDataTypes,EnumEDAMDataTypes
File,data_type,edam:data_2208,An identifier of a plasmid in a database.,Plasmid identifier,edam:data_2208,https://anvilproject.github.io/acr-harmonized-data-model/EnumEDAMDataTypes,EnumEDAMDataTypes
File,data_type,edam:data_2209,A unique identifier of a specific mutation catalogued in a database.,Mutation ID,edam:data_2209,https://anvilproject.github.io/acr-harmonized-data-model/EnumEDAMDataTypes,EnumEDAMDataTypes
File,data_type,edam:data_2216,"The number of a codon, for instance, at which a mutation is located.",Codon number,edam:data_2216,https://anvilproject.github.io/acr-harmonized-data-model/EnumEDAMDataTypes,EnumEDAMDataTypes
File,data_type,edam:data_2219,The name of a field in a database.,Database field name,edam:data_2219,https://anvilproject.github.io/acr-harmonized-data-model/EnumEDAMDataTypes,EnumEDAMDataTypes
File,data_type,edam:data_2220,Unique identifier of a sequence cluster from the SYSTERS database.,Sequence cluster ID (SYSTERS),edam:data_2220,https://anvilproject.github.io/acr-harmonized-data-model/EnumEDAMDataTypes,EnumEDAMDataTypes
File,data_type,edam:data_2223,Data concerning a biological ontology.,Ontology metadata,edam:data_2223,https://anvilproject.github.io/acr-harmonized-data-model/EnumEDAMDataTypes,EnumEDAMDataTypes
File,data_type,edam:data_2253,The name of a data type.,Data resource definition name,edam:data_2253,https://anvilproject.github.io/acr-harmonized-data-model/EnumEDAMDataTypes,EnumEDAMDataTypes
File,data_type,edam:data_2254,"Name of an OBO file format such as OBO-XML, plain and so on.",OBO file format name,edam:data_2254,https://anvilproject.github.io/acr-harmonized-data-model/EnumEDAMDataTypes,EnumEDAMDataTypes
File,data_type,edam:data_2285,Identifier for genetic elements in MIPS database.,Gene ID (MIPS),edam:data_2285,https://anvilproject.github.io/acr-harmonized-data-model/EnumEDAMDataTypes,EnumEDAMDataTypes
File,data_type,edam:data_2290,An accession number of an entry from the EMBL sequence database.,EMBL accession,edam:data_2290,https://anvilproject.github.io/acr-harmonized-data-model/EnumEDAMDataTypes,EnumEDAMDataTypes
File,data_type,edam:data_2291,An identifier of a polypeptide in the UniProt database.,UniProt ID,edam:data_2291,https://anvilproject.github.io/acr-harmonized-data-model/EnumEDAMDataTypes,EnumEDAMDataTypes
File,data_type,edam:data_2292,Accession number of an entry from the GenBank sequence database.,GenBank accession,edam:data_2292,https://anvilproject.github.io/acr-harmonized-data-model/EnumEDAMDataTypes,EnumEDAMDataTypes
File,data_type,edam:data_2293,Secondary (internal) identifier of a Gramene database entry.,Gramene secondary identifier,edam:data_2293,https://anvilproject.github.io/acr-harmonized-data-model/EnumEDAMDataTypes,EnumEDAMDataTypes
File,data_type,edam:data_2294,An identifier of an entry from a database of molecular sequence variation.,Sequence variation ID,edam:data_2294,https://anvilproject.github.io/acr-harmonized-data-model/EnumEDAMDataTypes,EnumEDAMDataTypes
File,data_type,edam:data_2295,"A unique (and typically persistent) identifier of a gene in a database, that is (typically) different to the gene name/symbol.",Gene ID,edam:data_2295,https://anvilproject.github.io/acr-harmonized-data-model/EnumEDAMDataTypes,EnumEDAMDataTypes
File,data_type,edam:data_2297,Identifier of an E. coli K-12 gene from EcoGene Database.,Gene ID (ECK),edam:data_2297,https://anvilproject.github.io/acr-harmonized-data-model/EnumEDAMDataTypes,EnumEDAMDataTypes
File,data_type,edam:data_2298,Identifier for a gene approved by the HUGO Gene Nomenclature Committee.,Gene ID (HGNC),edam:data_2298,https://anvilproject.github.io/acr-harmonized-data-model/EnumEDAMDataTypes,EnumEDAMDataTypes
File,data_type,edam:data_2299,"The name of a gene, (typically) assigned by a person and/or according to a naming scheme. It may contain white space characters and is typically more intuitive and readable than a gene symbol. It (typically) may be used to identify similar genes in different species and to derive a gene symbol.",Gene name,edam:data_2299,https://anvilproject.github.io/acr-harmonized-data-model/EnumEDAMDataTypes,EnumEDAMDataTypes
File,data_type,edam:data_2301,A specification of a chemical structure in SMILES format.,SMILES string,edam:data_2301,https://anvilproject.github.io/acr-harmonized-data-model/EnumEDAMDataTypes,EnumEDAMDataTypes
File,data_type,edam:data_2302,Unique identifier of an entry from the STRING database of protein-protein interactions.,STRING ID,edam:data_2302,https://anvilproject.github.io/acr-harmonized-data-model/EnumEDAMDataTypes,EnumEDAMDataTypes
File,data_type,edam:data_2309,Identifier of a biological reaction from the SABIO-RK reactions database.,Reaction ID (SABIO-RK),edam:data_2309,https://anvilproject.github.io/acr-harmonized-data-model/EnumEDAMDataTypes,EnumEDAMDataTypes
File,data_type,edam:data_2313,A human-readable collection of information about one or more specific carbohydrate 3D structure(s).,Carbohydrate report,edam:data_2313,https://anvilproject.github.io/acr-harmonized-data-model/EnumEDAMDataTypes,EnumEDAMDataTypes
File,data_type,edam:data_2314,A series of digits that are assigned consecutively to each sequence record processed by NCBI. The GI number bears no resemblance to the Accession number of the sequence record.,GI number,edam:data_2314,https://anvilproject.github.io/acr-harmonized-data-model/EnumEDAMDataTypes,EnumEDAMDataTypes
File,data_type,edam:data_2315,"An identifier assigned to sequence records processed by NCBI, made of the accession number of the database record followed by a dot and a version number.",NCBI version,edam:data_2315,https://anvilproject.github.io/acr-harmonized-data-model/EnumEDAMDataTypes,EnumEDAMDataTypes
File,data_type,edam:data_2316,The name of a cell line.,Cell line name,edam:data_2316,https://anvilproject.github.io/acr-harmonized-data-model/EnumEDAMDataTypes,EnumEDAMDataTypes
File,data_type,edam:data_2317,The exact name of a cell line.,Cell line name (exact),edam:data_2317,https://anvilproject.github.io/acr-harmonized-data-model/EnumEDAMDataTypes,EnumEDAMDataTypes
File,data_type,edam:data_2318,The truncated name of a cell line.,Cell line name (truncated),edam:data_2318,https://anvilproject.github.io/acr-harmonized-data-model/EnumEDAMDataTypes,EnumEDAMDataTypes
File,data_type,edam:data_2319,The name of a cell line without any punctuation.,Cell line name (no punctuation),edam:data_2319,https://anvilproject.github.io/acr-harmonized-data-model/EnumEDAMDataTypes,EnumEDAMDataTypes
File,data_type,edam:data_2320,The assonant name of a cell line.,Cell line name (assonant),edam:data_2320,https://anvilproject.github.io/acr-harmonized-data-model/EnumEDAMDataTypes,EnumEDAMDataTypes
File,data_type,edam:data_2321,"A unique, persistent identifier of an enzyme.",Enzyme ID,edam:data_2321,https://anvilproject.github.io/acr-harmonized-data-model/EnumEDAMDataTypes,EnumEDAMDataTypes
File,data_type,edam:data_2325,Identifier of an enzyme from the REBASE enzymes database.,REBASE enzyme number,edam:data_2325,https://anvilproject.github.io/acr-harmonized-data-model/EnumEDAMDataTypes,EnumEDAMDataTypes
File,data_type,edam:data_2326,Unique identifier of a drug from the DrugBank database.,DrugBank ID,edam:data_2326,https://anvilproject.github.io/acr-harmonized-data-model/EnumEDAMDataTypes,EnumEDAMDataTypes
File,data_type,edam:data_2327,A unique identifier assigned to NCBI protein sequence records.,GI number (protein),edam:data_2327,https://anvilproject.github.io/acr-harmonized-data-model/EnumEDAMDataTypes,EnumEDAMDataTypes
File,data_type,edam:data_2335,"A score derived from the alignment of two sequences, which is then normalised with respect to the scoring system.",Bit score,edam:data_2335,https://anvilproject.github.io/acr-harmonized-data-model/EnumEDAMDataTypes,EnumEDAMDataTypes
File,data_type,edam:data_2337,"Data concerning or describing some core computational resource, as distinct from primary data. This includes metadata on the origin, source, history, ownership or location of some thing.",Resource metadata,edam:data_2337,https://anvilproject.github.io/acr-harmonized-data-model/EnumEDAMDataTypes,EnumEDAMDataTypes
File,data_type,edam:data_2338,Any arbitrary identifier of an ontology.,Ontology identifier,edam:data_2338,https://anvilproject.github.io/acr-harmonized-data-model/EnumEDAMDataTypes,EnumEDAMDataTypes
File,data_type,edam:data_2339,The name of a concept in an ontology.,Ontology concept name,edam:data_2339,https://anvilproject.github.io/acr-harmonized-data-model/EnumEDAMDataTypes,EnumEDAMDataTypes
File,data_type,edam:data_2340,An identifier of a build of a particular genome.,Genome build identifier,edam:data_2340,https://anvilproject.github.io/acr-harmonized-data-model/EnumEDAMDataTypes,EnumEDAMDataTypes
File,data_type,edam:data_2342,The name of a biological pathway or network.,Pathway or network name,edam:data_2342,https://anvilproject.github.io/acr-harmonized-data-model/EnumEDAMDataTypes,EnumEDAMDataTypes
File,data_type,edam:data_2343,Identifier of a pathway from the KEGG pathway database.,Pathway ID (KEGG),edam:data_2343,https://anvilproject.github.io/acr-harmonized-data-model/EnumEDAMDataTypes,EnumEDAMDataTypes
File,data_type,edam:data_2344,Identifier of a pathway from the NCI-Nature pathway database.,Pathway ID (NCI-Nature),edam:data_2344,https://anvilproject.github.io/acr-harmonized-data-model/EnumEDAMDataTypes,EnumEDAMDataTypes
File,data_type,edam:data_2345,Identifier of a pathway from the ConsensusPathDB pathway database.,Pathway ID (ConsensusPathDB),edam:data_2345,https://anvilproject.github.io/acr-harmonized-data-model/EnumEDAMDataTypes,EnumEDAMDataTypes
File,data_type,edam:data_2346,Unique identifier of an entry from the UniRef database.,Sequence cluster ID (UniRef),edam:data_2346,https://anvilproject.github.io/acr-harmonized-data-model/EnumEDAMDataTypes,EnumEDAMDataTypes
File,data_type,edam:data_2347,Unique identifier of an entry from the UniRef100 database.,Sequence cluster ID (UniRef100),edam:data_2347,https://anvilproject.github.io/acr-harmonized-data-model/EnumEDAMDataTypes,EnumEDAMDataTypes
File,data_type,edam:data_2348,Unique identifier of an entry from the UniRef90 database.,Sequence cluster ID (UniRef90),edam:data_2348,https://anvilproject.github.io/acr-harmonized-data-model/EnumEDAMDataTypes,EnumEDAMDataTypes
File,data_type,edam:data_2349,Unique identifier of an entry from the UniRef50 database.,Sequence cluster ID (UniRef50),edam:data_2349,https://anvilproject.github.io/acr-harmonized-data-model/EnumEDAMDataTypes,EnumEDAMDataTypes
File,data_type,edam:data_2353,Data concerning or derived from an ontology.,Ontology data,edam:data_2353,https://anvilproject.github.io/acr-harmonized-data-model/EnumEDAMDataTypes,EnumEDAMDataTypes
File,data_type,edam:data_2354,A human-readable collection of information about a specific RNA family or other group of classified RNA sequences.,RNA family report,edam:data_2354,https://anvilproject.github.io/acr-harmonized-data-model/EnumEDAMDataTypes,EnumEDAMDataTypes
File,data_type,edam:data_2355,"Identifier of an RNA family, typically an entry from a RNA sequence classification database.",RNA family identifier,edam:data_2355,https://anvilproject.github.io/acr-harmonized-data-model/EnumEDAMDataTypes,EnumEDAMDataTypes
File,data_type,edam:data_2356,Stable accession number of an entry (RNA family) from the RFAM database.,RFAM accession,edam:data_2356,https://anvilproject.github.io/acr-harmonized-data-model/EnumEDAMDataTypes,EnumEDAMDataTypes
File,data_type,edam:data_2362,Accession number of a nucleotide or protein sequence database entry.,Sequence accession (hybrid),edam:data_2362,https://anvilproject.github.io/acr-harmonized-data-model/EnumEDAMDataTypes,EnumEDAMDataTypes
File,data_type,edam:data_2365,"A persistent, unique identifier of a biological pathway or network (typically a database entry).",Pathway or network accession,edam:data_2365,https://anvilproject.github.io/acr-harmonized-data-model/EnumEDAMDataTypes,EnumEDAMDataTypes
File,data_type,edam:data_2366,Alignment of the (1D representations of) secondary structure of two or more molecules.,Secondary structure alignment,edam:data_2366,https://anvilproject.github.io/acr-harmonized-data-model/EnumEDAMDataTypes,EnumEDAMDataTypes
File,data_type,edam:data_2367,Identifier of an object from the ASTD database.,ASTD ID,edam:data_2367,https://anvilproject.github.io/acr-harmonized-data-model/EnumEDAMDataTypes,EnumEDAMDataTypes
File,data_type,edam:data_2368,Identifier of an exon from the ASTD database.,ASTD ID (exon),edam:data_2368,https://anvilproject.github.io/acr-harmonized-data-model/EnumEDAMDataTypes,EnumEDAMDataTypes
File,data_type,edam:data_2369,Identifier of an intron from the ASTD database.,ASTD ID (intron),edam:data_2369,https://anvilproject.github.io/acr-harmonized-data-model/EnumEDAMDataTypes,EnumEDAMDataTypes
File,data_type,edam:data_2370,Identifier of a polyA signal from the ASTD database.,ASTD ID (polya),edam:data_2370,https://anvilproject.github.io/acr-harmonized-data-model/EnumEDAMDataTypes,EnumEDAMDataTypes
File,data_type,edam:data_2371,Identifier of a transcription start site from the ASTD database.,ASTD ID (tss),edam:data_2371,https://anvilproject.github.io/acr-harmonized-data-model/EnumEDAMDataTypes,EnumEDAMDataTypes
File,data_type,edam:data_2373,Unique identifier of a spot from a two-dimensional (protein) gel.,Spot ID,edam:data_2373,https://anvilproject.github.io/acr-harmonized-data-model/EnumEDAMDataTypes,EnumEDAMDataTypes
File,data_type,edam:data_2374,Unique identifier of a spot from a two-dimensional (protein) gel in the SWISS-2DPAGE database.,Spot serial number,edam:data_2374,https://anvilproject.github.io/acr-harmonized-data-model/EnumEDAMDataTypes,EnumEDAMDataTypes
File,data_type,edam:data_2375,Unique identifier of a spot from a two-dimensional (protein) gel from a HSC-2DPAGE database.,Spot ID (HSC-2DPAGE),edam:data_2375,https://anvilproject.github.io/acr-harmonized-data-model/EnumEDAMDataTypes,EnumEDAMDataTypes
File,data_type,edam:data_2379,"Identifier of a strain of an organism variant, typically a plant, virus or bacterium.",Strain identifier,edam:data_2379,https://anvilproject.github.io/acr-harmonized-data-model/EnumEDAMDataTypes,EnumEDAMDataTypes
File,data_type,edam:data_2380,A unique identifier of an item from the CABRI database.,CABRI accession,edam:data_2380,https://anvilproject.github.io/acr-harmonized-data-model/EnumEDAMDataTypes,EnumEDAMDataTypes
File,data_type,edam:data_2382,Identifier of an entry from a database of genotype experiment metadata.,Genotype experiment ID,edam:data_2382,https://anvilproject.github.io/acr-harmonized-data-model/EnumEDAMDataTypes,EnumEDAMDataTypes
File,data_type,edam:data_2383,Identifier of an entry from the EGA database.,EGA accession,edam:data_2383,https://anvilproject.github.io/acr-harmonized-data-model/EnumEDAMDataTypes,EnumEDAMDataTypes
File,data_type,edam:data_2384,Identifier of a protein entry catalogued in the International Protein Index (IPI) database.,IPI protein ID,edam:data_2384,https://anvilproject.github.io/acr-harmonized-data-model/EnumEDAMDataTypes,EnumEDAMDataTypes
File,data_type,edam:data_2385,Accession number of a protein from the RefSeq database.,RefSeq accession (protein),edam:data_2385,https://anvilproject.github.io/acr-harmonized-data-model/EnumEDAMDataTypes,EnumEDAMDataTypes
File,data_type,edam:data_2386,Identifier of an entry (promoter) from the EPD database.,EPD ID,edam:data_2386,https://anvilproject.github.io/acr-harmonized-data-model/EnumEDAMDataTypes,EnumEDAMDataTypes
File,data_type,edam:data_2387,Identifier of an entry from the TAIR database.,TAIR accession,edam:data_2387,https://anvilproject.github.io/acr-harmonized-data-model/EnumEDAMDataTypes,EnumEDAMDataTypes
File,data_type,edam:data_2388,Identifier of an Arabidopsis thaliana gene from the TAIR database.,TAIR accession (At gene),edam:data_2388,https://anvilproject.github.io/acr-harmonized-data-model/EnumEDAMDataTypes,EnumEDAMDataTypes
File,data_type,edam:data_2389,Identifier of an entry from the UniSTS database.,UniSTS accession,edam:data_2389,https://anvilproject.github.io/acr-harmonized-data-model/EnumEDAMDataTypes,EnumEDAMDataTypes
File,data_type,edam:data_2390,Identifier of an entry from the UNITE database.,UNITE accession,edam:data_2390,https://anvilproject.github.io/acr-harmonized-data-model/EnumEDAMDataTypes,EnumEDAMDataTypes
File,data_type,edam:data_2391,Identifier of an entry from the UTR database.,UTR accession,edam:data_2391,https://anvilproject.github.io/acr-harmonized-data-model/EnumEDAMDataTypes,EnumEDAMDataTypes
File,data_type,edam:data_2392,Accession number of a UniParc (protein sequence) database entry.,UniParc accession,edam:data_2392,https://anvilproject.github.io/acr-harmonized-data-model/EnumEDAMDataTypes,EnumEDAMDataTypes
File,data_type,edam:data_2393,Identifier of an entry from the Rouge or HUGE databases.,mFLJ/mKIAA number,edam:data_2393,https://anvilproject.github.io/acr-harmonized-data-model/EnumEDAMDataTypes,EnumEDAMDataTypes
File,data_type,edam:data_2398,Unique identifier for a protein from the Ensembl database.,Ensembl protein ID,edam:data_2398,https://anvilproject.github.io/acr-harmonized-data-model/EnumEDAMDataTypes,EnumEDAMDataTypes
File,data_type,edam:data_2523,"Data concerning phylogeny, typically of molecular sequences, including reports of information concerning or derived from a phylogenetic tree, or from comparing two or more phylogenetic trees.",Phylogenetic data,edam:data_2523,https://anvilproject.github.io/acr-harmonized-data-model/EnumEDAMDataTypes,EnumEDAMDataTypes
File,data_type,edam:data_2526,"Data concerning, extracted from, or derived from the analysis of a scientific text (or texts) such as a full text article from a scientific journal.",Text data,edam:data_2526,https://anvilproject.github.io/acr-harmonized-data-model/EnumEDAMDataTypes,EnumEDAMDataTypes
File,data_type,edam:data_2530,A human-readable collection of information about a specific organism.,Organism report,edam:data_2530,https://anvilproject.github.io/acr-harmonized-data-model/EnumEDAMDataTypes,EnumEDAMDataTypes
File,data_type,edam:data_2531,A human-readable collection of information about about how a scientific experiment or analysis was carried out that results in a specific set of data or results used for further analysis or to test a specific hypothesis.,Protocol,edam:data_2531,https://anvilproject.github.io/acr-harmonized-data-model/EnumEDAMDataTypes,EnumEDAMDataTypes
File,data_type,edam:data_2534,"An attribute of a molecular sequence, possibly in reference to some other sequence.",Sequence attribute,edam:data_2534,https://anvilproject.github.io/acr-harmonized-data-model/EnumEDAMDataTypes,EnumEDAMDataTypes
File,data_type,edam:data_2535,"Output from a serial analysis of gene expression (SAGE), massively parallel signature sequencing (MPSS) or sequencing by synthesis (SBS) experiment. In all cases this is a list of short sequence tags and the number of times it is observed.",Sequence tag profile,edam:data_2535,https://anvilproject.github.io/acr-harmonized-data-model/EnumEDAMDataTypes,EnumEDAMDataTypes
File,data_type,edam:data_2536,Data concerning a mass spectrometry measurement.,Mass spectrometry data,edam:data_2536,https://anvilproject.github.io/acr-harmonized-data-model/EnumEDAMDataTypes,EnumEDAMDataTypes
File,data_type,edam:data_2537,Raw data from experimental methods for determining protein structure.,Protein structure raw data,edam:data_2537,https://anvilproject.github.io/acr-harmonized-data-model/EnumEDAMDataTypes,EnumEDAMDataTypes
File,data_type,edam:data_2538,An identifier of a mutation.,Mutation identifier,edam:data_2538,https://anvilproject.github.io/acr-harmonized-data-model/EnumEDAMDataTypes,EnumEDAMDataTypes
File,data_type,edam:data_2563,"Single letter amino acid identifier, e.g. G.",Amino acid name (single letter),edam:data_2563,https://anvilproject.github.io/acr-harmonized-data-model/EnumEDAMDataTypes,EnumEDAMDataTypes
File,data_type,edam:data_2564,"Three letter amino acid identifier, e.g. GLY.",Amino acid name (three letter),edam:data_2564,https://anvilproject.github.io/acr-harmonized-data-model/EnumEDAMDataTypes,EnumEDAMDataTypes
File,data_type,edam:data_2565,"Full name of an amino acid, e.g. Glycine.",Amino acid name (full name),edam:data_2565,https://anvilproject.github.io/acr-harmonized-data-model/EnumEDAMDataTypes,EnumEDAMDataTypes
File,data_type,edam:data_2576,Identifier of a toxin.,Toxin identifier,edam:data_2576,https://anvilproject.github.io/acr-harmonized-data-model/EnumEDAMDataTypes,EnumEDAMDataTypes
File,data_type,edam:data_2578,Unique identifier of a toxin from the ArachnoServer database.,ArachnoServer ID,edam:data_2578,https://anvilproject.github.io/acr-harmonized-data-model/EnumEDAMDataTypes,EnumEDAMDataTypes
File,data_type,edam:data_2580,Unique identifier of a monomer from the BindingDB database.,BindingDB Monomer ID,edam:data_2580,https://anvilproject.github.io/acr-harmonized-data-model/EnumEDAMDataTypes,EnumEDAMDataTypes
File,data_type,edam:data_2582,An identifier of a 'biological process' concept from the the Gene Ontology.,GO concept ID (biological process),edam:data_2582,https://anvilproject.github.io/acr-harmonized-data-model/EnumEDAMDataTypes,EnumEDAMDataTypes
File,data_type,edam:data_2583,An identifier of a 'molecular function' concept from the the Gene Ontology.,GO concept ID (molecular function),edam:data_2583,https://anvilproject.github.io/acr-harmonized-data-model/EnumEDAMDataTypes,EnumEDAMDataTypes
File,data_type,edam:data_2586,An image arising from a Northern Blot experiment.,Northern blot image,edam:data_2586,https://anvilproject.github.io/acr-harmonized-data-model/EnumEDAMDataTypes,EnumEDAMDataTypes
File,data_type,edam:data_2587,Unique identifier of a blot from a Northern Blot.,Blot ID,edam:data_2587,https://anvilproject.github.io/acr-harmonized-data-model/EnumEDAMDataTypes,EnumEDAMDataTypes
File,data_type,edam:data_2588,Unique identifier of a blot from a Northern Blot from the BlotBase database.,BlotBase blot ID,edam:data_2588,https://anvilproject.github.io/acr-harmonized-data-model/EnumEDAMDataTypes,EnumEDAMDataTypes
File,data_type,edam:data_2589,"Raw data on a biological hierarchy, describing the hierarchy proper, hierarchy components and possibly associated annotation.",Hierarchy,edam:data_2589,https://anvilproject.github.io/acr-harmonized-data-model/EnumEDAMDataTypes,EnumEDAMDataTypes
File,data_type,edam:data_2591,Identifier of an entry from the Brite database of biological hierarchies.,Brite hierarchy ID,edam:data_2591,https://anvilproject.github.io/acr-harmonized-data-model/EnumEDAMDataTypes,EnumEDAMDataTypes
File,data_type,edam:data_2593,A unique identifier for an organism used in the BRENDA database.,BRENDA organism ID,edam:data_2593,https://anvilproject.github.io/acr-harmonized-data-model/EnumEDAMDataTypes,EnumEDAMDataTypes
File,data_type,edam:data_2594,The name of a taxon using the controlled vocabulary of the UniGene database.,UniGene taxon,edam:data_2594,https://anvilproject.github.io/acr-harmonized-data-model/EnumEDAMDataTypes,EnumEDAMDataTypes
File,data_type,edam:data_2595,The name of a taxon using the controlled vocabulary of the UTRdb database.,UTRdb taxon,edam:data_2595,https://anvilproject.github.io/acr-harmonized-data-model/EnumEDAMDataTypes,EnumEDAMDataTypes
File,data_type,edam:data_2596,An identifier of a catalogue of biological resources.,Catalogue ID,edam:data_2596,https://anvilproject.github.io/acr-harmonized-data-model/EnumEDAMDataTypes,EnumEDAMDataTypes
File,data_type,edam:data_2597,The name of a catalogue of biological resources from the CABRI database.,CABRI catalogue name,edam:data_2597,https://anvilproject.github.io/acr-harmonized-data-model/EnumEDAMDataTypes,EnumEDAMDataTypes
File,data_type,edam:data_2600,Primary data about a specific biological pathway or network (the nodes and connections within the pathway or network).,Pathway or network,edam:data_2600,https://anvilproject.github.io/acr-harmonized-data-model/EnumEDAMDataTypes,EnumEDAMDataTypes
File,data_type,edam:data_2603,"Image, hybridisation or some other data arising from a study of feature/molecule expression, typically profiling or quantification.",Expression data,edam:data_2603,https://anvilproject.github.io/acr-harmonized-data-model/EnumEDAMDataTypes,EnumEDAMDataTypes
File,data_type,edam:data_2605,Unique identifier of a chemical compound from the KEGG database.,Compound ID (KEGG),edam:data_2605,https://anvilproject.github.io/acr-harmonized-data-model/EnumEDAMDataTypes,EnumEDAMDataTypes
File,data_type,edam:data_2606,Name (not necessarily stable) an entry (RNA family) from the RFAM database.,RFAM name,edam:data_2606,https://anvilproject.github.io/acr-harmonized-data-model/EnumEDAMDataTypes,EnumEDAMDataTypes
File,data_type,edam:data_2608,Identifier of a biological reaction from the KEGG reactions database.,Reaction ID (KEGG),edam:data_2608,https://anvilproject.github.io/acr-harmonized-data-model/EnumEDAMDataTypes,EnumEDAMDataTypes
File,data_type,edam:data_2609,Unique identifier of a drug from the KEGG Drug database.,Drug ID (KEGG),edam:data_2609,https://anvilproject.github.io/acr-harmonized-data-model/EnumEDAMDataTypes,EnumEDAMDataTypes
File,data_type,edam:data_2610,"Identifier of an entry (exon, gene, transcript or protein) from the Ensembl database.",Ensembl ID,edam:data_2610,https://anvilproject.github.io/acr-harmonized-data-model/EnumEDAMDataTypes,EnumEDAMDataTypes
File,data_type,edam:data_2611,An identifier of a disease from the International Classification of Diseases (ICD) database.,ICD identifier,edam:data_2611,https://anvilproject.github.io/acr-harmonized-data-model/EnumEDAMDataTypes,EnumEDAMDataTypes
File,data_type,edam:data_2612,Unique identifier of a sequence cluster from the CluSTr database.,Sequence cluster ID (CluSTr),edam:data_2612,https://anvilproject.github.io/acr-harmonized-data-model/EnumEDAMDataTypes,EnumEDAMDataTypes
File,data_type,edam:data_2613,Unique identifier of a glycan ligand from the KEGG GLYCAN database (a subset of KEGG LIGAND).,KEGG Glycan ID,edam:data_2613,https://anvilproject.github.io/acr-harmonized-data-model/EnumEDAMDataTypes,EnumEDAMDataTypes
File,data_type,edam:data_2614,A unique identifier of a family from the transport classification database (TCDB) of membrane transport proteins.,TCDB ID,edam:data_2614,https://anvilproject.github.io/acr-harmonized-data-model/EnumEDAMDataTypes,EnumEDAMDataTypes
File,data_type,edam:data_2615,Unique identifier of an entry from the MINT database of protein-protein interactions.,MINT ID,edam:data_2615,https://anvilproject.github.io/acr-harmonized-data-model/EnumEDAMDataTypes,EnumEDAMDataTypes
File,data_type,edam:data_2616,Unique identifier of an entry from the DIP database of protein-protein interactions.,DIP ID,edam:data_2616,https://anvilproject.github.io/acr-harmonized-data-model/EnumEDAMDataTypes,EnumEDAMDataTypes
File,data_type,edam:data_2617,Unique identifier of a protein listed in the UCSD-Nature Signaling Gateway Molecule Pages database.,Signaling Gateway protein ID,edam:data_2617,https://anvilproject.github.io/acr-harmonized-data-model/EnumEDAMDataTypes,EnumEDAMDataTypes
File,data_type,edam:data_2618,Identifier of a protein modification catalogued in a database.,Protein modification ID,edam:data_2618,https://anvilproject.github.io/acr-harmonized-data-model/EnumEDAMDataTypes,EnumEDAMDataTypes
File,data_type,edam:data_2619,Identifier of a protein modification catalogued in the RESID database.,RESID ID,edam:data_2619,https://anvilproject.github.io/acr-harmonized-data-model/EnumEDAMDataTypes,EnumEDAMDataTypes
File,data_type,edam:data_2620,Identifier of an entry from the RGD database.,RGD ID,edam:data_2620,https://anvilproject.github.io/acr-harmonized-data-model/EnumEDAMDataTypes,EnumEDAMDataTypes
File,data_type,edam:data_2621,Identifier of a protein sequence from the TAIR database.,TAIR accession (protein),edam:data_2621,https://anvilproject.github.io/acr-harmonized-data-model/EnumEDAMDataTypes,EnumEDAMDataTypes
File,data_type,edam:data_2622,Identifier of a small molecule metabolite from the Human Metabolome Database (HMDB).,Compound ID (HMDB),edam:data_2622,https://anvilproject.github.io/acr-harmonized-data-model/EnumEDAMDataTypes,EnumEDAMDataTypes
File,data_type,edam:data_2625,Identifier of an entry from the LIPID MAPS database.,LIPID MAPS ID,edam:data_2625,https://anvilproject.github.io/acr-harmonized-data-model/EnumEDAMDataTypes,EnumEDAMDataTypes
File,data_type,edam:data_2626,Identifier of a peptide from the PeptideAtlas peptide databases.,PeptideAtlas ID,edam:data_2626,https://anvilproject.github.io/acr-harmonized-data-model/EnumEDAMDataTypes,EnumEDAMDataTypes
File,data_type,edam:data_2628,A unique identifier of an interaction from the BioGRID database.,BioGRID interaction ID,edam:data_2628,https://anvilproject.github.io/acr-harmonized-data-model/EnumEDAMDataTypes,EnumEDAMDataTypes
File,data_type,edam:data_2629,Unique identifier of a peptidase enzyme from the MEROPS database.,Enzyme ID (MEROPS),edam:data_2629,https://anvilproject.github.io/acr-harmonized-data-model/EnumEDAMDataTypes,EnumEDAMDataTypes
File,data_type,edam:data_2630,An identifier of a mobile genetic element.,Mobile genetic element ID,edam:data_2630,https://anvilproject.github.io/acr-harmonized-data-model/EnumEDAMDataTypes,EnumEDAMDataTypes
File,data_type,edam:data_2631,An identifier of a mobile genetic element from the Aclame database.,ACLAME ID,edam:data_2631,https://anvilproject.github.io/acr-harmonized-data-model/EnumEDAMDataTypes,EnumEDAMDataTypes
File,data_type,edam:data_2632,Identifier of an entry from the Saccharomyces genome database (SGD).,SGD ID,edam:data_2632,https://anvilproject.github.io/acr-harmonized-data-model/EnumEDAMDataTypes,EnumEDAMDataTypes
File,data_type,edam:data_2633,Unique identifier of a book.,Book ID,edam:data_2633,https://anvilproject.github.io/acr-harmonized-data-model/EnumEDAMDataTypes,EnumEDAMDataTypes
File,data_type,edam:data_2634,The International Standard Book Number (ISBN) is for identifying printed books.,ISBN,edam:data_2634,https://anvilproject.github.io/acr-harmonized-data-model/EnumEDAMDataTypes,EnumEDAMDataTypes
File,data_type,edam:data_2635,Identifier of a metabolite from the 3DMET database.,Compound ID (3DMET),edam:data_2635,https://anvilproject.github.io/acr-harmonized-data-model/EnumEDAMDataTypes,EnumEDAMDataTypes
File,data_type,edam:data_2636,A unique identifier of an interaction from the MatrixDB database.,MatrixDB interaction ID,edam:data_2636,https://anvilproject.github.io/acr-harmonized-data-model/EnumEDAMDataTypes,EnumEDAMDataTypes
File,data_type,edam:data_2637,"A unique identifier for pathways, reactions, complexes and small molecules from the cPath (Pathway Commons) database.",cPath ID,edam:data_2637,https://anvilproject.github.io/acr-harmonized-data-model/EnumEDAMDataTypes,EnumEDAMDataTypes
File,data_type,edam:data_2638,Identifier of an assay from the PubChem database.,PubChem bioassay ID,edam:data_2638,https://anvilproject.github.io/acr-harmonized-data-model/EnumEDAMDataTypes,EnumEDAMDataTypes
File,data_type,edam:data_2639,Identifier of an entry from the PubChem database.,PubChem ID,edam:data_2639,https://anvilproject.github.io/acr-harmonized-data-model/EnumEDAMDataTypes,EnumEDAMDataTypes
File,data_type,edam:data_2641,Identifier of an enzyme reaction mechanism from the MACie database.,Reaction ID (MACie),edam:data_2641,https://anvilproject.github.io/acr-harmonized-data-model/EnumEDAMDataTypes,EnumEDAMDataTypes
File,data_type,edam:data_2642,Identifier for a gene from the miRBase database.,Gene ID (miRBase),edam:data_2642,https://anvilproject.github.io/acr-harmonized-data-model/EnumEDAMDataTypes,EnumEDAMDataTypes
File,data_type,edam:data_2643,Identifier for a gene from the Zebrafish information network genome (ZFIN) database.,Gene ID (ZFIN),edam:data_2643,https://anvilproject.github.io/acr-harmonized-data-model/EnumEDAMDataTypes,EnumEDAMDataTypes
File,data_type,edam:data_2644,Identifier of an enzyme-catalysed reaction from the Rhea database.,Reaction ID (Rhea),edam:data_2644,https://anvilproject.github.io/acr-harmonized-data-model/EnumEDAMDataTypes,EnumEDAMDataTypes
File,data_type,edam:data_2645,Identifier of a biological pathway from the Unipathway database.,Pathway ID (Unipathway),edam:data_2645,https://anvilproject.github.io/acr-harmonized-data-model/EnumEDAMDataTypes,EnumEDAMDataTypes
File,data_type,edam:data_2646,Identifier of a small molecular from the ChEMBL database.,Compound ID (ChEMBL),edam:data_2646,https://anvilproject.github.io/acr-harmonized-data-model/EnumEDAMDataTypes,EnumEDAMDataTypes
File,data_type,edam:data_2647,Unique identifier of an entry from the Ligand-gated ion channel (LGICdb) database.,LGICdb identifier,edam:data_2647,https://anvilproject.github.io/acr-harmonized-data-model/EnumEDAMDataTypes,EnumEDAMDataTypes
File,data_type,edam:data_2648,Identifier of a biological reaction (kinetics entry) from the SABIO-RK reactions database.,Reaction kinetics ID (SABIO-RK),edam:data_2648,https://anvilproject.github.io/acr-harmonized-data-model/EnumEDAMDataTypes,EnumEDAMDataTypes
File,data_type,edam:data_2649,Identifier of an entry from the pharmacogenetics and pharmacogenomics knowledge base (PharmGKB).,PharmGKB ID,edam:data_2649,https://anvilproject.github.io/acr-harmonized-data-model/EnumEDAMDataTypes,EnumEDAMDataTypes
File,data_type,edam:data_2650,Identifier of a pathway from the pharmacogenetics and pharmacogenomics knowledge base (PharmGKB).,Pathway ID (PharmGKB),edam:data_2650,https://anvilproject.github.io/acr-harmonized-data-model/EnumEDAMDataTypes,EnumEDAMDataTypes
File,data_type,edam:data_2651,Identifier of a disease from the pharmacogenetics and pharmacogenomics knowledge base (PharmGKB).,Disease ID (PharmGKB),edam:data_2651,https://anvilproject.github.io/acr-harmonized-data-model/EnumEDAMDataTypes,EnumEDAMDataTypes
File,data_type,edam:data_2652,Identifier of a drug from the pharmacogenetics and pharmacogenomics knowledge base (PharmGKB).,Drug ID (PharmGKB),edam:data_2652,https://anvilproject.github.io/acr-harmonized-data-model/EnumEDAMDataTypes,EnumEDAMDataTypes
File,data_type,edam:data_2653,Identifier of a drug from the Therapeutic Target Database (TTD).,Drug ID (TTD),edam:data_2653,https://anvilproject.github.io/acr-harmonized-data-model/EnumEDAMDataTypes,EnumEDAMDataTypes
File,data_type,edam:data_2654,Identifier of a target protein from the Therapeutic Target Database (TTD).,Target ID (TTD),edam:data_2654,https://anvilproject.github.io/acr-harmonized-data-model/EnumEDAMDataTypes,EnumEDAMDataTypes
File,data_type,edam:data_2655,A unique identifier of a type or group of cells.,Cell type identifier,edam:data_2655,https://anvilproject.github.io/acr-harmonized-data-model/EnumEDAMDataTypes,EnumEDAMDataTypes
File,data_type,edam:data_2656,A unique identifier of a neuron from the NeuronDB database.,NeuronDB ID,edam:data_2656,https://anvilproject.github.io/acr-harmonized-data-model/EnumEDAMDataTypes,EnumEDAMDataTypes
File,data_type,edam:data_2657,A unique identifier of a neuron from the NeuroMorpho database.,NeuroMorpho ID,edam:data_2657,https://anvilproject.github.io/acr-harmonized-data-model/EnumEDAMDataTypes,EnumEDAMDataTypes
File,data_type,edam:data_2658,Identifier of a chemical from the ChemIDplus database.,Compound ID (ChemIDplus),edam:data_2658,https://anvilproject.github.io/acr-harmonized-data-model/EnumEDAMDataTypes,EnumEDAMDataTypes
File,data_type,edam:data_2659,Identifier of a pathway from the Small Molecule Pathway Database (SMPDB).,Pathway ID (SMPDB),edam:data_2659,https://anvilproject.github.io/acr-harmonized-data-model/EnumEDAMDataTypes,EnumEDAMDataTypes
File,data_type,edam:data_2660,Identifier of an entry from the BioNumbers database of key numbers and associated data in molecular biology.,BioNumbers ID,edam:data_2660,https://anvilproject.github.io/acr-harmonized-data-model/EnumEDAMDataTypes,EnumEDAMDataTypes
File,data_type,edam:data_2662,Unique identifier of a toxin from the Toxin and Toxin Target Database (T3DB) database.,T3DB ID,edam:data_2662,https://anvilproject.github.io/acr-harmonized-data-model/EnumEDAMDataTypes,EnumEDAMDataTypes
File,data_type,edam:data_2663,Identifier of a carbohydrate.,Carbohydrate identifier,edam:data_2663,https://anvilproject.github.io/acr-harmonized-data-model/EnumEDAMDataTypes,EnumEDAMDataTypes
File,data_type,edam:data_2664,Identifier of an entry from the GlycomeDB database.,GlycomeDB ID,edam:data_2664,https://anvilproject.github.io/acr-harmonized-data-model/EnumEDAMDataTypes,EnumEDAMDataTypes
File,data_type,edam:data_2665,Identifier of an entry from the LipidBank database.,LipidBank ID,edam:data_2665,https://anvilproject.github.io/acr-harmonized-data-model/EnumEDAMDataTypes,EnumEDAMDataTypes
File,data_type,edam:data_2666,Identifier of a conserved domain from the Conserved Domain Database.,CDD ID,edam:data_2666,https://anvilproject.github.io/acr-harmonized-data-model/EnumEDAMDataTypes,EnumEDAMDataTypes
File,data_type,edam:data_2667,An identifier of an entry from the MMDB database.,MMDB ID,edam:data_2667,https://anvilproject.github.io/acr-harmonized-data-model/EnumEDAMDataTypes,EnumEDAMDataTypes
File,data_type,edam:data_2668,Unique identifier of an entry from the iRefIndex database of protein-protein interactions.,iRefIndex ID,edam:data_2668,https://anvilproject.github.io/acr-harmonized-data-model/EnumEDAMDataTypes,EnumEDAMDataTypes
File,data_type,edam:data_2669,Unique identifier of an entry from the ModelDB database.,ModelDB ID,edam:data_2669,https://anvilproject.github.io/acr-harmonized-data-model/EnumEDAMDataTypes,EnumEDAMDataTypes
File,data_type,edam:data_2670,Identifier of a signaling pathway from the Database of Quantitative Cellular Signaling (DQCS).,Pathway ID (DQCS),edam:data_2670,https://anvilproject.github.io/acr-harmonized-data-model/EnumEDAMDataTypes,EnumEDAMDataTypes
File,data_type,edam:data_2700,Identifier of a protein domain (or other node) from the CATH database.,CATH identifier,edam:data_2700,https://anvilproject.github.io/acr-harmonized-data-model/EnumEDAMDataTypes,EnumEDAMDataTypes
File,data_type,edam:data_2701,A code number identifying a family from the CATH database.,CATH node ID (family),edam:data_2701,https://anvilproject.github.io/acr-harmonized-data-model/EnumEDAMDataTypes,EnumEDAMDataTypes
File,data_type,edam:data_2702,Identifier of an enzyme from the CAZy enzymes database.,Enzyme ID (CAZy),edam:data_2702,https://anvilproject.github.io/acr-harmonized-data-model/EnumEDAMDataTypes,EnumEDAMDataTypes
File,data_type,edam:data_2704,A unique identifier assigned by the I.M.A.G.E. consortium to a clone (cloned molecular sequence).,Clone ID (IMAGE),edam:data_2704,https://anvilproject.github.io/acr-harmonized-data-model/EnumEDAMDataTypes,EnumEDAMDataTypes
File,data_type,edam:data_2705,An identifier of a 'cellular component' concept from the Gene Ontology.,GO concept ID (cellular component),edam:data_2705,https://anvilproject.github.io/acr-harmonized-data-model/EnumEDAMDataTypes,EnumEDAMDataTypes
File,data_type,edam:data_2706,Name of a chromosome as used in the BioCyc database.,Chromosome name (BioCyc),edam:data_2706,https://anvilproject.github.io/acr-harmonized-data-model/EnumEDAMDataTypes,EnumEDAMDataTypes
File,data_type,edam:data_2709,An identifier of a gene expression profile from the CleanEx database.,CleanEx entry name,edam:data_2709,https://anvilproject.github.io/acr-harmonized-data-model/EnumEDAMDataTypes,EnumEDAMDataTypes
File,data_type,edam:data_2710,An identifier of (typically a list of) gene expression experiments catalogued in the CleanEx database.,CleanEx dataset code,edam:data_2710,https://anvilproject.github.io/acr-harmonized-data-model/EnumEDAMDataTypes,EnumEDAMDataTypes
File,data_type,edam:data_2711,A human-readable collection of information concerning a genome as a whole.,Genome report,edam:data_2711,https://anvilproject.github.io/acr-harmonized-data-model/EnumEDAMDataTypes,EnumEDAMDataTypes
File,data_type,edam:data_2713,Unique identifier for a protein complex from the CORUM database.,Protein ID (CORUM),edam:data_2713,https://anvilproject.github.io/acr-harmonized-data-model/EnumEDAMDataTypes,EnumEDAMDataTypes
File,data_type,edam:data_2714,Unique identifier of a position-specific scoring matrix from the CDD database.,CDD PSSM-ID,edam:data_2714,https://anvilproject.github.io/acr-harmonized-data-model/EnumEDAMDataTypes,EnumEDAMDataTypes
File,data_type,edam:data_2715,Unique identifier for a protein from the CuticleDB database.,Protein ID (CuticleDB),edam:data_2715,https://anvilproject.github.io/acr-harmonized-data-model/EnumEDAMDataTypes,EnumEDAMDataTypes
File,data_type,edam:data_2716,Identifier of a predicted transcription factor from the DBD database.,DBD ID,edam:data_2716,https://anvilproject.github.io/acr-harmonized-data-model/EnumEDAMDataTypes,EnumEDAMDataTypes
File,data_type,edam:data_2717,"General annotation on an oligonucleotide probe, or a set of probes.",Oligonucleotide probe annotation,edam:data_2717,https://anvilproject.github.io/acr-harmonized-data-model/EnumEDAMDataTypes,EnumEDAMDataTypes
File,data_type,edam:data_2718,Identifier of an oligonucleotide from a database.,Oligonucleotide ID,edam:data_2718,https://anvilproject.github.io/acr-harmonized-data-model/EnumEDAMDataTypes,EnumEDAMDataTypes
File,data_type,edam:data_2719,Identifier of an oligonucleotide probe from the dbProbe database.,dbProbe ID,edam:data_2719,https://anvilproject.github.io/acr-harmonized-data-model/EnumEDAMDataTypes,EnumEDAMDataTypes
File,data_type,edam:data_2720,Physicochemical property data for one or more dinucleotides.,Dinucleotide property,edam:data_2720,https://anvilproject.github.io/acr-harmonized-data-model/EnumEDAMDataTypes,EnumEDAMDataTypes
File,data_type,edam:data_2721,Identifier of an dinucleotide property from the DiProDB database.,DiProDB ID,edam:data_2721,https://anvilproject.github.io/acr-harmonized-data-model/EnumEDAMDataTypes,EnumEDAMDataTypes
File,data_type,edam:data_2723,Unique identifier for a protein from the DisProt database.,Protein ID (DisProt),edam:data_2723,https://anvilproject.github.io/acr-harmonized-data-model/EnumEDAMDataTypes,EnumEDAMDataTypes
File,data_type,edam:data_2725,Unique identifier for a gene transcript from the Ensembl database.,Ensembl transcript ID,edam:data_2725,https://anvilproject.github.io/acr-harmonized-data-model/EnumEDAMDataTypes,EnumEDAMDataTypes
File,data_type,edam:data_2727,An identifier of a promoter of a gene that is catalogued in a database.,Promoter ID,edam:data_2727,https://anvilproject.github.io/acr-harmonized-data-model/EnumEDAMDataTypes,EnumEDAMDataTypes
File,data_type,edam:data_2728,Identifier of an EST sequence.,EST accession,edam:data_2728,https://anvilproject.github.io/acr-harmonized-data-model/EnumEDAMDataTypes,EnumEDAMDataTypes
File,data_type,edam:data_2729,Identifier of an EST sequence from the COGEME database.,COGEME EST ID,edam:data_2729,https://anvilproject.github.io/acr-harmonized-data-model/EnumEDAMDataTypes,EnumEDAMDataTypes
File,data_type,edam:data_2730,Identifier of a unisequence from the COGEME database.,COGEME unisequence ID,edam:data_2730,https://anvilproject.github.io/acr-harmonized-data-model/EnumEDAMDataTypes,EnumEDAMDataTypes
File,data_type,edam:data_2731,Accession number of an entry (protein family) from the GeneFarm database.,Protein family ID (GeneFarm),edam:data_2731,https://anvilproject.github.io/acr-harmonized-data-model/EnumEDAMDataTypes,EnumEDAMDataTypes
File,data_type,edam:data_2732,The name of a family of organism.,Family name,edam:data_2732,https://anvilproject.github.io/acr-harmonized-data-model/EnumEDAMDataTypes,EnumEDAMDataTypes
File,data_type,edam:data_2736,A feature identifier as used in the SwissRegulon database.,Sequence feature ID (SwissRegulon),edam:data_2736,https://anvilproject.github.io/acr-harmonized-data-model/EnumEDAMDataTypes,EnumEDAMDataTypes
File,data_type,edam:data_2737,A unique identifier of gene in the NMPDR database.,FIG ID,edam:data_2737,https://anvilproject.github.io/acr-harmonized-data-model/EnumEDAMDataTypes,EnumEDAMDataTypes
File,data_type,edam:data_2738,A unique identifier of gene in the Xenbase database.,Gene ID (Xenbase),edam:data_2738,https://anvilproject.github.io/acr-harmonized-data-model/EnumEDAMDataTypes,EnumEDAMDataTypes
File,data_type,edam:data_2739,A unique identifier of gene in the Genolist database.,Gene ID (Genolist),edam:data_2739,https://anvilproject.github.io/acr-harmonized-data-model/EnumEDAMDataTypes,EnumEDAMDataTypes
File,data_type,edam:data_2741,Identifier of an entry (promoter) from the ABS database.,ABS ID,edam:data_2741,https://anvilproject.github.io/acr-harmonized-data-model/EnumEDAMDataTypes,EnumEDAMDataTypes
File,data_type,edam:data_2742,Identifier of a transcription factor from the AraC-XylS database.,AraC-XylS ID,edam:data_2742,https://anvilproject.github.io/acr-harmonized-data-model/EnumEDAMDataTypes,EnumEDAMDataTypes
File,data_type,edam:data_2744,Identifier of a locus from the PseudoCAP database.,Locus ID (PseudoCAP),edam:data_2744,https://anvilproject.github.io/acr-harmonized-data-model/EnumEDAMDataTypes,EnumEDAMDataTypes
File,data_type,edam:data_2745,Identifier of a locus from the UTR database.,Locus ID (UTR),edam:data_2745,https://anvilproject.github.io/acr-harmonized-data-model/EnumEDAMDataTypes,EnumEDAMDataTypes
File,data_type,edam:data_2746,Unique identifier of a monosaccharide from the MonosaccharideDB database.,MonosaccharideDB ID,edam:data_2746,https://anvilproject.github.io/acr-harmonized-data-model/EnumEDAMDataTypes,EnumEDAMDataTypes
File,data_type,edam:data_2749,An identifier of a particular genome.,Genome identifier,edam:data_2749,https://anvilproject.github.io/acr-harmonized-data-model/EnumEDAMDataTypes,EnumEDAMDataTypes
File,data_type,edam:data_2752,Identifier of an entry from the GlycoMapsDB (Glycosciences.de) database.,GlycoMap ID,edam:data_2752,https://anvilproject.github.io/acr-harmonized-data-model/EnumEDAMDataTypes,EnumEDAMDataTypes
File,data_type,edam:data_2753,A conformational energy map of the glycosidic linkages in a carbohydrate molecule.,Carbohydrate conformational map,edam:data_2753,https://anvilproject.github.io/acr-harmonized-data-model/EnumEDAMDataTypes,EnumEDAMDataTypes
File,data_type,edam:data_2755,The name of a transcription factor.,Transcription factor name,edam:data_2755,https://anvilproject.github.io/acr-harmonized-data-model/EnumEDAMDataTypes,EnumEDAMDataTypes
File,data_type,edam:data_2756,Identifier of a membrane transport proteins from the transport classification database (TCDB).,TCID,edam:data_2756,https://anvilproject.github.io/acr-harmonized-data-model/EnumEDAMDataTypes,EnumEDAMDataTypes
File,data_type,edam:data_2757,Name of a domain from the Pfam database.,Pfam domain name,edam:data_2757,https://anvilproject.github.io/acr-harmonized-data-model/EnumEDAMDataTypes,EnumEDAMDataTypes
File,data_type,edam:data_2758,Accession number of a Pfam clan.,Pfam clan ID,edam:data_2758,https://anvilproject.github.io/acr-harmonized-data-model/EnumEDAMDataTypes,EnumEDAMDataTypes
File,data_type,edam:data_2759,Identifier for a gene from the VectorBase database.,Gene ID (VectorBase),edam:data_2759,https://anvilproject.github.io/acr-harmonized-data-model/EnumEDAMDataTypes,EnumEDAMDataTypes
File,data_type,edam:data_2761,Identifier of an entry from the UTRSite database of regulatory motifs in eukaryotic UTRs.,UTRSite ID,edam:data_2761,https://anvilproject.github.io/acr-harmonized-data-model/EnumEDAMDataTypes,EnumEDAMDataTypes
File,data_type,edam:data_2762,"An informative report about a specific or conserved pattern in a molecular sequence, such as its context in genes or proteins, its role, origin or method of construction, etc.",Sequence signature report,edam:data_2762,https://anvilproject.github.io/acr-harmonized-data-model/EnumEDAMDataTypes,EnumEDAMDataTypes
File,data_type,edam:data_2764,Official name of a protein as used in the UniProt database.,Protein name (UniProt),edam:data_2764,https://anvilproject.github.io/acr-harmonized-data-model/EnumEDAMDataTypes,EnumEDAMDataTypes
File,data_type,edam:data_2766,Name of a protein family from the HAMAP database.,HAMAP ID,edam:data_2766,https://anvilproject.github.io/acr-harmonized-data-model/EnumEDAMDataTypes,EnumEDAMDataTypes
File,data_type,edam:data_2769,Identifier of a RNA transcript.,Transcript ID,edam:data_2769,https://anvilproject.github.io/acr-harmonized-data-model/EnumEDAMDataTypes,EnumEDAMDataTypes
File,data_type,edam:data_2770,Identifier of an RNA transcript from the H-InvDB database.,HIT ID,edam:data_2770,https://anvilproject.github.io/acr-harmonized-data-model/EnumEDAMDataTypes,EnumEDAMDataTypes
File,data_type,edam:data_2771,A unique identifier of gene cluster in the H-InvDB database.,HIX ID,edam:data_2771,https://anvilproject.github.io/acr-harmonized-data-model/EnumEDAMDataTypes,EnumEDAMDataTypes
File,data_type,edam:data_2772,Identifier of a antibody from the HPA database.,HPA antibody id,edam:data_2772,https://anvilproject.github.io/acr-harmonized-data-model/EnumEDAMDataTypes,EnumEDAMDataTypes
File,data_type,edam:data_2773,Identifier of a human major histocompatibility complex (HLA) or other protein from the IMGT/HLA database.,IMGT/HLA ID,edam:data_2773,https://anvilproject.github.io/acr-harmonized-data-model/EnumEDAMDataTypes,EnumEDAMDataTypes
File,data_type,edam:data_2774,A unique identifier of gene assigned by the J. Craig Venter Institute (JCVI).,Gene ID (JCVI),edam:data_2774,https://anvilproject.github.io/acr-harmonized-data-model/EnumEDAMDataTypes,EnumEDAMDataTypes
File,data_type,edam:data_2775,The name of a kinase protein.,Kinase name,edam:data_2775,https://anvilproject.github.io/acr-harmonized-data-model/EnumEDAMDataTypes,EnumEDAMDataTypes
File,data_type,edam:data_2776,Identifier of a physical entity from the ConsensusPathDB database.,ConsensusPathDB entity ID,edam:data_2776,https://anvilproject.github.io/acr-harmonized-data-model/EnumEDAMDataTypes,EnumEDAMDataTypes
File,data_type,edam:data_2777,Name of a physical entity from the ConsensusPathDB database.,ConsensusPathDB entity name,edam:data_2777,https://anvilproject.github.io/acr-harmonized-data-model/EnumEDAMDataTypes,EnumEDAMDataTypes
File,data_type,edam:data_2778,The number of a strain of algae and protozoa from the CCAP database.,CCAP strain number,edam:data_2778,https://anvilproject.github.io/acr-harmonized-data-model/EnumEDAMDataTypes,EnumEDAMDataTypes
File,data_type,edam:data_2779,An identifier of stock from a catalogue of biological resources.,Stock number,edam:data_2779,https://anvilproject.github.io/acr-harmonized-data-model/EnumEDAMDataTypes,EnumEDAMDataTypes
File,data_type,edam:data_2780,A stock number from The Arabidopsis information resource (TAIR).,Stock number (TAIR),edam:data_2780,https://anvilproject.github.io/acr-harmonized-data-model/EnumEDAMDataTypes,EnumEDAMDataTypes
File,data_type,edam:data_2781,Identifier of an entry from the RNA editing database (REDIdb).,REDIdb ID,edam:data_2781,https://anvilproject.github.io/acr-harmonized-data-model/EnumEDAMDataTypes,EnumEDAMDataTypes
File,data_type,edam:data_2782,Name of a domain from the SMART database.,SMART domain name,edam:data_2782,https://anvilproject.github.io/acr-harmonized-data-model/EnumEDAMDataTypes,EnumEDAMDataTypes
File,data_type,edam:data_2783,Accession number of an entry (family) from the PANTHER database.,Protein family ID (PANTHER),edam:data_2783,https://anvilproject.github.io/acr-harmonized-data-model/EnumEDAMDataTypes,EnumEDAMDataTypes
File,data_type,edam:data_2784,A unique identifier for a virus from the RNAVirusDB database.,RNAVirusDB ID,edam:data_2784,https://anvilproject.github.io/acr-harmonized-data-model/EnumEDAMDataTypes,EnumEDAMDataTypes
File,data_type,edam:data_2785,An accession of annotation on a (group of) viruses (catalogued in a database).,Virus identifier,edam:data_2785,https://anvilproject.github.io/acr-harmonized-data-model/EnumEDAMDataTypes,EnumEDAMDataTypes
File,data_type,edam:data_2786,An identifier of a genome project assigned by NCBI.,NCBI Genome Project ID,edam:data_2786,https://anvilproject.github.io/acr-harmonized-data-model/EnumEDAMDataTypes,EnumEDAMDataTypes
File,data_type,edam:data_2787,A unique identifier of a whole genome assigned by the NCBI.,NCBI genome accession,edam:data_2787,https://anvilproject.github.io/acr-harmonized-data-model/EnumEDAMDataTypes,EnumEDAMDataTypes
File,data_type,edam:data_2789,Unique identifier for a membrane protein from the TopDB database.,Protein ID (TopDB),edam:data_2789,https://anvilproject.github.io/acr-harmonized-data-model/EnumEDAMDataTypes,EnumEDAMDataTypes
File,data_type,edam:data_2790,Identifier of a two-dimensional (protein) gel.,Gel ID,edam:data_2790,https://anvilproject.github.io/acr-harmonized-data-model/EnumEDAMDataTypes,EnumEDAMDataTypes
File,data_type,edam:data_2791,Name of a reference map gel from the SWISS-2DPAGE database.,Reference map name (SWISS-2DPAGE),edam:data_2791,https://anvilproject.github.io/acr-harmonized-data-model/EnumEDAMDataTypes,EnumEDAMDataTypes
File,data_type,edam:data_2792,Unique identifier for a peroxidase protein from the PeroxiBase database.,Protein ID (PeroxiBase),edam:data_2792,https://anvilproject.github.io/acr-harmonized-data-model/EnumEDAMDataTypes,EnumEDAMDataTypes
File,data_type,edam:data_2793,Identifier of an entry from the SISYPHUS database of tertiary structure alignments.,SISYPHUS ID,edam:data_2793,https://anvilproject.github.io/acr-harmonized-data-model/EnumEDAMDataTypes,EnumEDAMDataTypes
File,data_type,edam:data_2794,Accession of an open reading frame (catalogued in a database).,ORF ID,edam:data_2794,https://anvilproject.github.io/acr-harmonized-data-model/EnumEDAMDataTypes,EnumEDAMDataTypes
File,data_type,edam:data_2795,An identifier of an open reading frame.,ORF identifier,edam:data_2795,https://anvilproject.github.io/acr-harmonized-data-model/EnumEDAMDataTypes,EnumEDAMDataTypes
File,data_type,edam:data_2796,Identifier of an entry from the GlycosciencesDB database.,LINUCS ID,edam:data_2796,https://anvilproject.github.io/acr-harmonized-data-model/EnumEDAMDataTypes,EnumEDAMDataTypes
File,data_type,edam:data_2797,Unique identifier for a ligand-gated ion channel protein from the LGICdb database.,Protein ID (LGICdb),edam:data_2797,https://anvilproject.github.io/acr-harmonized-data-model/EnumEDAMDataTypes,EnumEDAMDataTypes
File,data_type,edam:data_2798,Identifier of an EST sequence from the MaizeDB database.,MaizeDB ID,edam:data_2798,https://anvilproject.github.io/acr-harmonized-data-model/EnumEDAMDataTypes,EnumEDAMDataTypes
File,data_type,edam:data_2799,A unique identifier of gene in the MfunGD database.,Gene ID (MfunGD),edam:data_2799,https://anvilproject.github.io/acr-harmonized-data-model/EnumEDAMDataTypes,EnumEDAMDataTypes
File,data_type,edam:data_2800,An identifier of a disease from the Orpha database.,Orpha number,edam:data_2800,https://anvilproject.github.io/acr-harmonized-data-model/EnumEDAMDataTypes,EnumEDAMDataTypes
File,data_type,edam:data_2802,Unique identifier for a protein from the EcID database.,Protein ID (EcID),edam:data_2802,https://anvilproject.github.io/acr-harmonized-data-model/EnumEDAMDataTypes,EnumEDAMDataTypes
File,data_type,edam:data_2803,A unique identifier of a cDNA molecule catalogued in the RefSeq database.,Clone ID (RefSeq),edam:data_2803,https://anvilproject.github.io/acr-harmonized-data-model/EnumEDAMDataTypes,EnumEDAMDataTypes
File,data_type,edam:data_2804,Unique identifier for a cone snail toxin protein from the ConoServer database.,Protein ID (ConoServer),edam:data_2804,https://anvilproject.github.io/acr-harmonized-data-model/EnumEDAMDataTypes,EnumEDAMDataTypes
File,data_type,edam:data_2805,Identifier of a GeneSNP database entry.,GeneSNP ID,edam:data_2805,https://anvilproject.github.io/acr-harmonized-data-model/EnumEDAMDataTypes,EnumEDAMDataTypes
File,data_type,edam:data_2812,Identifier of a lipid.,Lipid identifier,edam:data_2812,https://anvilproject.github.io/acr-harmonized-data-model/EnumEDAMDataTypes,EnumEDAMDataTypes
File,data_type,edam:data_2835,Identifier for a gene from the VBASE2 database.,Gene ID (VBASE2),edam:data_2835,https://anvilproject.github.io/acr-harmonized-data-model/EnumEDAMDataTypes,EnumEDAMDataTypes
File,data_type,edam:data_2836,A unique identifier for a virus from the DPVweb database.,DPVweb ID,edam:data_2836,https://anvilproject.github.io/acr-harmonized-data-model/EnumEDAMDataTypes,EnumEDAMDataTypes
File,data_type,edam:data_2837,Identifier of a pathway from the BioSystems pathway database.,Pathway ID (BioSystems),edam:data_2837,https://anvilproject.github.io/acr-harmonized-data-model/EnumEDAMDataTypes,EnumEDAMDataTypes
File,data_type,edam:data_2849,An abstract of a scientific article.,Abstract,edam:data_2849,https://anvilproject.github.io/acr-harmonized-data-model/EnumEDAMDataTypes,EnumEDAMDataTypes
File,data_type,edam:data_2850,3D coordinate and associated data for a lipid structure.,Lipid structure,edam:data_2850,https://anvilproject.github.io/acr-harmonized-data-model/EnumEDAMDataTypes,EnumEDAMDataTypes
File,data_type,edam:data_2851,3D coordinate and associated data for the (3D) structure of a drug.,Drug structure,edam:data_2851,https://anvilproject.github.io/acr-harmonized-data-model/EnumEDAMDataTypes,EnumEDAMDataTypes
File,data_type,edam:data_2852,3D coordinate and associated data for the (3D) structure of a toxin.,Toxin structure,edam:data_2852,https://anvilproject.github.io/acr-harmonized-data-model/EnumEDAMDataTypes,EnumEDAMDataTypes
File,data_type,edam:data_2854,"A simple matrix of numbers, where each value (or column of values) is derived derived from analysis of the corresponding position in a sequence alignment.",Position-specific scoring matrix,edam:data_2854,https://anvilproject.github.io/acr-harmonized-data-model/EnumEDAMDataTypes,EnumEDAMDataTypes
File,data_type,edam:data_2855,"A matrix of distances between molecular entities, where a value (distance) is (typically) derived from comparison of two entities and reflects their similarity.",Distance matrix,edam:data_2855,https://anvilproject.github.io/acr-harmonized-data-model/EnumEDAMDataTypes,EnumEDAMDataTypes
File,data_type,edam:data_2856,Distances (values representing similarity) between a group of molecular structures.,Structural distance matrix,edam:data_2856,https://anvilproject.github.io/acr-harmonized-data-model/EnumEDAMDataTypes,EnumEDAMDataTypes
File,data_type,edam:data_2858,A concept from a biological ontology.,Ontology concept,edam:data_2858,https://anvilproject.github.io/acr-harmonized-data-model/EnumEDAMDataTypes,EnumEDAMDataTypes
File,data_type,edam:data_2865,A numerical measure of differences in the frequency of occurrence of synonymous codons in DNA sequences.,Codon usage bias,edam:data_2865,https://anvilproject.github.io/acr-harmonized-data-model/EnumEDAMDataTypes,EnumEDAMDataTypes
File,data_type,edam:data_2870,A map showing distance between genetic markers estimated by radiation-induced breaks in a chromosome.,Radiation hybrid map,edam:data_2870,https://anvilproject.github.io/acr-harmonized-data-model/EnumEDAMDataTypes,EnumEDAMDataTypes
File,data_type,edam:data_2872,"A simple list of data identifiers (such as database accessions), possibly with additional basic information on the addressed data.",ID list,edam:data_2872,https://anvilproject.github.io/acr-harmonized-data-model/EnumEDAMDataTypes,EnumEDAMDataTypes
File,data_type,edam:data_2873,Gene frequencies data that may be read during phylogenetic tree calculation.,Phylogenetic gene frequencies data,edam:data_2873,https://anvilproject.github.io/acr-harmonized-data-model/EnumEDAMDataTypes,EnumEDAMDataTypes
File,data_type,edam:data_2877,"3D coordinate and associated data for a multi-protein complex; two or more polypeptides chains in a stable, functional association with one another.",Protein complex,edam:data_2877,https://anvilproject.github.io/acr-harmonized-data-model/EnumEDAMDataTypes,EnumEDAMDataTypes
File,data_type,edam:data_2878,3D coordinate and associated data for a protein (3D) structural motif; any group of contiguous or non-contiguous amino acid residues but typically those forming a feature with a structural or functional role.,Protein structural motif,edam:data_2878,https://anvilproject.github.io/acr-harmonized-data-model/EnumEDAMDataTypes,EnumEDAMDataTypes
File,data_type,edam:data_2879,A human-readable collection of information about one or more specific lipid 3D structure(s).,Lipid report,edam:data_2879,https://anvilproject.github.io/acr-harmonized-data-model/EnumEDAMDataTypes,EnumEDAMDataTypes
File,data_type,edam:data_2884,"Biological data that has been plotted as a graph of some type, or plotting instructions for rendering such a graph.",Plot,edam:data_2884,https://anvilproject.github.io/acr-harmonized-data-model/EnumEDAMDataTypes,EnumEDAMDataTypes
File,data_type,edam:data_2886,A protein sequence and associated metadata.,Protein sequence record,edam:data_2886,https://anvilproject.github.io/acr-harmonized-data-model/EnumEDAMDataTypes,EnumEDAMDataTypes
File,data_type,edam:data_2887,A nucleic acid sequence and associated metadata.,Nucleic acid sequence record,edam:data_2887,https://anvilproject.github.io/acr-harmonized-data-model/EnumEDAMDataTypes,EnumEDAMDataTypes
File,data_type,edam:data_2891,"Accession of a mathematical model, typically an entry from a database.",Biological model accession,edam:data_2891,https://anvilproject.github.io/acr-harmonized-data-model/EnumEDAMDataTypes,EnumEDAMDataTypes
File,data_type,edam:data_2892,The name of a type or group of cells.,Cell type name,edam:data_2892,https://anvilproject.github.io/acr-harmonized-data-model/EnumEDAMDataTypes,EnumEDAMDataTypes
File,data_type,edam:data_2893,Accession of a type or group of cells (catalogued in a database).,Cell type accession,edam:data_2893,https://anvilproject.github.io/acr-harmonized-data-model/EnumEDAMDataTypes,EnumEDAMDataTypes
File,data_type,edam:data_2894,Accession of an entry from a database of chemicals.,Compound accession,edam:data_2894,https://anvilproject.github.io/acr-harmonized-data-model/EnumEDAMDataTypes,EnumEDAMDataTypes
File,data_type,edam:data_2895,Accession of a drug.,Drug accession,edam:data_2895,https://anvilproject.github.io/acr-harmonized-data-model/EnumEDAMDataTypes,EnumEDAMDataTypes
File,data_type,edam:data_2896,Name of a toxin.,Toxin name,edam:data_2896,https://anvilproject.github.io/acr-harmonized-data-model/EnumEDAMDataTypes,EnumEDAMDataTypes
File,data_type,edam:data_2897,Accession of a toxin (catalogued in a database).,Toxin accession,edam:data_2897,https://anvilproject.github.io/acr-harmonized-data-model/EnumEDAMDataTypes,EnumEDAMDataTypes
File,data_type,edam:data_2898,Accession of a monosaccharide (catalogued in a database).,Monosaccharide accession,edam:data_2898,https://anvilproject.github.io/acr-harmonized-data-model/EnumEDAMDataTypes,EnumEDAMDataTypes
File,data_type,edam:data_2899,Common name of a drug.,Drug name,edam:data_2899,https://anvilproject.github.io/acr-harmonized-data-model/EnumEDAMDataTypes,EnumEDAMDataTypes
File,data_type,edam:data_2900,Accession of an entry from a database of carbohydrates.,Carbohydrate accession,edam:data_2900,https://anvilproject.github.io/acr-harmonized-data-model/EnumEDAMDataTypes,EnumEDAMDataTypes
File,data_type,edam:data_2901,"Molecule accession is any persistent, unique identifier of a specific molecule (catalogued in a database).",Molecule accession,edam:data_2901,https://anvilproject.github.io/acr-harmonized-data-model/EnumEDAMDataTypes,EnumEDAMDataTypes
File,data_type,edam:data_2902,Accession of a data definition (catalogued in a database).,Data resource definition accession,edam:data_2902,https://anvilproject.github.io/acr-harmonized-data-model/EnumEDAMDataTypes,EnumEDAMDataTypes
File,data_type,edam:data_2903,An accession of a particular genome (in a database).,Genome accession,edam:data_2903,https://anvilproject.github.io/acr-harmonized-data-model/EnumEDAMDataTypes,EnumEDAMDataTypes
File,data_type,edam:data_2904,An accession of a map of a molecular sequence (deposited in a database).,Map accession,edam:data_2904,https://anvilproject.github.io/acr-harmonized-data-model/EnumEDAMDataTypes,EnumEDAMDataTypes
File,data_type,edam:data_2905,Accession of an entry from a database of lipids.,Lipid accession,edam:data_2905,https://anvilproject.github.io/acr-harmonized-data-model/EnumEDAMDataTypes,EnumEDAMDataTypes
File,data_type,edam:data_2906,Accession of a peptide deposited in a database.,Peptide ID,edam:data_2906,https://anvilproject.github.io/acr-harmonized-data-model/EnumEDAMDataTypes,EnumEDAMDataTypes
File,data_type,edam:data_2907,Accession of a protein deposited in a database.,Protein accession,edam:data_2907,https://anvilproject.github.io/acr-harmonized-data-model/EnumEDAMDataTypes,EnumEDAMDataTypes
File,data_type,edam:data_2908,An accession of annotation on a (group of) organisms (catalogued in a database).,Organism accession,edam:data_2908,https://anvilproject.github.io/acr-harmonized-data-model/EnumEDAMDataTypes,EnumEDAMDataTypes
File,data_type,edam:data_2909,The name of an organism (or group of organisms).,Organism name,edam:data_2909,https://anvilproject.github.io/acr-harmonized-data-model/EnumEDAMDataTypes,EnumEDAMDataTypes
File,data_type,edam:data_2910,Accession of a protein family (that is deposited in a database).,Protein family accession,edam:data_2910,https://anvilproject.github.io/acr-harmonized-data-model/EnumEDAMDataTypes,EnumEDAMDataTypes
File,data_type,edam:data_2911,Accession of an entry from a database of transcription factors or binding sites.,Transcription factor accession,edam:data_2911,https://anvilproject.github.io/acr-harmonized-data-model/EnumEDAMDataTypes,EnumEDAMDataTypes
File,data_type,edam:data_2912,"Accession number of a strain of an organism variant, typically a plant, virus or bacterium.",Strain accession,edam:data_2912,https://anvilproject.github.io/acr-harmonized-data-model/EnumEDAMDataTypes,EnumEDAMDataTypes
File,data_type,edam:data_2914,Metadata on sequence features.,Sequence features metadata,edam:data_2914,https://anvilproject.github.io/acr-harmonized-data-model/EnumEDAMDataTypes,EnumEDAMDataTypes
File,data_type,edam:data_2915,Identifier of a Gramene database entry.,Gramene identifier,edam:data_2915,https://anvilproject.github.io/acr-harmonized-data-model/EnumEDAMDataTypes,EnumEDAMDataTypes
File,data_type,edam:data_2916,An identifier of an entry from the DDBJ sequence database.,DDBJ accession,edam:data_2916,https://anvilproject.github.io/acr-harmonized-data-model/EnumEDAMDataTypes,EnumEDAMDataTypes
File,data_type,edam:data_2917,An identifier of an entity from the ConsensusPathDB database.,ConsensusPathDB identifier,edam:data_2917,https://anvilproject.github.io/acr-harmonized-data-model/EnumEDAMDataTypes,EnumEDAMDataTypes
File,data_type,edam:data_2955,"An informative report of information about molecular sequence(s), including basic information (metadata), and reports generated from molecular sequence analysis, including positional features and non-positional properties.",Sequence report,edam:data_2955,https://anvilproject.github.io/acr-harmonized-data-model/EnumEDAMDataTypes,EnumEDAMDataTypes
File,data_type,edam:data_2956,Data concerning the properties or features of one or more protein secondary structures.,Protein secondary structure,edam:data_2956,https://anvilproject.github.io/acr-harmonized-data-model/EnumEDAMDataTypes,EnumEDAMDataTypes
File,data_type,edam:data_2957,A Hopp and Woods plot of predicted antigenicity of a peptide or protein.,Hopp and Woods plot,edam:data_2957,https://anvilproject.github.io/acr-harmonized-data-model/EnumEDAMDataTypes,EnumEDAMDataTypes
File,data_type,edam:data_2968,"Data (typically biological or biomedical) that has been rendered into an image, typically for display on screen.",Image,edam:data_2968,https://anvilproject.github.io/acr-harmonized-data-model/EnumEDAMDataTypes,EnumEDAMDataTypes
File,data_type,edam:data_2969,"Image of a molecular sequence, possibly with sequence features or properties shown.",Sequence image,edam:data_2969,https://anvilproject.github.io/acr-harmonized-data-model/EnumEDAMDataTypes,EnumEDAMDataTypes
File,data_type,edam:data_2970,A report on protein properties concerning hydropathy.,Protein hydropathy data,edam:data_2970,https://anvilproject.github.io/acr-harmonized-data-model/EnumEDAMDataTypes,EnumEDAMDataTypes
File,data_type,edam:data_2976,"One or more protein sequences, possibly with associated annotation.",Protein sequence,edam:data_2976,https://anvilproject.github.io/acr-harmonized-data-model/EnumEDAMDataTypes,EnumEDAMDataTypes
File,data_type,edam:data_2977,"One or more nucleic acid sequences, possibly with associated annotation.",Nucleic acid sequence,edam:data_2977,https://anvilproject.github.io/acr-harmonized-data-model/EnumEDAMDataTypes,EnumEDAMDataTypes
File,data_type,edam:data_2978,"Data concerning a biochemical reaction, typically data and more general annotation on the kinetics of enzyme-catalysed reaction.",Reaction data,edam:data_2978,https://anvilproject.github.io/acr-harmonized-data-model/EnumEDAMDataTypes,EnumEDAMDataTypes
File,data_type,edam:data_2979,Data concerning small peptides.,Peptide property,edam:data_2979,https://anvilproject.github.io/acr-harmonized-data-model/EnumEDAMDataTypes,EnumEDAMDataTypes
File,data_type,edam:data_2984,"An informative report concerning or derived from the analysis of a biological pathway or network, such as a map (diagram) or annotation.",Pathway or network report,edam:data_2984,https://anvilproject.github.io/acr-harmonized-data-model/EnumEDAMDataTypes,EnumEDAMDataTypes
File,data_type,edam:data_2985,A thermodynamic or kinetic property of a nucleic acid molecule.,Nucleic acid thermodynamic data,edam:data_2985,https://anvilproject.github.io/acr-harmonized-data-model/EnumEDAMDataTypes,EnumEDAMDataTypes
File,data_type,edam:data_2991,"Geometry data for a protein structure, for example bond lengths, bond angles, torsion angles, chiralities, planaraties etc.",Protein geometry data,edam:data_2991,https://anvilproject.github.io/acr-harmonized-data-model/EnumEDAMDataTypes,EnumEDAMDataTypes
File,data_type,edam:data_2992,An image of protein structure.,Protein structure image,edam:data_2992,https://anvilproject.github.io/acr-harmonized-data-model/EnumEDAMDataTypes,EnumEDAMDataTypes
File,data_type,edam:data_2994,Weights for sequence positions or characters in phylogenetic analysis where zero is defined as unweighted.,Phylogenetic character weights,edam:data_2994,https://anvilproject.github.io/acr-harmonized-data-model/EnumEDAMDataTypes,EnumEDAMDataTypes
File,data_type,edam:data_3002,"Annotation of one particular positional feature on a biomolecular (typically genome) sequence, suitable for import and display in a genome browser.",Annotation track,edam:data_3002,https://anvilproject.github.io/acr-harmonized-data-model/EnumEDAMDataTypes,EnumEDAMDataTypes
File,data_type,edam:data_3021,Accession number of a UniProt (protein sequence) database entry.,UniProt accession,edam:data_3021,https://anvilproject.github.io/acr-harmonized-data-model/EnumEDAMDataTypes,EnumEDAMDataTypes
File,data_type,edam:data_3022,Identifier of a genetic code in the NCBI list of genetic codes.,NCBI genetic code ID,edam:data_3022,https://anvilproject.github.io/acr-harmonized-data-model/EnumEDAMDataTypes,EnumEDAMDataTypes
File,data_type,edam:data_3025,Identifier of a concept in an ontology of biological or bioinformatics concepts and relations.,Ontology concept identifier,edam:data_3025,https://anvilproject.github.io/acr-harmonized-data-model/EnumEDAMDataTypes,EnumEDAMDataTypes
File,data_type,edam:data_3028,"Data concerning the classification, identification and naming of organisms.",Taxonomy,edam:data_3028,https://anvilproject.github.io/acr-harmonized-data-model/EnumEDAMDataTypes,EnumEDAMDataTypes
File,data_type,edam:data_3029,"EMBL/GENBANK/DDBJ coding feature protein identifier, issued by International collaborators.",Protein ID (EMBL/GenBank/DDBJ),edam:data_3029,https://anvilproject.github.io/acr-harmonized-data-model/EnumEDAMDataTypes,EnumEDAMDataTypes
File,data_type,edam:data_3034,Name or other identifier of molecular sequence feature(s).,Sequence feature identifier,edam:data_3034,https://anvilproject.github.io/acr-harmonized-data-model/EnumEDAMDataTypes,EnumEDAMDataTypes
File,data_type,edam:data_3035,"An identifier of a molecular tertiary structure, typically an entry from a structure database.",Structure identifier,edam:data_3035,https://anvilproject.github.io/acr-harmonized-data-model/EnumEDAMDataTypes,EnumEDAMDataTypes
File,data_type,edam:data_3036,"An identifier of an array of numerical values, such as a comparison matrix.",Matrix identifier,edam:data_3036,https://anvilproject.github.io/acr-harmonized-data-model/EnumEDAMDataTypes,EnumEDAMDataTypes
File,data_type,edam:data_3103,"Unique identifier of a drug conforming to the Anatomical Therapeutic Chemical (ATC) Classification System, a drug classification system controlled by the WHO Collaborating Centre for Drug Statistics Methodology (WHOCC).",ATC code,edam:data_3103,https://anvilproject.github.io/acr-harmonized-data-model/EnumEDAMDataTypes,EnumEDAMDataTypes
File,data_type,edam:data_3104,"A unique, unambiguous, alphanumeric identifier of a chemical substance as catalogued by the Substance Registration System of the Food and Drug Administration (FDA).",UNII,edam:data_3104,https://anvilproject.github.io/acr-harmonized-data-model/EnumEDAMDataTypes,EnumEDAMDataTypes
File,data_type,edam:data_3106,"Metadata concerning the software, hardware or other aspects of a computer system.",System metadata,edam:data_3106,https://anvilproject.github.io/acr-harmonized-data-model/EnumEDAMDataTypes,EnumEDAMDataTypes
File,data_type,edam:data_3108,"Raw data such as measurements or other results from laboratory experiments, as generated from laboratory hardware.",Experimental measurement,edam:data_3108,https://anvilproject.github.io/acr-harmonized-data-model/EnumEDAMDataTypes,EnumEDAMDataTypes
File,data_type,edam:data_3110,Raw data (typically MIAME-compliant) for hybridisations from a microarray experiment.,Raw microarray data,edam:data_3110,https://anvilproject.github.io/acr-harmonized-data-model/EnumEDAMDataTypes,EnumEDAMDataTypes
File,data_type,edam:data_3111,Data generated from processing and analysis of probe set data from a microarray experiment.,Processed microarray data,edam:data_3111,https://anvilproject.github.io/acr-harmonized-data-model/EnumEDAMDataTypes,EnumEDAMDataTypes
File,data_type,edam:data_3112,The final processed (normalised) data for a set of hybridisations in a microarray experiment.,Gene expression matrix,edam:data_3112,https://anvilproject.github.io/acr-harmonized-data-model/EnumEDAMDataTypes,EnumEDAMDataTypes
File,data_type,edam:data_3113,"Annotation on a biological sample, for example experimental factors and their values.",Sample annotation,edam:data_3113,https://anvilproject.github.io/acr-harmonized-data-model/EnumEDAMDataTypes,EnumEDAMDataTypes
File,data_type,edam:data_3115,Annotation on the array itself used in a microarray experiment.,Microarray metadata,edam:data_3115,https://anvilproject.github.io/acr-harmonized-data-model/EnumEDAMDataTypes,EnumEDAMDataTypes
File,data_type,edam:data_3117,Data concerning the hybridisations measured during a microarray experiment.,Microarray hybridisation data,edam:data_3117,https://anvilproject.github.io/acr-harmonized-data-model/EnumEDAMDataTypes,EnumEDAMDataTypes
File,data_type,edam:data_3128,A human-readable collection of information about regions within a nucleic acid sequence which form secondary or tertiary (3D) structures.,Nucleic acid structure report,edam:data_3128,https://anvilproject.github.io/acr-harmonized-data-model/EnumEDAMDataTypes,EnumEDAMDataTypes
File,data_type,edam:data_3134,"An informative report on features of a messenger RNA (mRNA) molecules including precursor RNA, primary (unprocessed) transcript and fully processed molecules. This includes reports on a specific gene transcript, clone or EST.",Gene transcript report,edam:data_3134,https://anvilproject.github.io/acr-harmonized-data-model/EnumEDAMDataTypes,EnumEDAMDataTypes
File,data_type,edam:data_3148,"A human-readable collection of information about a particular family of genes, typically a set of genes with similar sequence that originate from duplication of a common ancestor gene, or any other classification of nucleic acid sequences or structures that reflects gene structure.",Gene family report,edam:data_3148,https://anvilproject.github.io/acr-harmonized-data-model/EnumEDAMDataTypes,EnumEDAMDataTypes
File,data_type,edam:data_3153,An image of a protein.,Protein image,edam:data_3153,https://anvilproject.github.io/acr-harmonized-data-model/EnumEDAMDataTypes,EnumEDAMDataTypes
File,data_type,edam:data_3181,An informative report about a DNA sequence assembly.,Sequence assembly report,edam:data_3181,https://anvilproject.github.io/acr-harmonized-data-model/EnumEDAMDataTypes,EnumEDAMDataTypes
File,data_type,edam:data_3210,An index of a genome sequence.,Genome index,edam:data_3210,https://anvilproject.github.io/acr-harmonized-data-model/EnumEDAMDataTypes,EnumEDAMDataTypes
File,data_type,edam:data_3236,The position of a cytogenetic band in a genome.,Cytoband position,edam:data_3236,https://anvilproject.github.io/acr-harmonized-data-model/EnumEDAMDataTypes,EnumEDAMDataTypes
File,data_type,edam:data_3238,Cell type ontology concept ID.,Cell type ontology ID,edam:data_3238,https://anvilproject.github.io/acr-harmonized-data-model/EnumEDAMDataTypes,EnumEDAMDataTypes
File,data_type,edam:data_3241,"Mathematical model of a network, that contains biochemical kinetics.",Kinetic model,edam:data_3241,https://anvilproject.github.io/acr-harmonized-data-model/EnumEDAMDataTypes,EnumEDAMDataTypes
File,data_type,edam:data_3264,Identifier of a COSMIC database entry.,COSMIC ID,edam:data_3264,https://anvilproject.github.io/acr-harmonized-data-model/EnumEDAMDataTypes,EnumEDAMDataTypes
File,data_type,edam:data_3265,Identifier of a HGMD database entry.,HGMD ID,edam:data_3265,https://anvilproject.github.io/acr-harmonized-data-model/EnumEDAMDataTypes,EnumEDAMDataTypes
File,data_type,edam:data_3266,Unique identifier of sequence assembly.,Sequence assembly ID,edam:data_3266,https://anvilproject.github.io/acr-harmonized-data-model/EnumEDAMDataTypes,EnumEDAMDataTypes
File,data_type,edam:data_3270,Unique identifier for a gene tree from the Ensembl database.,Ensembl gene tree ID,edam:data_3270,https://anvilproject.github.io/acr-harmonized-data-model/EnumEDAMDataTypes,EnumEDAMDataTypes
File,data_type,edam:data_3271,A phylogenetic tree that is an estimate of the character's phylogeny.,Gene tree,edam:data_3271,https://anvilproject.github.io/acr-harmonized-data-model/EnumEDAMDataTypes,EnumEDAMDataTypes
File,data_type,edam:data_3272,A phylogenetic tree that reflects phylogeny of the taxa from which the characters (used in calculating the tree) were sampled.,Species tree,edam:data_3272,https://anvilproject.github.io/acr-harmonized-data-model/EnumEDAMDataTypes,EnumEDAMDataTypes
File,data_type,edam:data_3273,Name or other identifier of an entry from a biosample database.,Sample ID,edam:data_3273,https://anvilproject.github.io/acr-harmonized-data-model/EnumEDAMDataTypes,EnumEDAMDataTypes
File,data_type,edam:data_3274,Identifier of an object from the MGI database.,MGI accession,edam:data_3274,https://anvilproject.github.io/acr-harmonized-data-model/EnumEDAMDataTypes,EnumEDAMDataTypes
File,data_type,edam:data_3275,Name of a phenotype.,Phenotype name,edam:data_3275,https://anvilproject.github.io/acr-harmonized-data-model/EnumEDAMDataTypes,EnumEDAMDataTypes
File,data_type,edam:data_3354,A HMM transition matrix contains the probabilities of switching from one HMM state to another.,Transition matrix,edam:data_3354,https://anvilproject.github.io/acr-harmonized-data-model/EnumEDAMDataTypes,EnumEDAMDataTypes
File,data_type,edam:data_3355,"A HMM emission matrix holds the probabilities of choosing the four nucleotides (A, C, G and T) in each of the states of a HMM.",Emission matrix,edam:data_3355,https://anvilproject.github.io/acr-harmonized-data-model/EnumEDAMDataTypes,EnumEDAMDataTypes
File,data_type,edam:data_3358,An identifier of a data format.,Format identifier,edam:data_3358,https://anvilproject.github.io/acr-harmonized-data-model/EnumEDAMDataTypes,EnumEDAMDataTypes
File,data_type,edam:data_3424,Raw biological or biomedical image generated by some experimental technique.,Raw image,edam:data_3424,https://anvilproject.github.io/acr-harmonized-data-model/EnumEDAMDataTypes,EnumEDAMDataTypes
File,data_type,edam:data_3425,"Data concerning the intrinsic physical (e.g. structural) or chemical properties of one, more or all carbohydrates.",Carbohydrate property,edam:data_3425,https://anvilproject.github.io/acr-harmonized-data-model/EnumEDAMDataTypes,EnumEDAMDataTypes
File,data_type,edam:data_3442,"An imaging technique that uses magnetic fields and radiowaves to form images, typically to investigate the anatomy and physiology of the human body.",MRI image,edam:data_3442,https://anvilproject.github.io/acr-harmonized-data-model/EnumEDAMDataTypes,EnumEDAMDataTypes
File,data_type,edam:data_3449,An image from a cell migration track assay.,Cell migration track image,edam:data_3449,https://anvilproject.github.io/acr-harmonized-data-model/EnumEDAMDataTypes,EnumEDAMDataTypes
File,data_type,edam:data_3451,Rate of association of a protein with another protein or some other molecule.,Rate of association,edam:data_3451,https://anvilproject.github.io/acr-harmonized-data-model/EnumEDAMDataTypes,EnumEDAMDataTypes
File,data_type,edam:data_3479,Multiple gene identifiers in a specific order.,Gene order,edam:data_3479,https://anvilproject.github.io/acr-harmonized-data-model/EnumEDAMDataTypes,EnumEDAMDataTypes
File,data_type,edam:data_3483,The spectrum of frequencies of electromagnetic radiation emitted from a molecule as a result of some spectroscopy experiment.,Spectrum,edam:data_3483,https://anvilproject.github.io/acr-harmonized-data-model/EnumEDAMDataTypes,EnumEDAMDataTypes
File,data_type,edam:data_3488,Spectral information for a molecule from a nuclear magnetic resonance experiment.,NMR spectrum,edam:data_3488,https://anvilproject.github.io/acr-harmonized-data-model/EnumEDAMDataTypes,EnumEDAMDataTypes
File,data_type,edam:data_3492,An informative report about a specific or conserved nucleic acid sequence pattern.,Nucleic acid signature,edam:data_3492,https://anvilproject.github.io/acr-harmonized-data-model/EnumEDAMDataTypes,EnumEDAMDataTypes
File,data_type,edam:data_3494,A DNA sequence.,DNA sequence,edam:data_3494,https://anvilproject.github.io/acr-harmonized-data-model/EnumEDAMDataTypes,EnumEDAMDataTypes
File,data_type,edam:data_3495,An RNA sequence.,RNA sequence,edam:data_3495,https://anvilproject.github.io/acr-harmonized-data-model/EnumEDAMDataTypes,EnumEDAMDataTypes
File,data_type,edam:data_3498,Data on gene sequence variations resulting large-scale genotyping and DNA sequencing projects.,Sequence variations,edam:data_3498,https://anvilproject.github.io/acr-harmonized-data-model/EnumEDAMDataTypes,EnumEDAMDataTypes
File,data_type,edam:data_3505,A list of publications such as scientic papers or books.,Bibliography,edam:data_3505,https://anvilproject.github.io/acr-harmonized-data-model/EnumEDAMDataTypes,EnumEDAMDataTypes
File,data_type,edam:data_3509,A mapping of supplied textual terms or phrases to ontology concepts (URIs).,Ontology mapping,edam:data_3509,https://anvilproject.github.io/acr-harmonized-data-model/EnumEDAMDataTypes,EnumEDAMDataTypes
File,data_type,edam:data_3546,Any data concerning a specific biological or biomedical image.,Image metadata,edam:data_3546,https://anvilproject.github.io/acr-harmonized-data-model/EnumEDAMDataTypes,EnumEDAMDataTypes
File,data_type,edam:data_3558,A human-readable collection of information concerning a clinical trial.,Clinical trial report,edam:data_3558,https://anvilproject.github.io/acr-harmonized-data-model/EnumEDAMDataTypes,EnumEDAMDataTypes
File,data_type,edam:data_3567,A report about a biosample.,Reference sample report,edam:data_3567,https://anvilproject.github.io/acr-harmonized-data-model/EnumEDAMDataTypes,EnumEDAMDataTypes
File,data_type,edam:data_3568,Accession number of an entry from the Gene Expression Atlas.,Gene Expression Atlas Experiment ID,edam:data_3568,https://anvilproject.github.io/acr-harmonized-data-model/EnumEDAMDataTypes,EnumEDAMDataTypes
File,data_type,edam:data_3667,Identifier of an entry from a database of disease.,Disease identifier,edam:data_3667,https://anvilproject.github.io/acr-harmonized-data-model/EnumEDAMDataTypes,EnumEDAMDataTypes
File,data_type,edam:data_3668,The name of some disease.,Disease name,edam:data_3668,https://anvilproject.github.io/acr-harmonized-data-model/EnumEDAMDataTypes,EnumEDAMDataTypes
File,data_type,edam:data_3669,"Learning material is a document or another digital object that is designed for learning (educational, training) purposes.",Learning material,edam:data_3669,https://anvilproject.github.io/acr-harmonized-data-model/EnumEDAMDataTypes,EnumEDAMDataTypes
File,data_type,edam:data_3670,A training course available for use on the Web.,Online course,edam:data_3670,https://anvilproject.github.io/acr-harmonized-data-model/EnumEDAMDataTypes,EnumEDAMDataTypes
File,data_type,edam:data_3671,"Any free or plain text, typically for human consumption and in English. Can instantiate also as a textual search query.",Text,edam:data_3671,https://anvilproject.github.io/acr-harmonized-data-model/EnumEDAMDataTypes,EnumEDAMDataTypes
File,data_type,edam:data_3707,Machine-readable biodiversity data.,Biodiversity data,edam:data_3707,https://anvilproject.github.io/acr-harmonized-data-model/EnumEDAMDataTypes,EnumEDAMDataTypes
File,data_type,edam:data_3716,A human-readable collection of information concerning biosafety data.,Biosafety report,edam:data_3716,https://anvilproject.github.io/acr-harmonized-data-model/EnumEDAMDataTypes,EnumEDAMDataTypes
File,data_type,edam:data_3717,A report about any kind of isolation of biological material.,Isolation report,edam:data_3717,https://anvilproject.github.io/acr-harmonized-data-model/EnumEDAMDataTypes,EnumEDAMDataTypes
File,data_type,edam:data_3718,Information about the ability of an organism to cause disease in a corresponding host.,Pathogenicity report,edam:data_3718,https://anvilproject.github.io/acr-harmonized-data-model/EnumEDAMDataTypes,EnumEDAMDataTypes
File,data_type,edam:data_3719,Information about the biosafety classification of an organism according to corresponding law.,Biosafety classification,edam:data_3719,https://anvilproject.github.io/acr-harmonized-data-model/EnumEDAMDataTypes,EnumEDAMDataTypes
File,data_type,edam:data_3720,A report about localisation of the isolaton of biological material e.g. country or coordinates.,Geographic location,edam:data_3720,https://anvilproject.github.io/acr-harmonized-data-model/EnumEDAMDataTypes,EnumEDAMDataTypes
File,data_type,edam:data_3721,"A report about any kind of isolation source of biological material e.g. blood, water, soil.",Isolation source,edam:data_3721,https://anvilproject.github.io/acr-harmonized-data-model/EnumEDAMDataTypes,EnumEDAMDataTypes
File,data_type,edam:data_3722,"Experimentally determined parameter of the physiology of an organism, e.g. substrate spectrum.",Physiology parameter,edam:data_3722,https://anvilproject.github.io/acr-harmonized-data-model/EnumEDAMDataTypes,EnumEDAMDataTypes
File,data_type,edam:data_3723,"Experimentally determined parameter of the morphology of an organism, e.g. size & shape.",Morphology parameter,edam:data_3723,https://anvilproject.github.io/acr-harmonized-data-model/EnumEDAMDataTypes,EnumEDAMDataTypes
File,data_type,edam:data_3724,Experimental determined parameter for the cultivation of an organism.,Cultivation parameter,edam:data_3724,https://anvilproject.github.io/acr-harmonized-data-model/EnumEDAMDataTypes,EnumEDAMDataTypes
File,data_type,edam:data_3732,"Data concerning a sequencing experiment, that may be specified as an input to some tool.",Sequencing metadata name,edam:data_3732,https://anvilproject.github.io/acr-harmonized-data-model/EnumEDAMDataTypes,EnumEDAMDataTypes
File,data_type,edam:data_3733,An identifier of a flow cell of a sequencing machine.,Flow cell identifier,edam:data_3733,https://anvilproject.github.io/acr-harmonized-data-model/EnumEDAMDataTypes,EnumEDAMDataTypes
File,data_type,edam:data_3734,"An identifier of a lane within a flow cell of a sequencing machine, within which millions of sequences are immobilised, amplified and sequenced.",Lane identifier,edam:data_3734,https://anvilproject.github.io/acr-harmonized-data-model/EnumEDAMDataTypes,EnumEDAMDataTypes
File,data_type,edam:data_3735,"A number corresponding to the number of an analysis performed by a sequencing machine. For example, if it's the 13th analysis, the run is 13.",Run number,edam:data_3735,https://anvilproject.github.io/acr-harmonized-data-model/EnumEDAMDataTypes,EnumEDAMDataTypes
File,data_type,edam:data_3736,Data concerning ecology; for example measurements and reports from the study of interactions among organisms and their environment.,Ecological data,edam:data_3736,https://anvilproject.github.io/acr-harmonized-data-model/EnumEDAMDataTypes,EnumEDAMDataTypes
File,data_type,edam:data_3737,The mean species diversity in sites or habitats at a local scale.,Alpha diversity data,edam:data_3737,https://anvilproject.github.io/acr-harmonized-data-model/EnumEDAMDataTypes,EnumEDAMDataTypes
File,data_type,edam:data_3738,The ratio between regional and local species diversity.,Beta diversity data,edam:data_3738,https://anvilproject.github.io/acr-harmonized-data-model/EnumEDAMDataTypes,EnumEDAMDataTypes
File,data_type,edam:data_3739,The total species diversity in a landscape.,Gamma diversity data,edam:data_3739,https://anvilproject.github.io/acr-harmonized-data-model/EnumEDAMDataTypes,EnumEDAMDataTypes
File,data_type,edam:data_3743,"A plot in which community data (e.g. species abundance data) is summarised. Similar species and samples are plotted close together, and dissimilar species and samples are plotted placed far apart.",Ordination plot,edam:data_3743,https://anvilproject.github.io/acr-harmonized-data-model/EnumEDAMDataTypes,EnumEDAMDataTypes
File,data_type,edam:data_3753,"A ranked list of categories (usually ontology concepts), each associated with a statistical metric of over-/under-representation within the studied data.",Over-representation data,edam:data_3753,https://anvilproject.github.io/acr-harmonized-data-model/EnumEDAMDataTypes,EnumEDAMDataTypes
File,data_type,edam:data_3754,"A ranked list of Gene Ontology concepts, each associated with a p-value, concerning or derived from the analysis of e.g. a set of genes or proteins.",GO-term enrichment data,edam:data_3754,https://anvilproject.github.io/acr-harmonized-data-model/EnumEDAMDataTypes,EnumEDAMDataTypes
File,data_type,edam:data_3756,Score for localization of one or more post-translational modifications in peptide sequence measured by mass spectrometry.,Localisation score,edam:data_3756,https://anvilproject.github.io/acr-harmonized-data-model/EnumEDAMDataTypes,EnumEDAMDataTypes
File,data_type,edam:data_3757,Identifier of a protein modification catalogued in the Unimod database.,Unimod ID,edam:data_3757,https://anvilproject.github.io/acr-harmonized-data-model/EnumEDAMDataTypes,EnumEDAMDataTypes
File,data_type,edam:data_3759,Identifier for mass spectrometry proteomics data in the proteomexchange.org repository.,ProteomeXchange ID,edam:data_3759,https://anvilproject.github.io/acr-harmonized-data-model/EnumEDAMDataTypes,EnumEDAMDataTypes
File,data_type,edam:data_3768,Groupings of expression profiles according to a clustering algorithm.,Clustered expression profiles,edam:data_3768,https://anvilproject.github.io/acr-harmonized-data-model/EnumEDAMDataTypes,EnumEDAMDataTypes
File,data_type,edam:data_3769,An identifier of a concept from the BRENDA ontology.,BRENDA ontology concept ID,edam:data_3769,https://anvilproject.github.io/acr-harmonized-data-model/EnumEDAMDataTypes,EnumEDAMDataTypes
File,data_type,edam:data_3779,"A text (such as a scientific article), annotated with notes, data and metadata, such as recognised entities, concepts, and their relations.",Annotated text,edam:data_3779,https://anvilproject.github.io/acr-harmonized-data-model/EnumEDAMDataTypes,EnumEDAMDataTypes
File,data_type,edam:data_3786,"A structured query, in form of a script, that defines a database search task.",Query script,edam:data_3786,https://anvilproject.github.io/acr-harmonized-data-model/EnumEDAMDataTypes,EnumEDAMDataTypes
File,data_type,edam:data_3805,Structural 3D model (volume map) from electron microscopy.,3D EM Map,edam:data_3805,https://anvilproject.github.io/acr-harmonized-data-model/EnumEDAMDataTypes,EnumEDAMDataTypes
File,data_type,edam:data_3806,Annotation on a structural 3D EM Map from electron microscopy. This might include one or several locations in the map of the known features of a particular macromolecule.,3D EM Mask,edam:data_3806,https://anvilproject.github.io/acr-harmonized-data-model/EnumEDAMDataTypes,EnumEDAMDataTypes
File,data_type,edam:data_3807,Raw DDD movie acquisition from electron microscopy.,EM Movie,edam:data_3807,https://anvilproject.github.io/acr-harmonized-data-model/EnumEDAMDataTypes,EnumEDAMDataTypes
File,data_type,edam:data_3808,Raw acquisition from electron microscopy or average of an aligned DDD movie.,EM Micrograph,edam:data_3808,https://anvilproject.github.io/acr-harmonized-data-model/EnumEDAMDataTypes,EnumEDAMDataTypes
File,data_type,edam:data_3842,"Data coming from molecular simulations, computer ""experiments"" on model molecules.",Molecular simulation data,edam:data_3842,https://anvilproject.github.io/acr-harmonized-data-model/EnumEDAMDataTypes,EnumEDAMDataTypes
File,data_type,edam:data_3856,Identifier of an entry from the RNA central database of annotated human miRNAs.,RNA central ID,edam:data_3856,https://anvilproject.github.io/acr-harmonized-data-model/EnumEDAMDataTypes,EnumEDAMDataTypes
File,data_type,edam:data_3861,A human-readable systematic collection of patient (or population) health information in a digital format.,Electronic health record,edam:data_3861,https://anvilproject.github.io/acr-harmonized-data-model/EnumEDAMDataTypes,EnumEDAMDataTypes
File,data_type,edam:data_3869,"Data coming from molecular simulations, computer ""experiments"" on model molecules. Typically formed by two separated but indivisible pieces of information: topology data (static) and trajectory data (dynamic).",Simulation,edam:data_3869,https://anvilproject.github.io/acr-harmonized-data-model/EnumEDAMDataTypes,EnumEDAMDataTypes
File,data_type,edam:data_3870,Dynamic information of a structure molecular system coming from a molecular simulation: XYZ 3D coordinates (sometimes with their associated velocities) for every atom along time.,Trajectory data,edam:data_3870,https://anvilproject.github.io/acr-harmonized-data-model/EnumEDAMDataTypes,EnumEDAMDataTypes
File,data_type,edam:data_3871,"Force field parameters: charges, masses, radii, bond lengths, bond dihedrals, etc. define the structural molecular system, and are essential for the proper description and simulation of a molecular system.",Forcefield parameters,edam:data_3871,https://anvilproject.github.io/acr-harmonized-data-model/EnumEDAMDataTypes,EnumEDAMDataTypes
File,data_type,edam:data_3872,"Static information of a structure molecular system that is needed for a molecular simulation: the list of atoms, their non-bonded parameters for Van der Waals and electrostatic interactions, and the complete connectivity in terms of bonds, angles and dihedrals.",Topology data,edam:data_3872,https://anvilproject.github.io/acr-harmonized-data-model/EnumEDAMDataTypes,EnumEDAMDataTypes
File,data_type,edam:data_3905,"Visualization of distribution of quantitative data, e.g. expression data, by histograms, violin plots and density plots.",Histogram,edam:data_3905,https://anvilproject.github.io/acr-harmonized-data-model/EnumEDAMDataTypes,EnumEDAMDataTypes
File,data_type,edam:data_3914,Report of the quality control review that was made of factors involved in a procedure.,Quality control report,edam:data_3914,https://anvilproject.github.io/acr-harmonized-data-model/EnumEDAMDataTypes,EnumEDAMDataTypes
File,data_type,edam:data_3917,"A table of unnormalized values representing summarised read counts per genomic region (e.g. gene, transcript, peak).",Count matrix,edam:data_3917,https://anvilproject.github.io/acr-harmonized-data-model/EnumEDAMDataTypes,EnumEDAMDataTypes
File,data_type,edam:data_3924,Alignment (superimposition) of DNA tertiary (3D) structures.,DNA structure alignment,edam:data_3924,https://anvilproject.github.io/acr-harmonized-data-model/EnumEDAMDataTypes,EnumEDAMDataTypes
File,data_type,edam:data_3932,"A score derived from the P-value to ensure correction for multiple tests. The Q-value provides an estimate of the positive False Discovery Rate (pFDR), i.e. the rate of false positives among all the cases reported positive: pFDR = FP / (FP + TP).",Q-value,edam:data_3932,https://anvilproject.github.io/acr-harmonized-data-model/EnumEDAMDataTypes,EnumEDAMDataTypes
File,data_type,edam:data_3949,"A profile HMM is a variant of a Hidden Markov model that is derived specifically from a set of (aligned) biological sequences. Profile HMMs provide the basis for a position-specific scoring system, which can be used to align sequences and search databases for related sequences.",Profile HMM,edam:data_3949,https://anvilproject.github.io/acr-harmonized-data-model/EnumEDAMDataTypes,EnumEDAMDataTypes
File,data_type,edam:data_3952,Identifier of a pathway from the WikiPathways pathway database.,Pathway ID (WikiPathways),edam:data_3952,https://anvilproject.github.io/acr-harmonized-data-model/EnumEDAMDataTypes,EnumEDAMDataTypes
File,data_type,edam:data_3953,"A ranked list of pathways, each associated with z-score, p-value or similar, concerning or derived from the analysis of e.g. a set of genes or proteins.",Pathway overrepresentation data,edam:data_3953,https://anvilproject.github.io/acr-harmonized-data-model/EnumEDAMDataTypes,EnumEDAMDataTypes
File,data_type,edam:data_4022,Identifier of a researcher registered with the ORCID database. Used to identify author IDs.,ORCID Identifier,edam:data_4022,https://anvilproject.github.io/acr-harmonized-data-model/EnumEDAMDataTypes,EnumEDAMDataTypes
File,data_type,edam:data_4040,"Data management plan is a document describing the data management of a project or an organisation, including acquisition, reuse, structure, processing, storage, documentation, sharing, and preservation of data. This may include budgeting for these operations.",Data management plan,edam:data_4040,https://anvilproject.github.io/acr-harmonized-data-model/EnumEDAMDataTypes,EnumEDAMDataTypes
File,data_type,edam:data_4075,"RefMet ID is the unique, persistent identifier used by the RefMet database (A Reference list of Metabolite names), a standardised reference nomenclature for metabolites.",RefMet ID,edam:data_4075,https://anvilproject.github.io/acr-harmonized-data-model/EnumEDAMDataTypes,EnumEDAMDataTypes
File,availability,snomedct:103328004,"The item is available to users, authorization/request permitting.",Available,snomedct:103328004,https://anvilproject.github.io/acr-harmonized-data-model/EnumAvailabilityStatus,EnumAvailabilityStatus
File,availability,snomedct:103329007,The item is not available to users.,Unavailable,snomedct:103329007,https://anvilproject.github.io/acr-harmonized-data-model/EnumAvailabilityStatus,EnumAvailabilityStatus
FileHash,hash_type,MS:1000568,MD5 (Message-Digest algorithm 5) is a (now deprecated) cryptographic hash function with a 128-bit hash value used to check the integrity of files.,MD5,,https://anvilproject.github.io/acr-harmonized-data-model/EnumFileHashType,EnumFileHashType
FileHash,hash_type,CAMO:0000022,"The entity tag is a hash of the object. The ETag reflects changes only to the contents of an object, not its metadata. The ETag may or may not be an MD5 digest of the object data.",ETag,,https://anvilproject.github.io/acr-harmonized-data-model/EnumFileHashType,EnumFileHashType
FileHash,hash_type,MS:1000569,SHA-1 (Secure Hash Algorithm-1) is a cryptographic hash function designed by the National Security Agency (NSA). It is also used to verify file integrity. Since 2011 it has been deprecated by the NIST as a U. S. government standard.,SHA-1,,https://anvilproject.github.io/acr-harmonized-data-model/EnumFileHashType,EnumFileHashType
FileHash,hash_type,MS:1003151,SHA-256 (member of Secure Hash Algorithm-2 family) is a cryptographic hash function designed by the National Security Agency (NSA) and published by the NIST as a U. S. government standard. It is also used to verify file integrity.,SHA-256,,https://anvilproject.github.io/acr-harmonized-data-model/EnumFileHashType,EnumFileHashType
Assay,assay_type,OBI:0000070,assay,,OBI:0000070,https://anvilproject.github.io/acr-harmonized-data-model/EnumAssayType,EnumAssayType
Assay,assay_type,CHMO:0000087,Any type of light microscopy assay where the specimen can be made to fluoresce (emit energy as visible light) by illuminating it with light of specific wavelengths. These specimens are called fluorophores.,fluorescence microscopy assay,CHMO:0000087,https://anvilproject.github.io/acr-harmonized-data-model/EnumAssayType,EnumAssayType
Assay,assay_type,CHMO:0000089,Microscopy where the specimen can be made to fluoresce (emit energy as visible light) by scanning a gas (Ar or Kr) laser spot of specific wavelength over its surface and using a spatial pinhole to eliminate out-of-focus fluorescence.,confocal fluorescence microscopy assay,CHMO:0000089,https://anvilproject.github.io/acr-harmonized-data-model/EnumAssayType,EnumAssayType
Assay,assay_type,CHMO:0000102,Microscopy where the specimen is illuminated with visible light and a system of lenses is used to produce an image.,light microscopy assay,CHMO:0000102,https://anvilproject.github.io/acr-harmonized-data-model/EnumAssayType,EnumAssayType
Assay,assay_type,CHMO:0000701,A method where a sample mixture is first separated by liquid chromatography before being ionised and characterised by mass-to-charge ratio and relative abundance using two mass spectrometers in series.,liquid chromatography-tandem mass spectrometry,CHMO:0000701,https://anvilproject.github.io/acr-harmonized-data-model/EnumAssayType,EnumAssayType
Assay,assay_type,OBI:0000117,An assay where the output data is a datum with one of two values denoting success and failure.,Bernoulli trial,OBI:0000117,https://anvilproject.github.io/acr-harmonized-data-model/EnumAssayType,EnumAssayType
Assay,assay_type,OBI:0000182,A 3D molecular structure determination assay that uses magnetic properties of atomic nuclei to determine the 3D structure and dynamics of molecules in the input sample.,NMR 3D molecular structure determination assay,OBI:0000182,https://anvilproject.github.io/acr-harmonized-data-model/EnumAssayType,EnumAssayType
Assay,assay_type,OBI:0000185,An assay that produces a picture of an entity.,imaging assay,OBI:0000185,https://anvilproject.github.io/acr-harmonized-data-model/EnumAssayType,EnumAssayType
Assay,assay_type,OBI:0000201,"An assay that measures the amount of radiation in the radioactive spectrum (alpha, beta or gamma rays) emitted from an input material.",radioactivity detection,OBI:0000201,https://anvilproject.github.io/acr-harmonized-data-model/EnumAssayType,EnumAssayType
Assay,assay_type,OBI:0000288,"An assay that determines interactions between proteins, such as protein-protein binding.",protein-protein interaction detection assay,OBI:0000288,https://anvilproject.github.io/acr-harmonized-data-model/EnumAssayType,EnumAssayType
Assay,assay_type,OBI:0000291,An assay tthat determines DNA regions specifically recognized by proteins that function as transcription factors,transcription factor binding site assay,OBI:0000291,https://anvilproject.github.io/acr-harmonized-data-model/EnumAssayType,EnumAssayType
Assay,assay_type,OBI:0000366,An assay that detects and identifies chemical entities resulting from biochemical and cellular metabolism,metabolite profiling assay,OBI:0000366,https://anvilproject.github.io/acr-harmonized-data-model/EnumAssayType,EnumAssayType
Assay,assay_type,OBI:0000418,An assay that determines the concentration of glucose molecules in a blood serum sample,measuring glucose concentration in blood serum assay,OBI:0000418,https://anvilproject.github.io/acr-harmonized-data-model/EnumAssayType,EnumAssayType
Assay,assay_type,OBI:0000424,An assay that determines gene expression and transcription activity using ribonucleic acids collected from a material entity.,transcription profiling assay,OBI:0000424,https://anvilproject.github.io/acr-harmonized-data-model/EnumAssayType,EnumAssayType
Assay,assay_type,OBI:0000433,An assay with the objective to determine a sequence feature of DNA,DNA sequence feature detection assay,OBI:0000433,https://anvilproject.github.io/acr-harmonized-data-model/EnumAssayType,EnumAssayType
Assay,assay_type,OBI:0000435,An assay which generates data about a genotype from a specimen of genomic DNA. A variety of techniques and instruments can be used to produce information about sequence variation at particular genomic positions.,genotyping assay,OBI:0000435,https://anvilproject.github.io/acr-harmonized-data-model/EnumAssayType,EnumAssayType
Assay,assay_type,OBI:0000438,"An assay that measures changes (expansion, amplification, deletion, mutation) in the sequence of a DNA molecule.",DNA sequence variation detection assay,OBI:0000438,https://anvilproject.github.io/acr-harmonized-data-model/EnumAssayType,EnumAssayType
Assay,assay_type,OBI:0000443,"An assay with the objective to capture information about the presence, concentration, or amount of an analyte in an evaluant.",analyte assay,OBI:0000443,https://anvilproject.github.io/acr-harmonized-data-model/EnumAssayType,EnumAssayType
Assay,assay_type,OBI:0000445,An assay that determines the mass of an evaluant,mass measurement assay,OBI:0000445,https://anvilproject.github.io/acr-harmonized-data-model/EnumAssayType,EnumAssayType
Assay,assay_type,OBI:0000447,An electrophysiology assay where the recording location of the electrode is intracellular.,intracellular electrophysiology recording assay,OBI:0000447,https://anvilproject.github.io/acr-harmonized-data-model/EnumAssayType,EnumAssayType
Assay,assay_type,OBI:0000454,An electrophysiology assay where the recording location of the electrode is extracellular.,extracellular electrophysiology recording assay,OBI:0000454,https://anvilproject.github.io/acr-harmonized-data-model/EnumAssayType,EnumAssayType
Assay,assay_type,OBI:0000470,An assay that identifies the amount and type of material entities present in a sample by fragmenting the sample and measuring the mass-to-charge ratio of the resulting particles.,mass spectrometry assay,OBI:0000470,https://anvilproject.github.io/acr-harmonized-data-model/EnumAssayType,EnumAssayType
Assay,assay_type,OBI:0000520,An analyte assay which uses analytical methods to produce measurements and data on the concentration of chemical parameters (analytes) present in a specimen collected from an organism in order to determine a phenotype of that organism.,clinical chemistry assay,OBI:0000520,https://anvilproject.github.io/acr-harmonized-data-model/EnumAssayType,EnumAssayType
Assay,assay_type,OBI:0000537,"An assay that determines lost or amplified genomic regions of DNA by comparing genomic DNA originating from tissues from the same or different individuals using specific techniques such as CGH, array CGH, SNP genotyping",copy number variation profiling assay,OBI:0000537,https://anvilproject.github.io/acr-harmonized-data-model/EnumAssayType,EnumAssayType
Assay,assay_type,OBI:0000615,An assay that determines protein expression and translation activity using protein extracts collected from a material entity.,protein expression profiling assay,OBI:0000615,https://anvilproject.github.io/acr-harmonized-data-model/EnumAssayType,EnumAssayType
Assay,assay_type,OBI:0000623,An assay that exploits the magnetic properties of certain nuclei (those with a spin) to resonate when placed in particular magnetic field conditions. Instruments recording NMR spectrum and sets of analysis can be used to deduce identity of chemical as well as composition of complex chemical mixtures.,NMR spectroscopy assay,OBI:0000623,https://anvilproject.github.io/acr-harmonized-data-model/EnumAssayType,EnumAssayType
Assay,assay_type,OBI:0000626,A sequencing assay which determines information on the sequence of a DNA molecule.,DNA sequencing assay,OBI:0000626,https://anvilproject.github.io/acr-harmonized-data-model/EnumAssayType,EnumAssayType
Assay,assay_type,OBI:0000630,An assay that studies phenotypes of an organism involving its blood and blood producing organs using a variety of techniques and instruments,hematology assay,OBI:0000630,https://anvilproject.github.io/acr-harmonized-data-model/EnumAssayType,EnumAssayType
Assay,assay_type,OBI:0000634,An assay that measures the state of methylation of DNA molecules using genomic DNA collected from a material entity using a range of techniques and instrument such as DNA sequencers and often relying on treatment with bisulfites to ensure cytosine conversion.,DNA methylation profiling assay,OBI:0000634,https://anvilproject.github.io/acr-harmonized-data-model/EnumAssayType,EnumAssayType
Assay,assay_type,OBI:0000661,"An analyte assay where binding of an enzyme linked antibody to a material entity that is immobilized on solid support is detected utilizing a chemiluminescent reaction. Depending on the setup, the enzyme-linked antibody could be binding directly to the analyte, or it serves as a secondary antibody detecting binding of the primary antibody to the analyte.",enzyme-linked immunosorbent assay,OBI:0000661,https://anvilproject.github.io/acr-harmonized-data-model/EnumAssayType,EnumAssayType
Assay,assay_type,OBI:0000664,"A cell proliferation assay in which cells are cultured in the presence of BrdU which is incorporated into newly synthesized DNA of replicating cells (during the S phase of the cell cycle), substituting for thymidine during DNA replication, which can be quantified by BrdU specific antibodies.",BrdU incorporation assay,OBI:0000664,https://anvilproject.github.io/acr-harmonized-data-model/EnumAssayType,EnumAssayType
Assay,assay_type,OBI:0000669,A cell proliferation assay in which cells are cultured in the presence of tritiated thymidine which is incorporated into newly synthesized DNA of replicating cells (during the S phase of the cell cycle). The radioactivity of tritiated thymidine in a cell is a proxy for cells that were actively replicating.,tritiated thymidine incorporation assay,OBI:0000669,https://anvilproject.github.io/acr-harmonized-data-model/EnumAssayType,EnumAssayType
Assay,assay_type,OBI:0000693,"A DNA methylation profiling assay that identifies methylated sites in genomic DNA and determines the methylation pattern that affect gene transcription using immunoprecipitation of methylated genomic DNA, creation of a library of corresponding DNA fragments (either single or paired-end fragments) and subsequent sequencing using parallelized sequencing methods.",MeDIP-seq assay,OBI:0000693,https://anvilproject.github.io/acr-harmonized-data-model/EnumAssayType,EnumAssayType
Assay,assay_type,OBI:0000695,"A DNA sequencing assay which rely on the use of dideoxynucleotides used in 4 distinct sequencing reaction on the same DNA sample. The dideoxynucleotides, once incorporated in the complementary DNA strand being synthesized by the DNA polymerase prevent any further chain elongation. The newly generated sequences are resolved on a polyacrylamide gel using electrophoresis and labels (either fluorochrome or radioactivity) are used to determine the nucleotide present at a given position",chain termination sequencing assay,OBI:0000695,https://anvilproject.github.io/acr-harmonized-data-model/EnumAssayType,EnumAssayType
Assay,assay_type,OBI:0000697,A DNA sequencing by synthesis assay that identifiies the sequnece of billions of DNA molecules immobilized to a surface using DNA polymerase and fluorescently labeled nucleotides added one at a time. The sequencing process does not require an amplification step and is typically able to produce reads of 25 base pair length.,Helicos sequencing assay,OBI:0000697,https://anvilproject.github.io/acr-harmonized-data-model/EnumAssayType,EnumAssayType
Assay,assay_type,OBI:0000699,An assay that measures the occurrence of death events in one or more organisms over time,survival assessment assay,OBI:0000699,https://anvilproject.github.io/acr-harmonized-data-model/EnumAssayType,EnumAssayType
Assay,assay_type,OBI:0000705,A sequencing assay in which the amino acid sequence of input peptides or proteins is determined by iteratively cleaving of the amino-terminal (N-terminal) residue without disrupting the peptide bonds and identifying it by e.g. chromatography or electropheresis.,Edman degradation,OBI:0000705,https://anvilproject.github.io/acr-harmonized-data-model/EnumAssayType,EnumAssayType
Assay,assay_type,OBI:0000706,"A DNA sequencing by ligation assay that identifies sequence information using primers to hybridize to the P1 adapter sequence within the library template, fluorescently labeled di-base probes to compete for ligation to the sequencing primer, multiple cycles of ligation, detection and cleavage to determine the eventual read length, following a series of ligation cycles, the extension product is removed and the template is reset with a primer complementary to the n-1 position for a second round of ligation cycles.",SOLiD sequencing assay,OBI:0000706,https://anvilproject.github.io/acr-harmonized-data-model/EnumAssayType,EnumAssayType
Assay,assay_type,OBI:0000716,An assay in which chromatin is immunoprecipitated and subsequently analyzed using a DNA sequencing step to identify which parts of DNA are part of the isolated chromatin,ChIP-seq assay,OBI:0000716,https://anvilproject.github.io/acr-harmonized-data-model/EnumAssayType,EnumAssayType
Assay,assay_type,OBI:0000721,An assay that measures glucose clearance from blood over time by repeated glucose measurement in blood serum or plasma after the administration of a glucose bolus in-vivo. This assay can be used to evaluate the severity of insulin resistance or the efficiency of glucose clearance.,glucose tolerance test,OBI:0000721,https://anvilproject.github.io/acr-harmonized-data-model/EnumAssayType,EnumAssayType
Assay,assay_type,OBI:0000723,A DNA sequencing assay that performs chain extension during the sequencing reaction step using DNA ligase,DNA sequencing by ligation assay,OBI:0000723,https://anvilproject.github.io/acr-harmonized-data-model/EnumAssayType,EnumAssayType
Assay,assay_type,OBI:0000724,"A DNA sequencing by synthesis assay that identifies sequence information using DNA polymerase and reversible terminator, requiring immobilization of genomic DNA fragments onto a surface and a specific clonal amplification step known as bridge PCR. Reliance on a reversible terminator allows cycles of DNA chain extension by DNA polymerase and imaging without the need of electrophoretic separation of newly synthesized DNA fragment as with Sanger sequencing.",Solexa sequencing assay,OBI:0000724,https://anvilproject.github.io/acr-harmonized-data-model/EnumAssayType,EnumAssayType
Assay,assay_type,OBI:0000730,"A DNA sequencing by synthesis assay which sequences a single strand of DNA by synthesizing the complementary strand along it, one base pair at a time, and detecting which base was actually added at each step. The template DNA is immobilized, and solutions of A, C, G, and T nucleotides are added and removed after the reaction, sequentially. Light is produced only when the nucleotide solution complements the first unpaired base of the template. The sequence of solutions which produce chemiluminescent signals allows the determination of the sequence of the template. ssDNA template is hybridized to a sequencing primer and incubated with the enzymes DNA polymerase, ATP sulfurylase, luciferase and apyrase, and with the substrates adenosine 5-prime phosphosulfate (APS) and luciferin.",pyrosequencing assay,OBI:0000730,https://anvilproject.github.io/acr-harmonized-data-model/EnumAssayType,EnumAssayType
Assay,assay_type,OBI:0000734,A DNA sequencing assay that relies on DNA polymerase activity to perform chain extension during the sequencing reaction step.,DNA sequencing by synthesis assay,OBI:0000734,https://anvilproject.github.io/acr-harmonized-data-model/EnumAssayType,EnumAssayType
Assay,assay_type,OBI:0000743,An assay that determines information about an immune response,immune response assay,OBI:0000743,https://anvilproject.github.io/acr-harmonized-data-model/EnumAssayType,EnumAssayType
Assay,assay_type,OBI:0000748,A DNA methylation profiling assay which determines the methylation status of genomic DNA using DNA sequencing techniques preceded by a bisulfite based chemical modification of genomic DNA at CpG island location.,bisulfite sequencing assay,OBI:0000748,https://anvilproject.github.io/acr-harmonized-data-model/EnumAssayType,EnumAssayType
Assay,assay_type,OBI:0000787,An assay that measures the amount of antithrombin III in blood.,human antithrombin-III in blood assay,OBI:0000787,https://anvilproject.github.io/acr-harmonized-data-model/EnumAssayType,EnumAssayType
Assay,assay_type,OBI:0000802,"An assay that measures the prothrombin ratio, which is the prothrombin time for a patient, divided by the result for control plasma. Most commonly the test is preformed using blood plasma. Blood is drawn into a test tube containing liquid citrate, which acts as an anticoagulant. An excess of calcium is added to enable the blood to clot again.Tissue factor (also known as factor III or thromboplastin) is added, and the time the sample takes to clot is measured optically as the prothrombin time, which is compared to a control sample.",prothrombin time assay,OBI:0000802,https://anvilproject.github.io/acr-harmonized-data-model/EnumAssayType,EnumAssayType
Assay,assay_type,OBI:0000805,"An antithrombin-III (AT-III) assay in which exogenous bovine thrombin and heparin are added to test plasma to form a thrombin-heparin-AT complex. The residual thrombin not bound then hydrolyzes the p-nitroalanine substrate to produce a yellow color, which is read at 405 nm. The intensity of color produced is inversely proportional to the AT present. A calibration is done with standard human plasma reagent and results for a given specimen are reported as a percentage relative to the standard",antithrombin-III berichrome assay,OBI:0000805,https://anvilproject.github.io/acr-harmonized-data-model/EnumAssayType,EnumAssayType
Assay,assay_type,OBI:0000808,"An assay that quantitatively measures heparin in human plasma using Factor Xa and Antithrombin III in excess, where the rate of Factor Xa inhibition is directly proportional to the heparin concentration. The residual Factor Xa activity, measured with a Factor Xa-specific chromogenic substrate, is inversely proportional to the heparin concentration.",spectrolyse heparin antifactor-Xa assay,OBI:0000808,https://anvilproject.github.io/acr-harmonized-data-model/EnumAssayType,EnumAssayType
Assay,assay_type,OBI:0000812,An assay that measures neural activity in the caudate nucleus,measuring neural activity in the caudate nucleus assay,OBI:0000812,https://anvilproject.github.io/acr-harmonized-data-model/EnumAssayType,EnumAssayType
Assay,assay_type,OBI:0000820,"An assay that evaluates blood coagulation by measuring the time required for the appearance of fibrin strands following the mixing blood or plasma with phospholipid platelet substitute (e.g., crude cephalins, soybean phosphatides). It is a test of the intrinsic pathway (factors VIII, IX, XI, and XII) and the common pathway (fibrinogen, prothrombin, factors V and X) of blood coaguation . It is used as a screening test and to monitor heparin therapy.",activated partial thromboplastin time assay,OBI:0000820,https://anvilproject.github.io/acr-harmonized-data-model/EnumAssayType,EnumAssayType
Assay,assay_type,OBI:0000823,An assay that measures the time between the addition of the thrombin and the clot formation in plasma.,thrombin time assay,OBI:0000823,https://anvilproject.github.io/acr-harmonized-data-model/EnumAssayType,EnumAssayType
Assay,assay_type,OBI:0000854,"An analyte assay that detects specific peptides in an input material by separating it using gel electrophoresis, transfering the separated molecules to a membrane, and staining them with_ antibodies specific to the analyte molecules.",western blot assay,OBI:0000854,https://anvilproject.github.io/acr-harmonized-data-model/EnumAssayType,EnumAssayType
Assay,assay_type,OBI:0000860,"An assay that determines the presence of gene transcripts by hybridizing labeled RNA or DNA probes against messenger RNAs isolated from tissue or cell cultures, resolved on denaturing gel, transfered by a blotting procedure to a solid support. Detection of hybridization signals is carried out by immunofluorescence or radioactivity measurements using photographic films or digital imaging devices such as Phosphor Imager.",northern blot assay,OBI:0000860,https://anvilproject.github.io/acr-harmonized-data-model/EnumAssayType,EnumAssayType
Assay,assay_type,OBI:0000865,A serum neutralization of viral infectivity assay which is performed in a 96-well plate.,96-well neutralization assay,OBI:0000865,https://anvilproject.github.io/acr-harmonized-data-model/EnumAssayType,EnumAssayType
Assay,assay_type,OBI:0000870,An assay that provides information about the secondary structure of nucleic acids using chemical or enzymatic probing to establish the extent of base-pairing or solvent accessiblity.,single-nucleotide-resolution nucleic acid structure mapping assay,OBI:0000870,https://anvilproject.github.io/acr-harmonized-data-model/EnumAssayType,EnumAssayType
Assay,assay_type,OBI:0000871,An assay that quantifies viruses by their hemagglutination activity.,viral hemagglutination assay,OBI:0000871,https://anvilproject.github.io/acr-harmonized-data-model/EnumAssayType,EnumAssayType
Assay,assay_type,OBI:0000872,"An analyte assay that measures virus-neutralizing abilities of different sera. Different dilutions of serum are mixed with virus and used to infect cells. At the lower dilutions, antibodies will block infection, but at higher dilutions, there will be too few antibodies to have an effect.The neutralization titer is expressed as the reciprocal of the highest dilution at which virus infection is blocked.",serum neutralization of viral infectivity assay,OBI:0000872,https://anvilproject.github.io/acr-harmonized-data-model/EnumAssayType,EnumAssayType
Assay,assay_type,OBI:0000874,"An analyte assay in which a specified input material (the evaluant) is examined for the presence or quantity of specified nucleic acid polymers, which are identified based on the use of complementary nucleic acid probes.",detection of specific nucleic acid polymers with complementary probes,OBI:0000874,https://anvilproject.github.io/acr-harmonized-data-model/EnumAssayType,EnumAssayType
Assay,assay_type,OBI:0000875,"An assay that measures the ability of an evaluant to inhibit hemagglutination by a virus. Hemagglutinin is a viral protein which binds to sialic acid receptors on cells or to erythrocytes, causing the cells to clump. Loss of clumping indicates that the evaluant blocks binding of hemagglutinin to sialic acid receptors.",viral hemagglutination inhibition assay,OBI:0000875,https://anvilproject.github.io/acr-harmonized-data-model/EnumAssayType,EnumAssayType
Assay,assay_type,OBI:0000882,A cytometry assay that monitors a cell population to track how many are killed by other cells.,cell-cell killing assay,OBI:0000882,https://anvilproject.github.io/acr-harmonized-data-model/EnumAssayType,EnumAssayType
Assay,assay_type,OBI:0000883,A cell killing assay that measures if and how many target cells are killed within an organism.,in vivo cell killing assay,OBI:0000883,https://anvilproject.github.io/acr-harmonized-data-model/EnumAssayType,EnumAssayType
Assay,assay_type,OBI:0000891,A cytometry assay which measures the degreee to which input cells are replicating.,cell proliferation assay,OBI:0000891,https://anvilproject.github.io/acr-harmonized-data-model/EnumAssayType,EnumAssayType
Assay,assay_type,OBI:0000892,"An analyte assay that detects the presence of a specific sequence in a DNA sample, which has been digested by restriction enzymes, resolved by gel electrophoresis, and blotted to a solid support, followed by hybridization of a probe raised against a specific sequence and detected with fluorescence or radioactivity.",Southern blot assay,OBI:0000892,https://anvilproject.github.io/acr-harmonized-data-model/EnumAssayType,EnumAssayType
Assay,assay_type,OBI:0000893,"An assay, based on the PCR, that amplifies and simultaneously quantifies a specific DNA molecule based on the use of complementary probes/primers. It enables both detection and quantification (as absolute number of copies or relative amount when normalized to DNA input or additional normalizing genes) of one or more specific sequences in a DNA sample.",real time polymerase chain reaction assay,OBI:0000893,https://anvilproject.github.io/acr-harmonized-data-model/EnumAssayType,EnumAssayType
Assay,assay_type,OBI:0000897,A single-nucleotide-resolution nucleic acid structure mapping assay which determines nucleic acid secondary structure at a nucleotide resolution scale using DEPC as reagent and chemical probe,DEPC structure mapping assay,OBI:0000897,https://anvilproject.github.io/acr-harmonized-data-model/EnumAssayType,EnumAssayType
Assay,assay_type,OBI:0000903,A cell killing assay that measures if and how many target cells are actively killed by other cells in a cell culture.,in vitro cell killing assay,OBI:0000903,https://anvilproject.github.io/acr-harmonized-data-model/EnumAssayType,EnumAssayType
Assay,assay_type,OBI:0000904,An analyte assay in which a cell line whose growth is known to be affected by the presence of a specific type of material (the anlyte) is cultured in the presence of an input material (the evaluant) in order to detect presence of the analyte in the evaluant.,reporter cell line analyte detection bioassay,OBI:0000904,https://anvilproject.github.io/acr-harmonized-data-model/EnumAssayType,EnumAssayType
Assay,assay_type,OBI:0000910,An assay in which a radioactive labeled antigen or antibody is used to determine the interaction between an antigen and its receptor. This can be used to detect the presence of an antigen of interest in an input sample or determine the specificity of an input antibody.,radio immuno assay,OBI:0000910,https://anvilproject.github.io/acr-harmonized-data-model/EnumAssayType,EnumAssayType
Assay,assay_type,OBI:0000911,An assay that uses a reverse transcription step (an RNA strand is reverse transcribed into its DNA complement using the enzyme reverse transcriptase) before a PCR assay.,real time reverse-transcription polymerase chain reaction assay,OBI:0000911,https://anvilproject.github.io/acr-harmonized-data-model/EnumAssayType,EnumAssayType
Assay,assay_type,OBI:0000912,A 3D molecular structure determination assay in which the diffraction of pattern of X-ray beams in a crystal of purified material entities is used to resolve the 3-dimensional structure of the material entity of interest.,X-ray crystallography 3D molecular structure determination assay,OBI:0000912,https://anvilproject.github.io/acr-harmonized-data-model/EnumAssayType,EnumAssayType
Assay,assay_type,OBI:0000913,An assay in which the activity of a promoter in a cell is monitored by using a reporter gene that was inserted in a genomic location under control of the promoter and whose expression can be easily detected based on qualities or functions of the gene.,promoter activity detection by reporter gene assay,OBI:0000913,https://anvilproject.github.io/acr-harmonized-data-model/EnumAssayType,EnumAssayType
Assay,assay_type,OBI:0000916,"A cytometry assay in which an input cell population is put in solution, is passed by a laser, and optical sensors are used to detect scattering of the laser light and/or fluorescence of specific markers to count and characterize the particles in solution.",flow cytometry assay,OBI:0000916,https://anvilproject.github.io/acr-harmonized-data-model/EnumAssayType,EnumAssayType
Assay,assay_type,OBI:0000920,"An analyte assay in which a series of beads coated with antibodies, antigens, or other small molecules are used to detect an analyte of interest.",cytometric bead array assay,OBI:0000920,https://anvilproject.github.io/acr-harmonized-data-model/EnumAssayType,EnumAssayType
Assay,assay_type,OBI:0000923,"A binding assay that uses the detection of electromagnetic waves in a surface to detect material entities adsorbed to the surface, which change the local optical index of refraction.",surface plasmon resonance binding assay,OBI:0000923,https://anvilproject.github.io/acr-harmonized-data-model/EnumAssayType,EnumAssayType
Assay,assay_type,OBI:0000944,An assay that measures the unequal distribution of fine motor skill between the left and right hands typically in human subjects by means of some questionnaire and scoring procedure.,handedness assay,OBI:0000944,https://anvilproject.github.io/acr-harmonized-data-model/EnumAssayType,EnumAssayType
Assay,assay_type,OBI:0000957,An assay where a person makes a statement that indicates what handedness he has from a choice of different categories.,self reported handedness assessment,OBI:0000957,https://anvilproject.github.io/acr-harmonized-data-model/EnumAssayType,EnumAssayType
Assay,assay_type,OBI:0000964,An assay in which a measurement is made by observing entities located in a live cell.,in live cell assay,OBI:0000964,https://anvilproject.github.io/acr-harmonized-data-model/EnumAssayType,EnumAssayType
Assay,assay_type,OBI:0000966,An assay in which a measurement is made by observing entities located in an organism.,in live organism assay,OBI:0000966,https://anvilproject.github.io/acr-harmonized-data-model/EnumAssayType,EnumAssayType
Assay,assay_type,OBI:0000975,A binding assay which uses a flow cytometer to detect pairs of cells that are bound to each other by staining them with different fluorescent labels.,cell-cell binding detection by flow cytometry assay,OBI:0000975,https://anvilproject.github.io/acr-harmonized-data-model/EnumAssayType,EnumAssayType
Assay,assay_type,OBI:0000978,An assay in which a measurement is made by observing entities located in a container.,in container assay,OBI:0000978,https://anvilproject.github.io/acr-harmonized-data-model/EnumAssayType,EnumAssayType
Assay,assay_type,OBI:0001001,"An assay that uses a set of questions (the Edinburgh Handedness inventory) to generate a score that can be used to assess the dominance of a person's right or left hand in everyday activities. The inventory can be used by an observer assessing the person, or by a person self-reporting hand use. The latter method tends to be less reliable due to a person over-attributing tasks to the dominant hand.",Edinburgh handedness assay,OBI:0001001,https://anvilproject.github.io/acr-harmonized-data-model/EnumAssayType,EnumAssayType
Assay,assay_type,OBI:0001005,A single-nucleotide-resolution ribonucleic acid structure mapping assay that determines nucleic acid secondary structure at a nucleotide resolution scale using RNAse CL3 as reagent and enzymatic probe.,RNASE CL3 structure mapping assay,OBI:0001005,https://anvilproject.github.io/acr-harmonized-data-model/EnumAssayType,EnumAssayType
Assay,assay_type,OBI:0001006,A single-nucleotide-resolution nucleic acid structure mapping assay which uses CMCT as reagent and chemical probe to generate data and information at nucleotide resolution scale contributing to the determination of nucleic acid secondary structure,CMCT structure mapping assay,OBI:0001006,https://anvilproject.github.io/acr-harmonized-data-model/EnumAssayType,EnumAssayType
Assay,assay_type,OBI:0001008,A single-nucleotide-resolution ribonucleic acid structure mapping assay that determines nucleic acid secondary structure at the nucleotide resolution scale using Fe-MP as reagent and chemical probe.,MPE-Fe(II) structure mapping assay,OBI:0001008,https://anvilproject.github.io/acr-harmonized-data-model/EnumAssayType,EnumAssayType
Assay,assay_type,OBI:0001011,A single-nucleotide-resolution nucleic acid structure mapping assay that determines the secondary structure of a nucleic acid at the nucleotide resolution scale which uses ENU as reagent and chemical probe,ENU structure mapping assay,OBI:0001011,https://anvilproject.github.io/acr-harmonized-data-model/EnumAssayType,EnumAssayType
Assay,assay_type,OBI:0001012,A single-nucleotide-resolution ribonucleic acid structure mapping assay that determines nucleic acid secondary structure at a nucleotide resolution scale using RNAse V1 as reagent and enzymatic probe,RNASE V1 structure mapping assay,OBI:0001012,https://anvilproject.github.io/acr-harmonized-data-model/EnumAssayType,EnumAssayType
Assay,assay_type,OBI:0001013,A single-nucleotide-resolution nucleic acid structure mapping assay that determines nucleic acid secondary structure at nucleotide resolution scale using kethoxal as reagent and chemical probe,kethoxal structure mapping assay,OBI:0001013,https://anvilproject.github.io/acr-harmonized-data-model/EnumAssayType,EnumAssayType
Assay,assay_type,OBI:0001014,A single-nucleotide-resolution nucleic acid structure mapping assay that determines structural information about the RNA species under study using proteins acting as enzymatic probes.,single-nucleotide-resolution nucleic acid structure mapping assay using enzymatic probing,OBI:0001014,https://anvilproject.github.io/acr-harmonized-data-model/EnumAssayType,EnumAssayType
Assay,assay_type,OBI:0001015,A single-nucleotide-resolution nucleic acid structure mapping assay which determins nucleic acid secondary structure at a nucleotide resolution scale using DMS as reagent and chemical probe,DMS structure mapping assay,OBI:0001015,https://anvilproject.github.io/acr-harmonized-data-model/EnumAssayType,EnumAssayType
Assay,assay_type,OBI:0001016,A single-nucleotide-resolution deoxyribonucleic acid structure mapping assay which uses DNAse 1 as reagent and enzymatic probe to generate data and information at nucleotide resolution scale contributing to the determination of nucleic acid secondary structure,DNASE 1 structure mapping assay,OBI:0001016,https://anvilproject.github.io/acr-harmonized-data-model/EnumAssayType,EnumAssayType
Assay,assay_type,OBI:0001017,A single-nucleotide-resolution nucleic acid structure mapping assay that determines structural information about the RNA species under study using small chemical compounds acting as chemical probes.,single-nucleotide-resolution nucleic acid structure mapping assay using chemical probing,OBI:0001017,https://anvilproject.github.io/acr-harmonized-data-model/EnumAssayType,EnumAssayType
Assay,assay_type,OBI:0001018,A single-nucleotide-resolution nucleic acid structure mapping assay that determines nucleic acid secondary structure at a nucleotide resolution scale using Rhodium as reagent and chemical probe.,Rhodium DNA structure mapping assay,OBI:0001018,https://anvilproject.github.io/acr-harmonized-data-model/EnumAssayType,EnumAssayType
Assay,assay_type,OBI:0001019,A single-nucleotide-resolution ribonucleic acid structure mapping assay that determines nucleic acid secondary structure at a nucleotide resolution scale using RNA adenosine deaminase I as reagent and enzymatic probe.,RNA ADA I RNA structure mapping assay,OBI:0001019,https://anvilproject.github.io/acr-harmonized-data-model/EnumAssayType,EnumAssayType
Assay,assay_type,OBI:0001020,A single-nucleotide-resolution nucleic acid structure mapping assay that determines nucleic acid secondary structure at nucleotide resolution scale using lead as reagent and chemical probe,Lead structure mapping assay,OBI:0001020,https://anvilproject.github.io/acr-harmonized-data-model/EnumAssayType,EnumAssayType
Assay,assay_type,OBI:0001021,A single-nucleotide-resolution ribonucleic acid structure mapping assay that determines nucleic acid secondary structure at a nucleotide resolution scale using RNAse T2 as reagent and enzymatic probe,RNASE T2 structure mapping assay,OBI:0001021,https://anvilproject.github.io/acr-harmonized-data-model/EnumAssayType,EnumAssayType
Assay,assay_type,OBI:0001022,An assay that measures changes in phenotype due to increased or decreased dosage of a single allele of a gene.,gene dosage assay,OBI:0001022,https://anvilproject.github.io/acr-harmonized-data-model/EnumAssayType,EnumAssayType
Assay,assay_type,OBI:0001023,A single-nucleotide-resolution ribonucleic acid structure mapping assay that determines nucleic secondary structure at a nucleotide resolution scale using Fe-BABE as reagent and chemical probe.,Fe-BABE RNA structure mapping assay,OBI:0001023,https://anvilproject.github.io/acr-harmonized-data-model/EnumAssayType,EnumAssayType
Assay,assay_type,OBI:0001024,A single-nucleotide-resolution ribonucleic acid structure mapping assay that determines nucleic acid secondary structure at a nucleotide resolution scale using RNAase U2 as reagent and enzymatic probe,RNASE U2 structure mapping assay,OBI:0001024,https://anvilproject.github.io/acr-harmonized-data-model/EnumAssayType,EnumAssayType
Assay,assay_type,OBI:0001025,A binding assay where the specified output is a binding constant,binding constant determination assay,OBI:0001025,https://anvilproject.github.io/acr-harmonized-data-model/EnumAssayType,EnumAssayType
Assay,assay_type,OBI:0001026,A single-nucleotide-resolution ribonucleic acid structure mapping assay that determines nucleic acid secondary structure at the nucleotide resolution scale using NMIA as reagent and chemical probe,NMIA RNA structure mapping assay,OBI:0001026,https://anvilproject.github.io/acr-harmonized-data-model/EnumAssayType,EnumAssayType
Assay,assay_type,OBI:0001027,A single-nucleotide-resolution nucleic acid structure mapping assay that determines nucleic acid secondary structure at a nucleotide resolution scale using Terbium as reagent and chemical probe,Terbium RNA structure mapping assay,OBI:0001027,https://anvilproject.github.io/acr-harmonized-data-model/EnumAssayType,EnumAssayType
Assay,assay_type,OBI:0001029,A single-nucleotide-resolution nucleic acid structure mapping assay hat determines nucleic acid secondary structure at a nucleotide resolution scale using hydroxyl radical as reagent and chemical probe,OH-radical structure mapping assay,OBI:0001029,https://anvilproject.github.io/acr-harmonized-data-model/EnumAssayType,EnumAssayType
Assay,assay_type,OBI:0001030,A single-nucleotide-resolution ribonucleic acid structure mapping assay that determines nucleic acid secondary structure at a nucleotide resolution scale uses RNAse T1 as reagent and enzymatic probe.,RNASE T1 structure mapping assay,OBI:0001030,https://anvilproject.github.io/acr-harmonized-data-model/EnumAssayType,EnumAssayType
Assay,assay_type,OBI:0001035,A single-nucleotide-resolution deoxyribonucleic acid structure mapping assay that determines nucleic acid secondary structure at a nucleotide resolution scale using DNAse 1 as reagent and enzymatic probe.,Nuclease S1 structure mapping assay,OBI:0001035,https://anvilproject.github.io/acr-harmonized-data-model/EnumAssayType,EnumAssayType
Assay,assay_type,OBI:0001038,A single-nucleotide-resolution nucleic acid structure mapping assay that determines nucleic acid secondary structure at a nucleotide resolution scale using Rhutenium as reagent and chemical probe,Ruthenium structure mapping assay,OBI:0001038,https://anvilproject.github.io/acr-harmonized-data-model/EnumAssayType,EnumAssayType
Assay,assay_type,OBI:0001039,A single-nucleotide-resolution ribonucleic acid structure mapping assay that determines nucleic acid secondary structure at nucleotide resolution scale using intromolecular reactivity,inline probing RNA structure mapping assay,OBI:0001039,https://anvilproject.github.io/acr-harmonized-data-model/EnumAssayType,EnumAssayType
Assay,assay_type,OBI:0001145,A 3D molecular structure determination assay in which a complex of 2 or more molecular enties is characterized which provides information on their binding configuration.,3D structure determination of bound molecular complex assay,OBI:0001145,https://anvilproject.github.io/acr-harmonized-data-model/EnumAssayType,EnumAssayType
Assay,assay_type,OBI:0001146,An assay with the objective to characterize the disposition of two or more material entities to form a complex.,binding assay,OBI:0001146,https://anvilproject.github.io/acr-harmonized-data-model/EnumAssayType,EnumAssayType
Assay,assay_type,OBI:0001158,"An assay that determines the duration of part of the life of an organism, where the initial time point is the beginning of some transitional state (such as birth or when planted).",age determination assay,OBI:0001158,https://anvilproject.github.io/acr-harmonized-data-model/EnumAssayType,EnumAssayType
Assay,assay_type,OBI:0001170,"An assay that determines the concentration of RNA in a sample in which an RNA strand is first reverse transcribed into its DNA complement (complementary DNA, or cDNA) using the enzyme reverse transcriptase, and the resulting cDNA is amplified using traditional or real-time PCR.",reverse transcription polymerase chain reaction assay,OBI:0001170,https://anvilproject.github.io/acr-harmonized-data-model/EnumAssayType,EnumAssayType
Assay,assay_type,OBI:0001177,An assay that determines the sequence of an RNA molecule.,RNA sequencing assay,OBI:0001177,https://anvilproject.github.io/acr-harmonized-data-model/EnumAssayType,EnumAssayType
Assay,assay_type,OBI:0001178,"An assay that tests  if inducing an epitope specific immune response in an organism has an effect, such as the ability to prevent, treat or exacerbate diseases in the organism.",efficacy of epitope intervention experiment,OBI:0001178,https://anvilproject.github.io/acr-harmonized-data-model/EnumAssayType,EnumAssayType
Assay,assay_type,OBI:0001179,An epitope protection experiment in which the ability of the epitope to protect the host from an infection is assessed.,epitope protection from infectious challenge experiment,OBI:0001179,https://anvilproject.github.io/acr-harmonized-data-model/EnumAssayType,EnumAssayType
Assay,assay_type,OBI:0001183,An epitope protection experiment in which the ability of the epitope to protect the host from developing tumors is assessed.,epitope protection from tumor challenge experiment,OBI:0001183,https://anvilproject.github.io/acr-harmonized-data-model/EnumAssayType,EnumAssayType
Assay,assay_type,OBI:0001184,An efficacy of epitope intervention experiment that tests the efficacy of inducing an immune epitope response to prevent disease in a host.,epitope protection experiment,OBI:0001184,https://anvilproject.github.io/acr-harmonized-data-model/EnumAssayType,EnumAssayType
Assay,assay_type,OBI:0001186,An epitope protection from infectious challenge experiment in which the readout is a reduction in the presence of pathogens in the host compared to controls.,epitope protection from infectious challenge experiment based on pathogen burden,OBI:0001186,https://anvilproject.github.io/acr-harmonized-data-model/EnumAssayType,EnumAssayType
Assay,assay_type,OBI:0001187,An assay that measures the presence or amount of an infectious agent in an evaluant,infectious agent detection assay,OBI:0001187,https://anvilproject.github.io/acr-harmonized-data-model/EnumAssayType,EnumAssayType
Assay,assay_type,OBI:0001188,An efficacy of epitope intervention experiment that tests the ability of inducing an epitope immune response to increase the severity of an existing disease in the host.,epitope disease exacerbation experiment,OBI:0001188,https://anvilproject.github.io/acr-harmonized-data-model/EnumAssayType,EnumAssayType
Assay,assay_type,OBI:0001189,An epitope protection experiment that determines the success of the epitope intervention based on increased survival of the host.,epitope protection experiment based on survival,OBI:0001189,https://anvilproject.github.io/acr-harmonized-data-model/EnumAssayType,EnumAssayType
Assay,assay_type,OBI:0001190,An epitope intervention experiment that tests the ability of inducing an epitope immune response to treat an existing disease  in the host.,epitope treatment experiment,OBI:0001190,https://anvilproject.github.io/acr-harmonized-data-model/EnumAssayType,EnumAssayType
Assay,assay_type,OBI:0001194,An enzyme-linked immunospot assay that detects transforming growth factor-beta production by T cells.,ELISPOT assay measuring epitope specific transforming growth factor-beta production by T cells,OBI:0001194,https://anvilproject.github.io/acr-harmonized-data-model/EnumAssayType,EnumAssayType
Assay,assay_type,OBI:0001196,A cytometric bead array assay that detects IP-10 production by T cells.,cytometric bead array assay measuring epitope specific IP-10 production by T cells,OBI:0001196,https://anvilproject.github.io/acr-harmonized-data-model/EnumAssayType,EnumAssayType
Assay,assay_type,OBI:0001198,A T cell epitope specific cytokine production assay that detects interleukin-27 production by T cells.,assay measuring epitope specific interleukin-27 production by T cells,OBI:0001198,https://anvilproject.github.io/acr-harmonized-data-model/EnumAssayType,EnumAssayType
Assay,assay_type,OBI:0001203,A detection of specific nucleic acid polymers with complementary probes that detects transforming growth factor-beta production by T cells.,detection of specific nucleic acids with complementary probes assay measuring epitope specific transforming growth factor-beta production by T cells,OBI:0001203,https://anvilproject.github.io/acr-harmonized-data-model/EnumAssayType,EnumAssayType
Assay,assay_type,OBI:0001206,An enzyme-linked immunospot assay that detects granulocyte macrophage colony stimulating factor production by T cells.,ELISPOT assay measuring epitope specific granulocyte macrophage colony-stimulating factor production by T cells,OBI:0001206,https://anvilproject.github.io/acr-harmonized-data-model/EnumAssayType,EnumAssayType
Assay,assay_type,OBI:0001209,A T cell epitope specific cytokine production assay that detects interleukin-10 production by T cells.,assay measuring epitope specific interleukin-10 production by T cells,OBI:0001209,https://anvilproject.github.io/acr-harmonized-data-model/EnumAssayType,EnumAssayType
Assay,assay_type,OBI:0001210,A cytometric bead array assay that detects transforming growth factor-beta production by T cells,cytometric bead array assay measuring epitope specific transforming growth factor-beta production by T cells,OBI:0001210,https://anvilproject.github.io/acr-harmonized-data-model/EnumAssayType,EnumAssayType
Assay,assay_type,OBI:0001215,A flow cytometry assay that detects epitope specific perforin release by T cells.,intracellular material detection assay measuring epitope specific perforin release,OBI:0001215,https://anvilproject.github.io/acr-harmonized-data-model/EnumAssayType,EnumAssayType
Assay,assay_type,OBI:0001216,A reporter cell line analyte detection bioassay that detects interleukin-2 production by T cells.,cell culture analyte detection bioassay measuring epitope specific interleukin-2 production by T cells,OBI:0001216,https://anvilproject.github.io/acr-harmonized-data-model/EnumAssayType,EnumAssayType
Assay,assay_type,OBI:0001217,A T cell epitope specific cytokine production assay that detects interleukin-22 production by T cells.,assay measuring epitope specific interleukin-22 production by T cells,OBI:0001217,https://anvilproject.github.io/acr-harmonized-data-model/EnumAssayType,EnumAssayType
Assay,assay_type,OBI:0001218,A T cell epitope specific cytokine production assay that detects interleukin-8 production by T cells.,assay measuring epitope specific interleukin-8 production by T cells,OBI:0001218,https://anvilproject.github.io/acr-harmonized-data-model/EnumAssayType,EnumAssayType
Assay,assay_type,OBI:0001220,A reporter cell line analyte detection bioassay that detects interleukin-10 production by T cells.,cell culture analyte detection bioassay measuring epitope specific interleukin-10 production by T cells,OBI:0001220,https://anvilproject.github.io/acr-harmonized-data-model/EnumAssayType,EnumAssayType
Assay,assay_type,OBI:0001221,A ChIP-ChIP assay in which immunoprecipitated chromatin is run on a SNP array to detect polymorphism specific DNA elements in the isolated chromatin,ChIP-chip by SNP array assay,OBI:0001221,https://anvilproject.github.io/acr-harmonized-data-model/EnumAssayType,EnumAssayType
Assay,assay_type,OBI:0001222,An enzyme-linked immunosorbent assay that detects RANTES production by T cells.,ELISA measuring epitope specific RANTES production by T cells,OBI:0001222,https://anvilproject.github.io/acr-harmonized-data-model/EnumAssayType,EnumAssayType
Assay,assay_type,OBI:0001223,A cytometric bead array assay that detects interleukin-1 beta production by T cells.,cytometric bead array assay measuring epitope specific interleukin-1 beta production by T cells,OBI:0001223,https://anvilproject.github.io/acr-harmonized-data-model/EnumAssayType,EnumAssayType
Assay,assay_type,OBI:0001227,An enzyme-linked immunospot assay that detects interleukin-6 production by T cells,ELISPOT assay measuring epitope specific interleukin-6 production by T cells,OBI:0001227,https://anvilproject.github.io/acr-harmonized-data-model/EnumAssayType,EnumAssayType
Assay,assay_type,OBI:0001228,A T cell epitope specific helper activity assay that detects the ability of a T cell epitope to enhance an antibody response.,in vivo assay measuring epitope specific helper T cell enhancement of a B cell mediated immune response,OBI:0001228,https://anvilproject.github.io/acr-harmonized-data-model/EnumAssayType,EnumAssayType
Assay,assay_type,OBI:0001229,A surface plasmon resonance binding assay that measures the dissociation constant [KD] of an epitope:MHC complex binding with a T cell receptor.,plasmon resonance assay measuring the dissociation constant [KD] of a T cell epitope:MHC:TCR complex,OBI:0001229,https://anvilproject.github.io/acr-harmonized-data-model/EnumAssayType,EnumAssayType
Assay,assay_type,OBI:0001230,A T cell epitope specific cytokine production assay that detects interleukin-5 production by T cells.,assay measuring epitope specific interleukin-5 production by T cells,OBI:0001230,https://anvilproject.github.io/acr-harmonized-data-model/EnumAssayType,EnumAssayType
Assay,assay_type,OBI:0001231,An enzyme-linked immunosorbent assay that detects transforming growth factor-beta production by T cells.,ELISA measuring epitope specific transforming growth factor-beta production by T cells,OBI:0001231,https://anvilproject.github.io/acr-harmonized-data-model/EnumAssayType,EnumAssayType
Assay,assay_type,OBI:0001232,A T cell epitope specific cytokine production assay that detects RANTES production by T cells.,assay measuring epitope specific RANTES production by T cells,OBI:0001232,https://anvilproject.github.io/acr-harmonized-data-model/EnumAssayType,EnumAssayType
Assay,assay_type,OBI:0001233,A T cell epitope specific cytokine production assay that detects granulocyte macrophage colony stimulating factor production by T cells.,assay measuring epitope specific granulocyte macrophage colony stimulating factor production by T cells,OBI:0001233,https://anvilproject.github.io/acr-harmonized-data-model/EnumAssayType,EnumAssayType
Assay,assay_type,OBI:0001235,A transcription profiling by array assay that uses a tiling path array.,transcription profiling by tiling array assay,OBI:0001235,https://anvilproject.github.io/acr-harmonized-data-model/EnumAssayType,EnumAssayType
Assay,assay_type,OBI:0001236,An enzyme-linked immunosorbent assay that detects interleukin-22 production by T cells.,ELISA measuring epitope specific interleukin-22 production by T cells,OBI:0001236,https://anvilproject.github.io/acr-harmonized-data-model/EnumAssayType,EnumAssayType
Assay,assay_type,OBI:0001237,A T cell epitope specific cytokine production assay that detects interleukin-21 production by T cells.,assay measuring epitope specific interleukin-21 production by T cells,OBI:0001237,https://anvilproject.github.io/acr-harmonized-data-model/EnumAssayType,EnumAssayType
Assay,assay_type,OBI:0001238,An enzyme-linked immunosorbent assay that detects interleukin-9 production by T cells.,ELISA measuring epitope specific interleukin-9 production by T cells,OBI:0001238,https://anvilproject.github.io/acr-harmonized-data-model/EnumAssayType,EnumAssayType
Assay,assay_type,OBI:0001240,A flow cytometry assay that detects interleukin-6 production by T cells.,intracellular cytokine staining assay measuring epitope specific interleukin-6 production by T cells,OBI:0001240,https://anvilproject.github.io/acr-harmonized-data-model/EnumAssayType,EnumAssayType
Assay,assay_type,OBI:0001241,A reporter cell line analyte detection bioassay that detects interleukin-4 production by T cells.,cell culture analyte detection bioassay measuring epitope specific interleukin-4 production by T cells,OBI:0001241,https://anvilproject.github.io/acr-harmonized-data-model/EnumAssayType,EnumAssayType
Assay,assay_type,OBI:0001242,A detection of specific nucleic acid polymers with complementary probes that detects tumor necrosis factor alpha production by T cells.,detection of specific nucleic acids with complementary probes assay measuring epitope specific tumor necrosis factor alpha production by T cells,OBI:0001242,https://anvilproject.github.io/acr-harmonized-data-model/EnumAssayType,EnumAssayType
Assay,assay_type,OBI:0001243,A cytometric bead array assay that detects monocyte chemotactic protein-1 production by T cells.,cytometric bead array assay measuring epitope specific monocyte chemotactic protein-1 production by T cells,OBI:0001243,https://anvilproject.github.io/acr-harmonized-data-model/EnumAssayType,EnumAssayType
Assay,assay_type,OBI:0001244,An enzyme-linked immunosorbent assay that detects interleukin-23 production by T cells.,ELISA measuring epitope specific interleukin-23 production by T cells,OBI:0001244,https://anvilproject.github.io/acr-harmonized-data-model/EnumAssayType,EnumAssayType
Assay,assay_type,OBI:0001245,A detection of specific nucleic acids with complementary probes assay that detects epitope specific perforin release by T cells.,detection of specific nucleic acids with complementary probes assay measuring epitope specific perforin release,OBI:0001245,https://anvilproject.github.io/acr-harmonized-data-model/EnumAssayType,EnumAssayType
Assay,assay_type,OBI:0001246,An enzyme-linked immunosorbent assay that detects tumor necrosis factor superfamily cytokine production by T cells.,ELISA measuring epitope specific tumor necrosis factor superfamily cytokine production by T cells,OBI:0001246,https://anvilproject.github.io/acr-harmonized-data-model/EnumAssayType,EnumAssayType
Assay,assay_type,OBI:0001247,A genotyping assay that uses a high througput sequencer,genotyping by high throughput sequencing assay,OBI:0001247,https://anvilproject.github.io/acr-harmonized-data-model/EnumAssayType,EnumAssayType
Assay,assay_type,OBI:0001248,An assay in which chromatin is immunoprecipitated and subsequently analyzed using a DNA microarray to identify which parts of DNA are part of the isolated chromatin,ChIP-chip assay,OBI:0001248,https://anvilproject.github.io/acr-harmonized-data-model/EnumAssayType,EnumAssayType
Assay,assay_type,OBI:0001251,A T cell epitope specific cytokine production assay that detects interleukin-13 production by T cells.,assay measuring epitope specific interleukin-13 production by T cells,OBI:0001251,https://anvilproject.github.io/acr-harmonized-data-model/EnumAssayType,EnumAssayType
Assay,assay_type,OBI:0001253,A T cell epitope specific cytokine production assay that detects interleukin-9 production by T cells.,assay measuring interleukin-9 production by T cells,OBI:0001253,https://anvilproject.github.io/acr-harmonized-data-model/EnumAssayType,EnumAssayType
Assay,assay_type,OBI:0001255,A detection of specific nucleic acid polymers with complementary probes that detects interleukin-5 production by T cells.,detection of specific nucleic acids with complementary probes assay measuring epitope specific interleukin-5 production by T cells,OBI:0001255,https://anvilproject.github.io/acr-harmonized-data-model/EnumAssayType,EnumAssayType
Assay,assay_type,OBI:0001260,An enzyme-linked immunosorbent assay that detects interleukin-3 production by T cells.,ELISA measuring epitope specific interleukin-3 production by T cells,OBI:0001260,https://anvilproject.github.io/acr-harmonized-data-model/EnumAssayType,EnumAssayType
Assay,assay_type,OBI:0001261,An enzyme-linked immunosorbent assay that detects interleukin-1 alpha production by T cells.,ELISA measuring epitope specific interleukin-1 alpha production by T cells,OBI:0001261,https://anvilproject.github.io/acr-harmonized-data-model/EnumAssayType,EnumAssayType
Assay,assay_type,OBI:0001263,A T cell epitope specific helper activity assay that detects the ability of a T cell epitope to enhance a T cell response.,in vivo assay measuring epitope specific helper T cell enhancement of a T cell mediated immune response,OBI:0001263,https://anvilproject.github.io/acr-harmonized-data-model/EnumAssayType,EnumAssayType
Assay,assay_type,OBI:0001264,A T cell epitope specific cytokine production assay that detects transforming growth factor-beta production by T cells.,assay measuring epitope specific transforming growth factor-beta production by T cells,OBI:0001264,https://anvilproject.github.io/acr-harmonized-data-model/EnumAssayType,EnumAssayType
Assay,assay_type,OBI:0001266,A DNA methylation profiling assay in which the methylation state of DNA is determined and can be compared between samples using sequencing based technology,DNA methylation profiling by high throughput sequencing assay,OBI:0001266,https://anvilproject.github.io/acr-harmonized-data-model/EnumAssayType,EnumAssayType
Assay,assay_type,OBI:0001268,A detection of specific nucleic acid polymers with complementary probes that detects interleukin-12 production by T cells.,detection of specific nucleic acids with complementary probes assay measuring epitope specific interleukin-12 production by T cells,OBI:0001268,https://anvilproject.github.io/acr-harmonized-data-model/EnumAssayType,EnumAssayType
Assay,assay_type,OBI:0001269,A T cell epitope dependent biological activity assay that detects cytotoxic T cell degranulation.,assay measuring epitope specific cytotoxic T cell degranulation,OBI:0001269,https://anvilproject.github.io/acr-harmonized-data-model/EnumAssayType,EnumAssayType
Assay,assay_type,OBI:0001270,A reporter cell line analyte detection bioassay that detects transforming growth factor-beta production by T cells.,cell culture analyte detection bioassay measuring epitope specific transforming growth factor-beta production by T cells,OBI:0001270,https://anvilproject.github.io/acr-harmonized-data-model/EnumAssayType,EnumAssayType
Assay,assay_type,OBI:0001271,"A type of transcription profiling assay where transcripts are extracted from a sample, usually (but not always) transformed into cDNA, and then sequenced. Sequence reads are generally mapped to a reference and quantified to establish levels of gene transcription.",transcription profiling by RNA sequencing assay,OBI:0001271,https://anvilproject.github.io/acr-harmonized-data-model/EnumAssayType,EnumAssayType
Assay,assay_type,OBI:0001272,An enzyme-linked immunospot assay that detects tumor necrosis factor superfamily cytokine production by T cells.,ELISPOT assay measuring epitope specific tumor necrosis factor superfamily cytokine production by T cells,OBI:0001272,https://anvilproject.github.io/acr-harmonized-data-model/EnumAssayType,EnumAssayType
Assay,assay_type,OBI:0001273,A reporter cell line analyte detection bioassay that detects interleukin-5 production by T cells.,cell culture analyte detection bioassay measuring epitope specific interleukin-5 production by T cells,OBI:0001273,https://anvilproject.github.io/acr-harmonized-data-model/EnumAssayType,EnumAssayType
Assay,assay_type,OBI:0001274,A genotyping assay that uses an array,genotyping by array assay,OBI:0001274,https://anvilproject.github.io/acr-harmonized-data-model/EnumAssayType,EnumAssayType
Assay,assay_type,OBI:0001276,A T cell epitope specific cytokine production assay that detects production of chemokine (C-C motif) ligand 1 by T cells.,assay measuring epitope specific chemokine (C-C motif) ligand 1 production by T cells,OBI:0001276,https://anvilproject.github.io/acr-harmonized-data-model/EnumAssayType,EnumAssayType
Assay,assay_type,OBI:0001277,A detection of specific nucleic acid polymers with complementary probes that detects interleukin-2 production by T cells.,detection of specific nucleic acids with complementary probes assay measuring epitope specific interleukin-2 production by T cells,OBI:0001277,https://anvilproject.github.io/acr-harmonized-data-model/EnumAssayType,EnumAssayType
Assay,assay_type,OBI:0001279,A detection of specific nucleic acid polymers with complementary probes that detects interleukin-22 production by T cells.,detection of specific nucleic acids with complementary probes assay measuring epitope specific interleukin-22 production by T cells,OBI:0001279,https://anvilproject.github.io/acr-harmonized-data-model/EnumAssayType,EnumAssayType
Assay,assay_type,OBI:0001280,A T cell epitope specific cytokine production assay that detects interleukin-16 production by T cells.,assay measuring epitope specific interleukin-16 production by T cells,OBI:0001280,https://anvilproject.github.io/acr-harmonized-data-model/EnumAssayType,EnumAssayType
Assay,assay_type,OBI:0001281,An enzyme-linked immunosorbent assay that detects IP-10 production by T cells.,ELISA measuring epitope specific IP-10 production by T cells,OBI:0001281,https://anvilproject.github.io/acr-harmonized-data-model/EnumAssayType,EnumAssayType
Assay,assay_type,OBI:0001282,"An assay in which surface-bound, translationally competent ribosome complexes are used to generate a translation profile for mRNA, which mRNA may be a single molecular species, or a combination of species, including complex mixtures such as those found in the set of mRNAs isolated from a cell or tissue. One or more components of the surface-bound ribosome complex may be labeled at specific positions to permit analysis of multiple or single molecules for determination of ribosomal conformational changes and translation kinetics. Translation profiles are used as the basis for comparison of an mRNA or set of mRNA species. The translation profile can be used to determine such characteristics as kinetics of initiation, kinetic of elongation, identity of the polypeptide product, and the like. Analysis of translation profiles may be used to determine differential gene expression, optimization of mRNA sequences for expression, screening drug candidates for an effect on translation.",translation profiling assay,OBI:0001282,https://anvilproject.github.io/acr-harmonized-data-model/EnumAssayType,EnumAssayType
Assay,assay_type,OBI:0001283,An enzyme-linked immunosorbent assay that detects interleukin-15 production by T cells.,ELISA measuring epitope specific interleukin-15 production by T cells,OBI:0001283,https://anvilproject.github.io/acr-harmonized-data-model/EnumAssayType,EnumAssayType
Assay,assay_type,OBI:0001284,A cytometric bead array assay that detects interleukin-12 production by T cells.,cytometric bead array assay measuring epitope specific interleukin-12 production by T cells,OBI:0001284,https://anvilproject.github.io/acr-harmonized-data-model/EnumAssayType,EnumAssayType
Assay,assay_type,OBI:0001288,An enzyme-linked immunosorbent assay that detects lymphotoxin A production by T cells.,ELISA measuring epitope specific lymphotoxin A production by T cells,OBI:0001288,https://anvilproject.github.io/acr-harmonized-data-model/EnumAssayType,EnumAssayType
Assay,assay_type,OBI:0001289,A cytometric bead array assay that detects interleukin-5 production by T cells.,cytometric bead array assay measuring epitope specific interleukin-5 production by T cells,OBI:0001289,https://anvilproject.github.io/acr-harmonized-data-model/EnumAssayType,EnumAssayType
Assay,assay_type,OBI:0001291,A detection of specific nucleic acid polymers with complementary probes that detects interleukin-17 production by T cells.,detection of specific nucleic acids with complementary probes assay measuring epitope specific interleukin-17 production by T cells,OBI:0001291,https://anvilproject.github.io/acr-harmonized-data-model/EnumAssayType,EnumAssayType
Assay,assay_type,OBI:0001292,A T cell epitope specific cytokine production assay that detects interleukin-15 production by T cells.,assay measuring epitope specific interleukin-15 production by T cells,OBI:0001292,https://anvilproject.github.io/acr-harmonized-data-model/EnumAssayType,EnumAssayType
Assay,assay_type,OBI:0001295,A T cell epitope specific cytokine production assay that detects interleukin-17 production by T cells.,assay measuring epitope specific interleukin-17 production by T cells,OBI:0001295,https://anvilproject.github.io/acr-harmonized-data-model/EnumAssayType,EnumAssayType
Assay,assay_type,OBI:0001296,A cytometric bead array assay that detects interleukin-17 production by T cells.,cytometric bead array assay measuring epitope specific interleukin-17 production by T cells,OBI:0001296,https://anvilproject.github.io/acr-harmonized-data-model/EnumAssayType,EnumAssayType
Assay,assay_type,OBI:0001297,A cytometric bead array assay that detects interleukin-10 production by T cells.,cytometric bead array assay measuring epitope specific interleukin-10 production by T cells,OBI:0001297,https://anvilproject.github.io/acr-harmonized-data-model/EnumAssayType,EnumAssayType
Assay,assay_type,OBI:0001298,A detection of specific nucleic acid polymers with complementary probes that detects interleukin-21 production by T cells.,detection of specific nucleic acids with complementary probes assay measuring epitope specific interleukin-21 production by T cells,OBI:0001298,https://anvilproject.github.io/acr-harmonized-data-model/EnumAssayType,EnumAssayType
Assay,assay_type,OBI:0001299,A flow cytometry assay that detects interleukin-5 production by T cells.,intracellular cytokine staining assay measuring epitope specific interleukin-5 production by T cells,OBI:0001299,https://anvilproject.github.io/acr-harmonized-data-model/EnumAssayType,EnumAssayType
Assay,assay_type,OBI:0001300,A cytometric bead array assay that detects interleukin-2 production by T cells.,cytometric bead array assay measuring epitope specific interleukin-2 production by T cells,OBI:0001300,https://anvilproject.github.io/acr-harmonized-data-model/EnumAssayType,EnumAssayType
Assay,assay_type,OBI:0001301,A reporter cell line analyte detection bioassay that detects interleukin-16 production by T cells.,cell culture analyte detection bioassay measuring epitope specific interleukin-16 production by T cells,OBI:0001301,https://anvilproject.github.io/acr-harmonized-data-model/EnumAssayType,EnumAssayType
Assay,assay_type,OBI:0001302,An enzyme-linked immunosorbent assay that detects macrophage inflammatory protein-1 alpha production by T cells.,ELISA measuring epitope specific macrophage inflammatory protein-1 alpha production by T cells,OBI:0001302,https://anvilproject.github.io/acr-harmonized-data-model/EnumAssayType,EnumAssayType
Assay,assay_type,OBI:0001303,A flow cytometry assay that detects granulocyte macrophage colony stimulating factor production by T cells.,intracellular cytokine staining assay measuring epitope specific granulocyte macrophage colony-stimulating factor production by T cells,OBI:0001303,https://anvilproject.github.io/acr-harmonized-data-model/EnumAssayType,EnumAssayType
Assay,assay_type,OBI:0001304,"An assay in which double stranded RNA is synthesized with a sequence complementary to a gene(s) of interest and introduced into a cell or organism, where it is recognized as exogenous genetic material and activates the RNAi pathway resulting in knockdown of the transcripts and providing a means to study downstream changes in gene expression.",RNAi profiling by array assay,OBI:0001304,https://anvilproject.github.io/acr-harmonized-data-model/EnumAssayType,EnumAssayType
Assay,assay_type,OBI:0001308,A T cell epitope specific cytokine production assay that detects IP-10 production by T cells.,assay measuring epitope specific IP-10 production by T cells,OBI:0001308,https://anvilproject.github.io/acr-harmonized-data-model/EnumAssayType,EnumAssayType
Assay,assay_type,OBI:0001309,A flow cytometry assay that detects interleukin-13 production by T cells.,intracellular cytokine staining assay measuring epitope specific interleukin-13 production by T cells,OBI:0001309,https://anvilproject.github.io/acr-harmonized-data-model/EnumAssayType,EnumAssayType
Assay,assay_type,OBI:0001311,A X-ray crystallography 3D molecular structure determination assay that characterizes the 3-dimensional molecular structure of a T cell epitope:MHC:TCR complex.,X-ray crystallography assay determining the 3D structure of a T cell epitope:MHC:TCR complex,OBI:0001311,https://anvilproject.github.io/acr-harmonized-data-model/EnumAssayType,EnumAssayType
Assay,assay_type,OBI:0001315,An enzyme-linked immunosorbent assay that detects chemokine (C-C motif) ligand 1 production by T cells.,ELISA measuring epitope specific chemokine (C-C motif) ligand 1 production by T cells,OBI:0001315,https://anvilproject.github.io/acr-harmonized-data-model/EnumAssayType,EnumAssayType
Assay,assay_type,OBI:0001317,A flow cytometry assay that measures the cell-cell binding of an epitope:MHC complex binding with a T cell receptor.,flow cytometry assay measuring cell-cell binding of a T cell epitope:MHC:TCR complex,OBI:0001317,https://anvilproject.github.io/acr-harmonized-data-model/EnumAssayType,EnumAssayType
Assay,assay_type,OBI:0001318,"An assay that detects proteins in a sample (quantified or otherwise analyzed), e.g. antibody profiling using an array based technology.",proteomic profiling by array assay,OBI:0001318,https://anvilproject.github.io/acr-harmonized-data-model/EnumAssayType,EnumAssayType
Assay,assay_type,OBI:0001319,A reporter cell line analyte detection bioassay that detects interferon-gamma production by T cells.,cell culture analyte detection bioassay measuring epitope specific interferon-gamma production by T cells,OBI:0001319,https://anvilproject.github.io/acr-harmonized-data-model/EnumAssayType,EnumAssayType
Assay,assay_type,OBI:0001322,An enzyme-linked immunospot assay that detects  epitope specific granzyme B release by T cells.,ELISPOT assay measuring epitope specific granzyme B release by T cells,OBI:0001322,https://anvilproject.github.io/acr-harmonized-data-model/EnumAssayType,EnumAssayType
Assay,assay_type,OBI:0001324,An efficacy of T cell epitope intervention experiment that uses a tolerance induction intervention experiment.,in vivo assay measuring T cell epitope specific tolerance induction,OBI:0001324,https://anvilproject.github.io/acr-harmonized-data-model/EnumAssayType,EnumAssayType
Assay,assay_type,OBI:0001325,A detection of specific nucleic acid polymers with complementary probes that detects RANTES production by T cells.,detection of specific nucleic acids with complementary probes assay measuring epitope specific RANTES production by T cells,OBI:0001325,https://anvilproject.github.io/acr-harmonized-data-model/EnumAssayType,EnumAssayType
Assay,assay_type,OBI:0001326,A cytometric bead array assay that detects interleukin-4 production by T cells,cytometric bead array assay measuring epitope specific interleukin-4 production by T cells,OBI:0001326,https://anvilproject.github.io/acr-harmonized-data-model/EnumAssayType,EnumAssayType
Assay,assay_type,OBI:0001327,A T cell epitope specific cytokine production assay that detects lymphotoxin A production by T cells.,assay measuring epitope specific lymphotoxin A production by T cells,OBI:0001327,https://anvilproject.github.io/acr-harmonized-data-model/EnumAssayType,EnumAssayType
Assay,assay_type,OBI:0001330,An enzyme-linked immunosorbent assay that detects chemokine (C-X-C motif) ligand 9 production by T cells.,ELISA measuring epitope specific chemokine (C-X-C motif) ligand 9 production by T cells,OBI:0001330,https://anvilproject.github.io/acr-harmonized-data-model/EnumAssayType,EnumAssayType
Assay,assay_type,OBI:0001332,A DNA methylation profiling assay in which the methylation state of DNA is determined and can be compared between samples using array technology,DNA methylation profiling by array assay,OBI:0001332,https://anvilproject.github.io/acr-harmonized-data-model/EnumAssayType,EnumAssayType
Assay,assay_type,OBI:0001333,A T cell epitope specific cytokine production assay that detects macrophage inflammatory protein-1 alpha production by T cells.,assay measuring epitope specific macrophage inflammatory protein-1 alpha production by T cells,OBI:0001333,https://anvilproject.github.io/acr-harmonized-data-model/EnumAssayType,EnumAssayType
Assay,assay_type,OBI:0001335,An assay that analyses the microRNA component of the transcriptome using a microRNA array.,microRNA profiling by array assay,OBI:0001335,https://anvilproject.github.io/acr-harmonized-data-model/EnumAssayType,EnumAssayType
Assay,assay_type,OBI:0001339,A detection of specific nucleic acid polymers with complementary probes that detects interleukin-4 production by T cells.,detection of specific nucleic acids with complementary probes assay measuring epitope specific interleukin-4 production by T cells,OBI:0001339,https://anvilproject.github.io/acr-harmonized-data-model/EnumAssayType,EnumAssayType
Assay,assay_type,OBI:0001341,A reporter cell line analyte detection bioassay that detects granulocyte macrophage colony stimulating factor production by T cells.,cell culture analyte detection bioassay measuring epitope specific granulocyte macrophage colony-stimulating factor production by T cells,OBI:0001341,https://anvilproject.github.io/acr-harmonized-data-model/EnumAssayType,EnumAssayType
Assay,assay_type,OBI:0001342,A flow cytometry assay that detects interleukin-21 production by T cells.,intracellular cytokine staining assay measuring epitope specific interleukin-21 production by T cells,OBI:0001342,https://anvilproject.github.io/acr-harmonized-data-model/EnumAssayType,EnumAssayType
Assay,assay_type,OBI:0001343,A detection of specific nucleic acid polymers with complementary probes that detects monocyte chemotactic protein-1 production by T cells.,detection of specific nucleic acids with complementary probes assay measuring epitope specific monocyte chemotactic protein-1 production by T cells,OBI:0001343,https://anvilproject.github.io/acr-harmonized-data-model/EnumAssayType,EnumAssayType
Assay,assay_type,OBI:0001344,An enzyme-linked immunosorbent assay that detects monocyte chemotactic protein-1 production by T cells.,ELISA measuring epitope specific monocyte chemotactic protein-1 production by T cells,OBI:0001344,https://anvilproject.github.io/acr-harmonized-data-model/EnumAssayType,EnumAssayType
Assay,assay_type,OBI:0001345,A T cell epitope specific cytokine production assay that detects chemokine (C-C motif) ligand 4 production by T cells.,assay measuring epitope specific chemokine (C-C motif) ligand 4 production by T cells,OBI:0001345,https://anvilproject.github.io/acr-harmonized-data-model/EnumAssayType,EnumAssayType
Assay,assay_type,OBI:0001346,An enzyme-linked immunosorbent assay that detects interleukin-21 production by T cells.,ELISA measuring epitope specific interleukin-21 production by T cells,OBI:0001346,https://anvilproject.github.io/acr-harmonized-data-model/EnumAssayType,EnumAssayType
Assay,assay_type,OBI:0001348,An efficacy of T cell epitope intervention experiment that detects epitope specific type IV hypersensitivity.,in vivo skin test assay measuring T cell epitope specific type IV hypersensitivity,OBI:0001348,https://anvilproject.github.io/acr-harmonized-data-model/EnumAssayType,EnumAssayType
Assay,assay_type,OBI:0001349,A cytometric bead array assay that detects interleukin-13 production by T cells.,cytometric bead array assay measuring epitope specific interleukin-13 production by T cells,OBI:0001349,https://anvilproject.github.io/acr-harmonized-data-model/EnumAssayType,EnumAssayType
Assay,assay_type,OBI:0001350,A detection of specific nucleic acid polymers with complementary probes that detects interferon-gamma production by T cells.,detection of specific nucleic acids with complementary probes assay measuring epitope specific interferon-gamma production by T cells,OBI:0001350,https://anvilproject.github.io/acr-harmonized-data-model/EnumAssayType,EnumAssayType
Assay,assay_type,OBI:0001353,A cytometric bead array assay that detects tumor necrosis factor alpha production by T cells.,cytometric bead array assay measuring epitope specific tumor necrosis factor alpha production by T cells,OBI:0001353,https://anvilproject.github.io/acr-harmonized-data-model/EnumAssayType,EnumAssayType
Assay,assay_type,OBI:0001354,An enzyme-linked immunospot assay that detects interleukin-17 production by T cells.,ELISPOT assay measuring epitope specific interleukin-17 production by T cells,OBI:0001354,https://anvilproject.github.io/acr-harmonized-data-model/EnumAssayType,EnumAssayType
Assay,assay_type,OBI:0001356,A detection of specific nucleic acid polymers with complementary probes that detects interferon-beta production by T cells.,detection of specific nucleic acids with complementary probes assay measuring epitope specific interferon-beta production by T cells,OBI:0001356,https://anvilproject.github.io/acr-harmonized-data-model/EnumAssayType,EnumAssayType
Assay,assay_type,OBI:0001357,A detection of specific nucleic acid polymers with complementary probes that detects granulocyte macrophage colony stimulating factor production by T cells.,detection of specific nucleic acids with complementary probes assay measuring epitope specific granulocyte macrophage colony-stimulating factor production by T cells,OBI:0001357,https://anvilproject.github.io/acr-harmonized-data-model/EnumAssayType,EnumAssayType
Assay,assay_type,OBI:0001359,An enzyme-linked immunosorbent assay that detects interleukin-8 production by T cells.,ELISA measuring epitope specific interleukin-8 production by T cells,OBI:0001359,https://anvilproject.github.io/acr-harmonized-data-model/EnumAssayType,EnumAssayType
Assay,assay_type,OBI:0001360,A cytometric bead array assay that detects interleukin-6 production by T cells.,cytometric bead array assay measuring epitope specific interleukin-6 production by T cells,OBI:0001360,https://anvilproject.github.io/acr-harmonized-data-model/EnumAssayType,EnumAssayType
Assay,assay_type,OBI:0001361,A transcription profiling assay that uses reverse transcription PCR (RT-PCR).,transcription profiling by RT-PCR assay,OBI:0001361,https://anvilproject.github.io/acr-harmonized-data-model/EnumAssayType,EnumAssayType
Assay,assay_type,OBI:0001363,A T cell epitope specific cytokine production assay that detects interleukin-23 production by T cells.,assay measuring epitope specific interleukin-23 production by T cells,OBI:0001363,https://anvilproject.github.io/acr-harmonized-data-model/EnumAssayType,EnumAssayType
Assay,assay_type,OBI:0001367,A detection of specific nucleic acid polymers with complementary probes that detects interleukin-10 production by T cells.,detection of specific nucleic acids with complementary probes assay measuring epitope specific interleukin-10 production by T cells,OBI:0001367,https://anvilproject.github.io/acr-harmonized-data-model/EnumAssayType,EnumAssayType
Assay,assay_type,OBI:0001368,A cytometric bead array assay that detects tumor necrosis factor superfamily cytokine production by T cells.,cytometric bead array assay measuring epitope specific tumor necrosis factor superfamily cytokine production by T cells,OBI:0001368,https://anvilproject.github.io/acr-harmonized-data-model/EnumAssayType,EnumAssayType
Assay,assay_type,OBI:0001370,A flow cytometry assay that detects chemokine (C-C motif) ligand 4 production by T cells.,intracellular cytokine staining assay measuring epitope specific chemokine (C-C motif) ligand 4 production by T cells,OBI:0001370,https://anvilproject.github.io/acr-harmonized-data-model/EnumAssayType,EnumAssayType
Assay,assay_type,OBI:0001376,A flow cytometry assay that detects interleukin-3 production by T cells.,intracellular cytokine staining assay measuring epitope specific interleukin-3 production by T cells,OBI:0001376,https://anvilproject.github.io/acr-harmonized-data-model/EnumAssayType,EnumAssayType
Assay,assay_type,OBI:0001378,An enzyme-linked immunosorbent assay that detects chemokine (C-C motif) ligand 4 production by T cells.,ELISA measuring epitope specific chemokine (C-C motif) ligand 4 production by T cells,OBI:0001378,https://anvilproject.github.io/acr-harmonized-data-model/EnumAssayType,EnumAssayType
Assay,assay_type,OBI:0001379,A cytometric bead array assay that detects interferon-gamma production by T cells.,cytometric bead array assay measuring epitope specific interferon-gamma production by T cells,OBI:0001379,https://anvilproject.github.io/acr-harmonized-data-model/EnumAssayType,EnumAssayType
Assay,assay_type,OBI:0001380,A T cell epitope specific cytokine production assay that detects interleukin-18 production by T cells.,assay measuring epitope specific interleukin-18 production by T cells,OBI:0001380,https://anvilproject.github.io/acr-harmonized-data-model/EnumAssayType,EnumAssayType
Assay,assay_type,OBI:0001382,A detection of specific nucleic acid polymers with complementary probes that detects interleukin-27 production by T cells.,detection of specific nucleic acids with complementary probes assay measuring epitope specific interleukin-27 production by T cells,OBI:0001382,https://anvilproject.github.io/acr-harmonized-data-model/EnumAssayType,EnumAssayType
Assay,assay_type,OBI:0001383,A detection of specific nucleic acid polymers with complementary probes that detects IP-10 production by T cells.,detection of specific nucleic acids with complementary probes assay measuring epitope specific IP-10 production by T cells,OBI:0001383,https://anvilproject.github.io/acr-harmonized-data-model/EnumAssayType,EnumAssayType
Assay,assay_type,OBI:0001384,A reporter cell line analyte detection bioassay that detects interleukin-3 production by T cells.,cell culture analyte detection bioassay measuring epitope specific interleukin-3 production by T cells,OBI:0001384,https://anvilproject.github.io/acr-harmonized-data-model/EnumAssayType,EnumAssayType
Assay,assay_type,OBI:0001385,A flow cytometry assay that detects tumor necrosis factor superfamily cytokine production by T cells.,intracellular cytokine staining assay measuring epitope specific tumor necrosis factor superfamily cytokine production by T cells,OBI:0001385,https://anvilproject.github.io/acr-harmonized-data-model/EnumAssayType,EnumAssayType
Assay,assay_type,OBI:0001388,A T cell epitope specific cytokine production assay that detects interleukin-1 alpha production by T cells.,assay measuring epitope specific interleukin-1 alpha production by T cells,OBI:0001388,https://anvilproject.github.io/acr-harmonized-data-model/EnumAssayType,EnumAssayType
Assay,assay_type,OBI:0001389,A detection of specific nucleic acid polymers with complementary probes that detects interleukin-6 production by T cells.,detection of specific nucleic acids with complementary probes assay measuring epitope specific interleukin-6 production by T cells,OBI:0001389,https://anvilproject.github.io/acr-harmonized-data-model/EnumAssayType,EnumAssayType
Assay,assay_type,OBI:0001390,A T cell epitope specific cytokine production assay that detects interferon-beta production by T cells.,assay measuring epitope specific interferon-beta production by T cells,OBI:0001390,https://anvilproject.github.io/acr-harmonized-data-model/EnumAssayType,EnumAssayType
Assay,assay_type,OBI:0001391,A T cell epitope specific cytokine production assay that detects interleukin-12 production by T cells.,assay measuring epitope specific interleukin-12 production by T cells,OBI:0001391,https://anvilproject.github.io/acr-harmonized-data-model/EnumAssayType,EnumAssayType
Assay,assay_type,OBI:0001392,An in vivo cell killing assay that measures the killing of antigen presenting cells (APC) by T cells whose TCR recognizes an epitope presented by the APC.,in vivo assay measuring epitope specific T cell killing,OBI:0001392,https://anvilproject.github.io/acr-harmonized-data-model/EnumAssayType,EnumAssayType
Assay,assay_type,OBI:0001393,An assay that measures changes in DNA sequence copy number using a microarray. For example the analysis of LOH in tumor cells vs a non diseased sample or the comparison of clinical isolated of disease causing bacteria.,comparative genomic hybridization by array assay,OBI:0001393,https://anvilproject.github.io/acr-harmonized-data-model/EnumAssayType,EnumAssayType
Assay,assay_type,OBI:0001395,A detection of specific nucleic acid polymers with complementary probes that detects interleukin-23 production by T cells.,detection of specific nucleic acids with complementary probes assay measuring epitope specific interleukin-23 production by T cells,OBI:0001395,https://anvilproject.github.io/acr-harmonized-data-model/EnumAssayType,EnumAssayType
Assay,assay_type,OBI:0001397,A cytometric bead array assay that detects granulocyte colony stimulating factor production by T cells.,cytometric bead array assay measuring epitope specific granulocyte colony stimulating factor production by T cells,OBI:0001397,https://anvilproject.github.io/acr-harmonized-data-model/EnumAssayType,EnumAssayType
Assay,assay_type,OBI:0001400,A T cell epitope specific cytokine production assay that detects tumor necrosis factor superfamily cytokine production by T cells.,assay measuring epitope specific tumor necrosis factor superfamily cytokine production by T cells,OBI:0001400,https://anvilproject.github.io/acr-harmonized-data-model/EnumAssayType,EnumAssayType
Assay,assay_type,OBI:0001402,A promoter activity detection by reporter gene assay that detects interleukin-2 production by T cells.,promoter activity detection by reporter gene assay measuring epitope specific interleukin-2 production by T cells,OBI:0001402,https://anvilproject.github.io/acr-harmonized-data-model/EnumAssayType,EnumAssayType
Assay,assay_type,OBI:0001405,A cytometric bead array assay that detects macrophage inflammatory protein-1 alpha production by T cells.,cytometric bead array assay measuring epitope specific macrophage inflammatory protein-1 alpha production by T cells,OBI:0001405,https://anvilproject.github.io/acr-harmonized-data-model/EnumAssayType,EnumAssayType
Assay,assay_type,OBI:0001406,A T cell epitope specific cytokine production assay that detects interleukin-3 production by T cells.,assay measuring epitope specific interleukin-3 production by T cells,OBI:0001406,https://anvilproject.github.io/acr-harmonized-data-model/EnumAssayType,EnumAssayType
Assay,assay_type,OBI:0001407,A T cell epitope dependent biological activity assay that detects T cell activation.,assay measuring epitope specific T cell activation,OBI:0001407,https://anvilproject.github.io/acr-harmonized-data-model/EnumAssayType,EnumAssayType
Assay,assay_type,OBI:0001412,A cytometric bead array assay that detects RANTES production by T cells.,cytometric bead array assay measuring epitope specific RANTES production by T cells,OBI:0001412,https://anvilproject.github.io/acr-harmonized-data-model/EnumAssayType,EnumAssayType
Assay,assay_type,OBI:0001413,A reporter cell line analyte detection bioassay that detects interleukin-6 production by T cells.,cell culture analyte detection bioassay measuring epitope specific interleukin-6 production by T cells,OBI:0001413,https://anvilproject.github.io/acr-harmonized-data-model/EnumAssayType,EnumAssayType
Assay,assay_type,OBI:0001414,A T cell epitope specific cytokine production assay that detects interferon-gamma production by T cells.,assay measuring epitope specific interferon-gamma production by T cells,OBI:0001414,https://anvilproject.github.io/acr-harmonized-data-model/EnumAssayType,EnumAssayType
Assay,assay_type,OBI:0001416,An assay of epitope specific tumor necrosis factor alpha production by T cells that detects tumor necrosis factor production.,assay measuring epitope specific tumor necrosis factor alpha production by T cells,OBI:0001416,https://anvilproject.github.io/acr-harmonized-data-model/EnumAssayType,EnumAssayType
Assay,assay_type,OBI:0001419,A ChIP-ChIP assay in which immunoprecipitated chromatin is run on a tiling array that covers stretches of DNA to to detect which elements in those stretches are present in the isolated chromatin,ChIP-chip by tiling array assay,OBI:0001419,https://anvilproject.github.io/acr-harmonized-data-model/EnumAssayType,EnumAssayType
Assay,assay_type,OBI:0001423,A flow cytometry assay that detects epitope specific granzyme B release by T cells,intracellular material detection measuring epitope specific granzyme B release by T cells,OBI:0001423,https://anvilproject.github.io/acr-harmonized-data-model/EnumAssayType,EnumAssayType
Assay,assay_type,OBI:0001433,A radio immuno assay that detects interferon-gamma production by T cells.,radio immuno assay measuring epitope specific interferon-gamma production by T cells,OBI:0001433,https://anvilproject.github.io/acr-harmonized-data-model/EnumAssayType,EnumAssayType
Assay,assay_type,OBI:0001436,A T cell epitope specific cytotoxic T cell degranulation assay that detects granzyme B release by T cells.,assay measuring epitope specific granzyme B release by T cells,OBI:0001436,https://anvilproject.github.io/acr-harmonized-data-model/EnumAssayType,EnumAssayType
Assay,assay_type,OBI:0001437,A flow cytometry assay that detects chemokine (C-X-C motif) ligand 9 production by T cells.,intracellular cytokine staining assay measuring epitope specific chemokine (C-X-C motif) ligand 9 production by T cells,OBI:0001437,https://anvilproject.github.io/acr-harmonized-data-model/EnumAssayType,EnumAssayType
Assay,assay_type,OBI:0001438,An enzyme-linked immunosorbent assay that detects macrophage inflammatory protein-1 gamma production by T cells.,ELISA measuring epitope specific macrophage inflammatory protein-1 gamma production by T cells,OBI:0001438,https://anvilproject.github.io/acr-harmonized-data-model/EnumAssayType,EnumAssayType
Assay,assay_type,OBI:0001445,A T cell epitope specific cytokine production assay that detects interleukin-2 production by T cells.,assay measuring epitope specific interleukin-2 production by T cells,OBI:0001445,https://anvilproject.github.io/acr-harmonized-data-model/EnumAssayType,EnumAssayType
Assay,assay_type,OBI:0001449,A T cell epitope specific cytokine production assay that detects interleukin-1 beta production by T cells.,assay measuring epitope specific interleukin-1 beta production by T cells,OBI:0001449,https://anvilproject.github.io/acr-harmonized-data-model/EnumAssayType,EnumAssayType
Assay,assay_type,OBI:0001450,A T cell epitope specific cytokine production assay that detects interleukin-4 production by T cells.,assay measuring epitope specific interleukin-4 production by T cells,OBI:0001450,https://anvilproject.github.io/acr-harmonized-data-model/EnumAssayType,EnumAssayType
Assay,assay_type,OBI:0001451,A T cell epitope specific cytokine production assay that detects interleukin-6 production by T cells.,assay measuring epitope specific interleukin-6 production by T cells,OBI:0001451,https://anvilproject.github.io/acr-harmonized-data-model/EnumAssayType,EnumAssayType
Assay,assay_type,OBI:0001452,A reporter cell line analyte detection bioassay that detects tumor necrosis factor alpha production by T cells.,cell culture analyte detection bioassay measuring epitope specific tumor necrosis factor alpha production by T cells,OBI:0001452,https://anvilproject.github.io/acr-harmonized-data-model/EnumAssayType,EnumAssayType
Assay,assay_type,OBI:0001453,A flow cytometry assay that detects lymphotoxin A production by T cells.,intracellular cytokine staining assay measuring epitope specific lymphotoxin A production by T cells,OBI:0001453,https://anvilproject.github.io/acr-harmonized-data-model/EnumAssayType,EnumAssayType
Assay,assay_type,OBI:0001455,An enzyme-linked immunospot assay that detects interleukin-5 production by T cells.,ELISPOT assay measuring epitope specific interleukin-5 production by T cells,OBI:0001455,https://anvilproject.github.io/acr-harmonized-data-model/EnumAssayType,EnumAssayType
Assay,assay_type,OBI:0001456,A T cell epitope specific cytokine production assay that detects macrophage inflammatory protein-1 gamma production by T cells.,assay measuring epitope specific macrophage inflammatory protein-1 gamma production by T cells,OBI:0001456,https://anvilproject.github.io/acr-harmonized-data-model/EnumAssayType,EnumAssayType
Assay,assay_type,OBI:0001457,A cytometric bead array assay that detects interleukin-8 production by T cells.,cytometric bead array assay measuring epitope specific interleukin-8 production by T cells,OBI:0001457,https://anvilproject.github.io/acr-harmonized-data-model/EnumAssayType,EnumAssayType
Assay,assay_type,OBI:0001459,A T cell epitope specific cytokine production assay that detects chemokine (C-X-C motif) ligand 9 production by T cells.,assay measuring epitope specific chemokine (C-X-C motif) ligand 9 production by T cells,OBI:0001459,https://anvilproject.github.io/acr-harmonized-data-model/EnumAssayType,EnumAssayType
Assay,assay_type,OBI:0001461,An enzyme-linked immunosorbent assay that detects epitope specific granzyme B release by T cells.,ELISA measuring epitope specific granzyme B release by T cells,OBI:0001461,https://anvilproject.github.io/acr-harmonized-data-model/EnumAssayType,EnumAssayType
Assay,assay_type,OBI:0001463,A transcription profiling assay that uses array technology.,transcription profiling by array assay,OBI:0001463,https://anvilproject.github.io/acr-harmonized-data-model/EnumAssayType,EnumAssayType
Assay,assay_type,OBI:0001465,A T cell epitope specific cytokine production assay that detects monocyte chemotactic protein-1 production by T cells.,assay measuring epitope specific monocyte chemotactic protein-1 production by T cells,OBI:0001465,https://anvilproject.github.io/acr-harmonized-data-model/EnumAssayType,EnumAssayType
Assay,assay_type,OBI:0001466,A flow cytometry assay that detects interleukin-12 production by T cells.,intracellular cytokine staining assay measuring epitope specific interleukin-12 production by T cells,OBI:0001466,https://anvilproject.github.io/acr-harmonized-data-model/EnumAssayType,EnumAssayType
Assay,assay_type,OBI:0001467,An efficacy of T cell epitope intervention experiment that uses a disease exacerbation in vivo intervention experiment.,in vivo assay measuring T cell epitope specific disease exacerbation,OBI:0001467,https://anvilproject.github.io/acr-harmonized-data-model/EnumAssayType,EnumAssayType
Assay,assay_type,OBI:0001469,A MHC ligand processing and presentation assay in which the presence of a specific ligand in an eluate is detected using the response of T cells that are known to be monospecific for that ligand as a readout.,monospecific T cell recognition assay measuring MHC ligand processing and presentation,OBI:0001469,https://anvilproject.github.io/acr-harmonized-data-model/EnumAssayType,EnumAssayType
Assay,assay_type,OBI:0001473,An in vivo assay measuring T cell epitope specific protection from tumor challenge using tumor burden.,in vivo assay measuring T cell epitope specific protection after tumor burden challenge,OBI:0001473,https://anvilproject.github.io/acr-harmonized-data-model/EnumAssayType,EnumAssayType
Assay,assay_type,OBI:0001475,An in vivo assay measuring T cell epitope specific protection from pathogen challenge using pathogen burden.,in vivo assay measuring T cell epitope specific protection from infectious challenge based on pathogen burden,OBI:0001475,https://anvilproject.github.io/acr-harmonized-data-model/EnumAssayType,EnumAssayType
Assay,assay_type,OBI:0001476,"A binding assay in which a collection of phages expressing a library of different peptides or protein fragnments is used to infect cells, followed by screening for cells that bind a protein of interest, and identifiying the sequence of infecting phages to determine a suitable binding partner.",phage display binding assay,OBI:0001476,https://anvilproject.github.io/acr-harmonized-data-model/EnumAssayType,EnumAssayType
Assay,assay_type,OBI:0001478,A MHC ligand processing and presentation assay that uses a mass spectrometry assay to identify eluted ligands,mass spectrometry assay measuring MHC ligand processing and presentation,OBI:0001478,https://anvilproject.github.io/acr-harmonized-data-model/EnumAssayType,EnumAssayType
Assay,assay_type,OBI:0001482,A flow cytometry assay that detects transforming growth factor-beta production by T cells.,intracellular cytokine staining assay measuring epitope specific transforming growth factor-beta production by T cells,OBI:0001482,https://anvilproject.github.io/acr-harmonized-data-model/EnumAssayType,EnumAssayType
Assay,assay_type,OBI:0001484,A T cell epitope dependent biological activity determination assay that uses an in vivo intervention experiment.,assay measuring T cell epitope specific in vivo activity,OBI:0001484,https://anvilproject.github.io/acr-harmonized-data-model/EnumAssayType,EnumAssayType
Assay,assay_type,OBI:0001488,An efficacy of epitope intervention experiment that tests the ability of the intervention to decrease an existing immune response,epitope tolerance induction experiment,OBI:0001488,https://anvilproject.github.io/acr-harmonized-data-model/EnumAssayType,EnumAssayType
Assay,assay_type,OBI:0001489,A mass spectrometry of MHC ligands assay that identifies eluted ligands from cell bound MHC.,mass spectrometry assay measuring MHC ligand processing and presentation of MHC ligands eluted from cellular MHC,OBI:0001489,https://anvilproject.github.io/acr-harmonized-data-model/EnumAssayType,EnumAssayType
Assay,assay_type,OBI:0001490,A cytometric bead array assay that detects granulocyte macrophage colony stimulating factor production by T cells.,cytometric bead array measuring epitope specific granulocyte macrophage colony-stimulating factor production by T cells,OBI:0001490,https://anvilproject.github.io/acr-harmonized-data-model/EnumAssayType,EnumAssayType
Assay,assay_type,OBI:0001491,A binding assay that uses radioactivity detection as an indicator of binding.,binding assay using radioactivity detection,OBI:0001491,https://anvilproject.github.io/acr-harmonized-data-model/EnumAssayType,EnumAssayType
Assay,assay_type,OBI:0001492,An in vivo assay measuring T cell epitope specific protection from other challenge using survival.,in vivo assay measuring T cell epitope specific protection based on survival,OBI:0001492,https://anvilproject.github.io/acr-harmonized-data-model/EnumAssayType,EnumAssayType
Assay,assay_type,OBI:0001493,A cell bound MHC binding assay that uses a T cell epitope recognition assay.,cell bound MHC competitive binding assay of a MHC:ligand complex using T cell epitope recognition,OBI:0001493,https://anvilproject.github.io/acr-harmonized-data-model/EnumAssayType,EnumAssayType
Assay,assay_type,OBI:0001495,A T cell epitope dependent biological activity assay that detects the ability of epitope specific helper T cells to enhance either B cell or T cell adaptive immune response function.,in vivo assay measuring epitope specific T cell helper activity,OBI:0001495,https://anvilproject.github.io/acr-harmonized-data-model/EnumAssayType,EnumAssayType
Assay,assay_type,OBI:0001496,A flow cytometry assay that detects interleukin-22 production by T cells.,intracellular cytokine staining assay measuring epitope specific interleukin-22 production by T cells,OBI:0001496,https://anvilproject.github.io/acr-harmonized-data-model/EnumAssayType,EnumAssayType
Assay,assay_type,OBI:0001497,A T cell epitope specific cytotoxic T cell degranulation assay that detects perforin release by T cells.,assay measuring epitope specific perforin release by T cells,OBI:0001497,https://anvilproject.github.io/acr-harmonized-data-model/EnumAssayType,EnumAssayType
Assay,assay_type,OBI:0001499,A binding assay that uses fluorescence detection as an indicator of binding.,binding assay using fluorescence detection,OBI:0001499,https://anvilproject.github.io/acr-harmonized-data-model/EnumAssayType,EnumAssayType
Assay,assay_type,OBI:0001500,A MHC ligand processing and presentation assay in which an HPL chromatography is run to separate an input mixture of ligands eluted from MHC into fractions. These fractions are tested for recognition by T cells and compared to the recognition of a synthetic ligand that is presumed to be the recognized epitope. Identical HPLC fractionation and T cell recognition patterns confirm that the specific ligand was presented by MHC molecules.,coelution assay measuring MHC ligand processing and presentation using T cell recognition of HPLC fractionated eluate compared to synthetic ligand,OBI:0001500,https://anvilproject.github.io/acr-harmonized-data-model/EnumAssayType,EnumAssayType
Assay,assay_type,OBI:0001501,An assay in which a material's fluorescence is determined.,fluorescence detection assay,OBI:0001501,https://anvilproject.github.io/acr-harmonized-data-model/EnumAssayType,EnumAssayType
Assay,assay_type,OBI:0001507,An efficacy of T cell epitope intervention experiment that detects a decrease in disease.,in vivo assay measuring T cell epitope specific treatment of disease,OBI:0001507,https://anvilproject.github.io/acr-harmonized-data-model/EnumAssayType,EnumAssayType
Assay,assay_type,OBI:0001509,A MHC ligand processing and presentation assay that uses Edman degradation to identify the eluted ligands,Edman degradation assay measuring MHC ligand processing and presentation,OBI:0001509,https://anvilproject.github.io/acr-harmonized-data-model/EnumAssayType,EnumAssayType
Assay,assay_type,OBI:0001510,A mass spectrometry of MHC ligands that identifies eluted ligands from secreted MHC.,mass spectrometry assay measuring MHC ligand processing and presentation of MHC ligands eluted from secreted MHC,OBI:0001510,https://anvilproject.github.io/acr-harmonized-data-model/EnumAssayType,EnumAssayType
Assay,assay_type,OBI:0001512,A cytometric bead array assay that detects interleukin-17A production by T cells.,cytometric bead array assay measuring epitope specific interleukin-17A production by T cells,OBI:0001512,https://anvilproject.github.io/acr-harmonized-data-model/EnumAssayType,EnumAssayType
Assay,assay_type,OBI:0001513,A radioactivity detection assay that detects loss of binding of a known reference ligand to purified-MHC due to competition by the ligand under investigation.,radioactivity detection assay measuring competitive binding of a purified-MHC:ligand complex,OBI:0001513,https://anvilproject.github.io/acr-harmonized-data-model/EnumAssayType,EnumAssayType
Assay,assay_type,OBI:0001516,A radioactivity detection assay that measures half maximal effective concentration (EC50) to detect the direct binding of a cell-lysate-MHC molecule with a ligand.,radioactivity detection assay measuring half maximal effective concentration [EC50] to determine direct binding of a cell-lysate-MHC:ligand complex,OBI:0001516,https://anvilproject.github.io/acr-harmonized-data-model/EnumAssayType,EnumAssayType
Assay,assay_type,OBI:0001517,A radioactivity detection assay that measures half maximal inhibitory concentration (IC50) to detect the loss of binding of a known reference ligand to cell-bound-MHC due to competition by the ligand under investigation.,radioactivity detection assay measuring half maximal inhibitory concentration [IC50] to determine competitive binding of a cell-bound-MHC:ligand complex,OBI:0001517,https://anvilproject.github.io/acr-harmonized-data-model/EnumAssayType,EnumAssayType
Assay,assay_type,OBI:0001519,A fluorescence detection assay that detects direct binding of a cell-lysate-MHC molecule with a ligand.,fluorescence detection assay measuring direct binding of a cell-lysate-MHC:ligand complex,OBI:0001519,https://anvilproject.github.io/acr-harmonized-data-model/EnumAssayType,EnumAssayType
Assay,assay_type,OBI:0001520,A fluorescence detection assay that measures half maximal inhibitory concentration (IC50) to detect the loss of binding of a known reference ligand to cell-bound-MHC due to competition by the ligand under investigation.,fluorescence detection assay measuring half maximal inhibitory concentration [IC50] to determine competitive binding of a cell-bound-MHC:ligand complex,OBI:0001520,https://anvilproject.github.io/acr-harmonized-data-model/EnumAssayType,EnumAssayType
Assay,assay_type,OBI:0001521,An enzyme-linked immunosorbent assay that detects granulocyte colony stimulating factor production by T cells.,ELISA measuring epitope specific granulocyte colony stimulating factor production by T cells,OBI:0001521,https://anvilproject.github.io/acr-harmonized-data-model/EnumAssayType,EnumAssayType
Assay,assay_type,OBI:0001523,A cytometric bead array assay that detects interleukin-17F production by T cells.,cytometric bead array assay measuring epitope specific interleukin-17F production by T cells,OBI:0001523,https://anvilproject.github.io/acr-harmonized-data-model/EnumAssayType,EnumAssayType
Assay,assay_type,OBI:0001524,A fluorescence detection assay that measures equilibrium association constant (KA) to detect the direct binding of a cell-bound-MHC molecule with a ligand.,fluorescence detection assay measuring equilibrium association constant [KA] to determine direct binding of a cell-bound-MHC:ligand complex,OBI:0001524,https://anvilproject.github.io/acr-harmonized-data-model/EnumAssayType,EnumAssayType
Assay,assay_type,OBI:0001531,A fluorescence detection assay that measures half life to detect the direct binding of a purified-MHC molecule with a ligand.,fluorescence detection assay measuring half life to determine direct binding of a purified-MHC:ligand complex,OBI:0001531,https://anvilproject.github.io/acr-harmonized-data-model/EnumAssayType,EnumAssayType
Assay,assay_type,OBI:0001532,A cytometric bead array assay that detects interleukin-9 production by T cells.,cytometric bead array assay measuring epitope specific interleukin-9 production by T cells,OBI:0001532,https://anvilproject.github.io/acr-harmonized-data-model/EnumAssayType,EnumAssayType
Assay,assay_type,OBI:0001534,A fluorescence detection assay that detects loss of binding of a known reference ligand to purified-MHC due to competition by the ligand under investigation.,fluorescence detection assay measuring competitive binding of a purified-MHC:ligand complex,OBI:0001534,https://anvilproject.github.io/acr-harmonized-data-model/EnumAssayType,EnumAssayType
Assay,assay_type,OBI:0001537,A fluorescence detection assay that measures equilibrium dissociation constant (KD) to detect the loss of binding of a known reference ligand to purified-MHC due to competition by the ligand under investigation.,fluorescence detection assay measuring equilibrium dissociation constant [KD] to determine competitive binding of a purified-MHC:ligand complex,OBI:0001537,https://anvilproject.github.io/acr-harmonized-data-model/EnumAssayType,EnumAssayType
Assay,assay_type,OBI:0001539,A fluorescence detection assay that measures equilibrium dissociation constant (KD) to detect the loss of binding of a known reference ligand to cell-bound-MHC due to competition by the ligand under investigation.,fluorescence detection assay measuring equilibrium dissociation constant [KD] to determine competitive binding of a cell-bound-MHC:ligand complex,OBI:0001539,https://anvilproject.github.io/acr-harmonized-data-model/EnumAssayType,EnumAssayType
Assay,assay_type,OBI:0001541,A fluorescence detection assay measuring binding on rate (kon) to detect direct binding of a purified-MHC:ligand complex.,fluorescence detection assay measuring binding on rate [kon] to determine direct binding of a purified-MHC:ligand complex,OBI:0001541,https://anvilproject.github.io/acr-harmonized-data-model/EnumAssayType,EnumAssayType
Assay,assay_type,OBI:0001542,A detection of specific nucleic acid polymers with complementary probes that detects interleukin-13 production by T cells.,detection of specific nucleic acids with complementary probes assay measuring epitope specific interleukin-13 production by T cells,OBI:0001542,https://anvilproject.github.io/acr-harmonized-data-model/EnumAssayType,EnumAssayType
Assay,assay_type,OBI:0001543,A fluorescence detection assay that measures equilibrium dissociation constant (KD) to detect direct binding of a purified-MHC molecule with a ligand and provides EC50 values determined under assay conditions where the EC50 approximates a KD value.,fluorescence detection assay measuring equilibrium dissociation constant [KD] to determine direct binding of a purified-MHC:ligand complex approximated by EC50,OBI:0001543,https://anvilproject.github.io/acr-harmonized-data-model/EnumAssayType,EnumAssayType
Assay,assay_type,OBI:0001544,A radioactivity detection assay that measures equilibrium dissociation constant (KD) to detect the loss of binding of a known reference ligand to cell-lysate-MHC due to competition by the ligand under investigation.,radioactivity detection assay measuring equilibrium dissociation constant [KD] to determine competitive binding of a cell-lysate-MHC:ligand complex,OBI:0001544,https://anvilproject.github.io/acr-harmonized-data-model/EnumAssayType,EnumAssayType
Assay,assay_type,OBI:0001545,A flow cytometry assay that detects macrophage inflammatory protein-1 alpha production by T cells.,intracellular cytokine staining assay measuring epitope specific macrophage inflammatory protein-1 alpha production by T cells,OBI:0001545,https://anvilproject.github.io/acr-harmonized-data-model/EnumAssayType,EnumAssayType
Assay,assay_type,OBI:0001549,A radioactivity detection assay that measures equilibrium dissociation constant (KD) to detect the loss of binding of a known reference ligand to cell-bound-MHC due to competition by the ligand under investigation.,radioactivity detection assay measuring equilibrium dissociation constant [KD] to determine competitive binding of a cell-bound-MHC:ligand complex,OBI:0001549,https://anvilproject.github.io/acr-harmonized-data-model/EnumAssayType,EnumAssayType
Assay,assay_type,OBI:0001550,A qualitative binding assay that detects the binding of a cell-bound-MHC molecule with a ligand.,assay measuring binding of a cell-bound-MHC:ligand complex,OBI:0001550,https://anvilproject.github.io/acr-harmonized-data-model/EnumAssayType,EnumAssayType
Assay,assay_type,OBI:0001552,A flow cytometry assay that detects tumor necrosis factor (ligand) superfamily member 11 production by T cells.,intracellular cytokine staining assay measuring epitope specific tumor necrosis factor (ligand) superfamily member 11 production by T cells,OBI:0001552,https://anvilproject.github.io/acr-harmonized-data-model/EnumAssayType,EnumAssayType
Assay,assay_type,OBI:0001553,A MHC:ligand binding assay that measures a binding constant.,assay measuring a binding constant of a MHC:ligand complex,OBI:0001553,https://anvilproject.github.io/acr-harmonized-data-model/EnumAssayType,EnumAssayType
Assay,assay_type,OBI:0001555,A qualitative binding assay that detects the binding of a purified-MHC molecule with a ligand.,assay measuring binding of a purified-MHC:ligand complex,OBI:0001555,https://anvilproject.github.io/acr-harmonized-data-model/EnumAssayType,EnumAssayType
Assay,assay_type,OBI:0001556,A radioactivity detection assay that detects direct binding of a cell-lysate-MHC molecule with a ligand.,radioactivity detection assay measuring direct binding of a cell-lysate-MHC:ligand complex,OBI:0001556,https://anvilproject.github.io/acr-harmonized-data-model/EnumAssayType,EnumAssayType
Assay,assay_type,OBI:0001558,A radioactivity detection assay that measures half life to detect the direct binding of a cell-bound-MHC molecule with a ligand.,radioactivity detection assay measuring half life to determine direct binding of a cell-bound-MHC:ligand complex,OBI:0001558,https://anvilproject.github.io/acr-harmonized-data-model/EnumAssayType,EnumAssayType
Assay,assay_type,OBI:0001559,A fluorescence detection assay that measures half life to detect the direct binding of a cell-bound-MHC molecule with a ligand.,fluorescence detection assay measuring half life to determine direct binding of a cell-bound-MHC:ligand complex,OBI:0001559,https://anvilproject.github.io/acr-harmonized-data-model/EnumAssayType,EnumAssayType
Assay,assay_type,OBI:0001561,A fluorescence detection assay that measures half maximal effective concentration (EC50) to detect direct binding of a cell-bound-MHC molecule with a ligand.,fluorescence detection assay measuring half maximal effective concentration [EC50] to determine direct binding of a cell-bound-MHC:ligand complex,OBI:0001561,https://anvilproject.github.io/acr-harmonized-data-model/EnumAssayType,EnumAssayType
Assay,assay_type,OBI:0001562,A flow cytometry assay that detects interleukin-17F production by T cells.,intracellular cytokine staining assay measuring epitope specific interleukin-17F production by T cells,OBI:0001562,https://anvilproject.github.io/acr-harmonized-data-model/EnumAssayType,EnumAssayType
Assay,assay_type,OBI:0001564,A radioactivity detection assay that measures equilibrium dissociation constant (KD) to detect the loss of binding of a known reference ligand to purified-MHC due to competition by the ligand under investigation and provides IC50 values determined under assay conditions where the IC50 approximates a KD value.,radioactivity detection assay measuring equilibrium dissociation constant [KD] to determine competitive binding of a purified-MHC:ligand complex approximated by IC50,OBI:0001564,https://anvilproject.github.io/acr-harmonized-data-model/EnumAssayType,EnumAssayType
Assay,assay_type,OBI:0001565,A radioactivity detection assay that measures half life to detect the direct binding of a cell-lysate-MHC molecule with a ligand.,radioactivity detection assay measuring half life to determine direct binding of a cell-lysate-MHC:ligand complex,OBI:0001565,https://anvilproject.github.io/acr-harmonized-data-model/EnumAssayType,EnumAssayType
Assay,assay_type,OBI:0001567,A radioactivity detection assay that measures binding off rate [koff] to detect direct binding of a cell-lysate-MHC molecule with a ligand.,radioactivity detection assay measuring binding off rate [koff] to determine direct binding of a cell-lysate-MHC:ligand complex,OBI:0001567,https://anvilproject.github.io/acr-harmonized-data-model/EnumAssayType,EnumAssayType
Assay,assay_type,OBI:0001568,A radioactivity detection assay that measures half maximal inhibitory concentration (IC50) to detect the loss of binding of a known reference ligand to purified-MHC due to competition by the ligand under investigation.,radioactivity detection assay measuring half maximal inhibitory concentration [IC50] to determine competitive binding of a purified-MHC:ligand complex,OBI:0001568,https://anvilproject.github.io/acr-harmonized-data-model/EnumAssayType,EnumAssayType
Assay,assay_type,OBI:0001569,A fluorescence detection assay that measures binding off rate [koff] to detect direct binding of a purified-MHC molecule with a ligand.,fluorescence detection assay measuring binding off rate [koff] to determine direct binding of a purified-MHC:ligand complex,OBI:0001569,https://anvilproject.github.io/acr-harmonized-data-model/EnumAssayType,EnumAssayType
Assay,assay_type,OBI:0001570,A T cell epitope specific cytokine production assay that detects vascular endothelial growth factor production by T cells.,assay measuring epitope specific vascular endothelial growth factor production by T cells,OBI:0001570,https://anvilproject.github.io/acr-harmonized-data-model/EnumAssayType,EnumAssayType
Assay,assay_type,OBI:0001577,A cytometric bead array assay that detects interleukin-22 production by T cells.,cytometric bead array assay measuring epitope specific intracellular cytokine staining (ICS) IL-22 production by T cells,OBI:0001577,https://anvilproject.github.io/acr-harmonized-data-model/EnumAssayType,EnumAssayType
Assay,assay_type,OBI:0001578,An enzyme-linked immunosorbent assay that detects vascular endothelial growth factor production by T cells.,ELISA measuring epitope specific vascular endothelial growth factor production by T cells,OBI:0001578,https://anvilproject.github.io/acr-harmonized-data-model/EnumAssayType,EnumAssayType
Assay,assay_type,OBI:0001579,A qualitative binding assay that detects the binding of a cell-lysate-MHC molecule with a ligand.,assay measuring binding of a cell-lysate-MHC:ligand complex,OBI:0001579,https://anvilproject.github.io/acr-harmonized-data-model/EnumAssayType,EnumAssayType
Assay,assay_type,OBI:0001584,A phage display binding assay that detects direct binding of a purified-MHC molecule with a ligand.,phage display binding assay measuring binding of a purified-MHC:ligand complex,OBI:0001584,https://anvilproject.github.io/acr-harmonized-data-model/EnumAssayType,EnumAssayType
Assay,assay_type,OBI:0001585,A cytometric bead array assay that detects interleukin-7 production by T cells.,cytometric bead array assay measuring epitope specific interleukin-7 production by T cells,OBI:0001585,https://anvilproject.github.io/acr-harmonized-data-model/EnumAssayType,EnumAssayType
Assay,assay_type,OBI:0001586,A radioactivity detection assay that measures half life to detect the direct binding of a purified-MHC molecule with a ligand.,radioactivity detection assay measuring half life to determine direct binding of a purified-MHC:ligand complex,OBI:0001586,https://anvilproject.github.io/acr-harmonized-data-model/EnumAssayType,EnumAssayType
Assay,assay_type,OBI:0001587,A T cell epitope specific cytokine production assay that detects interleukin-7 production by T cells.,assay measuring epitope specific interleukin-7 production by T cells,OBI:0001587,https://anvilproject.github.io/acr-harmonized-data-model/EnumAssayType,EnumAssayType
Assay,assay_type,OBI:0001589,A flow cytometry assay that detects interleukin-17A production by T cells.,intracellular cytokine staining assay measuring epitope specific interleukin-17A production by T cells,OBI:0001589,https://anvilproject.github.io/acr-harmonized-data-model/EnumAssayType,EnumAssayType
Assay,assay_type,OBI:0001590,A fluorescence detection assay that detects direct binding of a purified-MHC molecule with a ligand.,fluorescence detection assay measuring direct binding of a purified-MHC:ligand complex,OBI:0001590,https://anvilproject.github.io/acr-harmonized-data-model/EnumAssayType,EnumAssayType
Assay,assay_type,OBI:0001591,A binding assay that measures the formation or disassociation of a complex of 2 material entities directly without use of a competitve ligand.,direct binding assay,OBI:0001591,https://anvilproject.github.io/acr-harmonized-data-model/EnumAssayType,EnumAssayType
Assay,assay_type,OBI:0001592,A fluorescence detection assay that measures half maximal effective concentration (EC50) to detect direct binding of a purified-MHC molecule with a ligand.,fluorescence detection assay measuring half maximal effective concentration [EC50] to determine direct binding of a purified-MHC:ligand complex,OBI:0001592,https://anvilproject.github.io/acr-harmonized-data-model/EnumAssayType,EnumAssayType
Assay,assay_type,OBI:0001593,A binding assay that detects the inhibition of binding between 2 material entities known to form a complex by the addition of a third material entity of interest. Inhibition of binding between the 2 materials reflects binding by the third material.,competitive inhibition of binding assay,OBI:0001593,https://anvilproject.github.io/acr-harmonized-data-model/EnumAssayType,EnumAssayType
Assay,assay_type,OBI:0001594,A fluorescence detection assay that detects loss of binding of a known reference ligand to cell-bound-MHC due to competition by the ligand under investigation.,fluorescence detection assay measuring competitive binding of a cell-bound-MHC:ligand complex,OBI:0001594,https://anvilproject.github.io/acr-harmonized-data-model/EnumAssayType,EnumAssayType
Assay,assay_type,OBI:0001595,A X-ray crystallography 3D molecular structure determination assay that characterizes the 3-dimensional molecular structure of a MHC:ligand complex.,X-ray crystallography assay determining the 3D structure of a MHC:ligand complex,OBI:0001595,https://anvilproject.github.io/acr-harmonized-data-model/EnumAssayType,EnumAssayType
Assay,assay_type,OBI:0001597,A cell bound MHC ligand binding half maximal inhibitory concentration (IC50) determination assay that uses a T cell epitope recognition assay to measure ligand binding.,cell bound MHC competitive binding assay measuring half maximal inhibitory concentration [IC50] of a MHC:ligand complex using T cell epitope recognition,OBI:0001597,https://anvilproject.github.io/acr-harmonized-data-model/EnumAssayType,EnumAssayType
Assay,assay_type,OBI:0001599,A radioactivity detection assay that detects loss of binding of a known reference ligand to cell-bound-MHC due to competition by the ligand under investigation.,radioactivity detection assay measuring competitive binding of a cell-bound-MHC:ligand complex,OBI:0001599,https://anvilproject.github.io/acr-harmonized-data-model/EnumAssayType,EnumAssayType
Assay,assay_type,OBI:0001600,A T cell epitope specific cytokine production assay that detects granulocyte colony stimulating factor production by T cells.,assay measuring epitope specific granulocyte colony stimulating factor production by T cells,OBI:0001600,https://anvilproject.github.io/acr-harmonized-data-model/EnumAssayType,EnumAssayType
Assay,assay_type,OBI:0001601,A cytometric bead array assay that detects interleukin-21 production by T cells.,cytometric bead array assay measuring epitope specific intracellular cytokine staining (ICS) IL-21 production by T cells,OBI:0001601,https://anvilproject.github.io/acr-harmonized-data-model/EnumAssayType,EnumAssayType
Assay,assay_type,OBI:0001602,A radioactivity detection assay that detects direct binding of a cell-bound-MHC molecule with a ligand.,radioactivity detection assay measuring direct binding of a cell-bound-MHC:ligand complex,OBI:0001602,https://anvilproject.github.io/acr-harmonized-data-model/EnumAssayType,EnumAssayType
Assay,assay_type,OBI:0001604,A fluorescence detection assay that measures the 50% dissociation of binding temperature of a purified-MHC molecule with a ligand.,fluorescence detection assay measuring 50% dissociation of binding temperature [Tm] of a purified-MHC:ligand complex,OBI:0001604,https://anvilproject.github.io/acr-harmonized-data-model/EnumAssayType,EnumAssayType
Assay,assay_type,OBI:0001606,A fluorescence detection assay that detects direct binding of a cell-bound-MHC molecule with a ligand.,fluorescence detection assay measuring direct binding of a cell-bound-MHC:ligand complex,OBI:0001606,https://anvilproject.github.io/acr-harmonized-data-model/EnumAssayType,EnumAssayType
Assay,assay_type,OBI:0001607,An assay of epitope specific tumor necrosis factor (ligand) superfamily member 11 production by T cells that detects tumor necrosis factor production.,assay measuring epitope specific tumor necrosis factor (ligand) superfamily member 11 production by T cells,OBI:0001607,https://anvilproject.github.io/acr-harmonized-data-model/EnumAssayType,EnumAssayType
Assay,assay_type,OBI:0001608,A radioactivity detection assay that detects direct binding of a purified-MHC molecule with a ligand.,radioactivity detection assay measuring direct binding of a purified-MHC:ligand complex,OBI:0001608,https://anvilproject.github.io/acr-harmonized-data-model/EnumAssayType,EnumAssayType
Assay,assay_type,OBI:0001609,A flow cytometry assay that detects interleukin-8 production by T cells.,intracellular cytokine staining assay measuring epitope specific interleukin-8 production by T cells,OBI:0001609,https://anvilproject.github.io/acr-harmonized-data-model/EnumAssayType,EnumAssayType
Assay,assay_type,OBI:0001610,A cytometric bead array assay that detects interleukin-23 production by T cells.,cytometric bead array assay measuring epitope specific intracellular cytokine staining (ICS) IL-23 production by T cells,OBI:0001610,https://anvilproject.github.io/acr-harmonized-data-model/EnumAssayType,EnumAssayType
Assay,assay_type,OBI:0001613,A fluorescence detection assay that measures half maximal inhibitory concentration (IC50) to detect the loss of binding of a known reference ligand to purified-MHC due to competition by the ligand under investigation.,fluorescence detection assay measuring half maximal inhibitory concentration [IC50] to determine competitive binding of a purified-MHC:ligand complex,OBI:0001613,https://anvilproject.github.io/acr-harmonized-data-model/EnumAssayType,EnumAssayType
Assay,assay_type,OBI:0001624,An organism detection assay that identifies the organism species in a specimen.,organism species detection assay,OBI:0001624,https://anvilproject.github.io/acr-harmonized-data-model/EnumAssayType,EnumAssayType
Assay,assay_type,OBI:0001630,An analyte assay that uses a biomaterial's preferential affinity for either the mobile phase or the stationary phase to separate it from other materials and thereby detect its presence in an input material.,analytical chromatography,OBI:0001630,https://anvilproject.github.io/acr-harmonized-data-model/EnumAssayType,EnumAssayType
Assay,assay_type,OBI:0001631,"An imaging assay in which an electrons are used to probe the density, shape and composition of an input material which are detected in an electron microscope and utilized to produce an image of the material.",electron microscopy imaging assay,OBI:0001631,https://anvilproject.github.io/acr-harmonized-data-model/EnumAssayType,EnumAssayType
Assay,assay_type,OBI:0001632,A assay detecting a molecular label assay in which the label is attached to an antibody so that substances are marked based on the antibody's binding specificity.,immuno staining assay,OBI:0001632,https://anvilproject.github.io/acr-harmonized-data-model/EnumAssayType,EnumAssayType
Assay,assay_type,OBI:0001634,"A binding assay in which the heat generated or absorbed during a binding event is measured, which allows determination of binding constants, reaction stoichiometry, enthalpy and entropy.",calorimetric binding assay,OBI:0001634,https://anvilproject.github.io/acr-harmonized-data-model/EnumAssayType,EnumAssayType
Assay,assay_type,OBI:0001635,"A binding assay in which affinity is measured by detecting a change in fluorescence (usually quenching) that occurs upon binding of the antibody to the ligand. The fluorescent signal that is affected by binding is either from an exogenous fluorophore attached to the ligand, or is the intrisic fluorescence of aromatic (tryptophan) residues on the binding site of the antibody (no conjugated fluorophore necessary) or, less commonly, on the ligand binding region (epitope).",antibody binding detection by fluorescence quenching,OBI:0001635,https://anvilproject.github.io/acr-harmonized-data-model/EnumAssayType,EnumAssayType
Assay,assay_type,OBI:0001638,A B cell epitope equilibrium dissociation constant (KD) assay that provides IC50 values determined under assay conditions where the IC50 approximates a KD value using a B cell epitope antigen inhibition of binding assay.,antigen inhibition assay measuring the dissociation constant [KD] of a B cell epitope:antibody complex approximated by IC50,OBI:0001638,https://anvilproject.github.io/acr-harmonized-data-model/EnumAssayType,EnumAssayType
Assay,assay_type,OBI:0001639,A B cell epitope specific activation of additional immune response assay that detects histamine release in vitro.,assay measuring epitope specific Ig-mediated histamine release,OBI:0001639,https://anvilproject.github.io/acr-harmonized-data-model/EnumAssayType,EnumAssayType
Assay,assay_type,OBI:0001640,A B cell epitope dependent biological activity determination assay that detects antigen activation.,assay measuring epitope specific immunoglobulin-mediated antigen activation,OBI:0001640,https://anvilproject.github.io/acr-harmonized-data-model/EnumAssayType,EnumAssayType
Assay,assay_type,OBI:0001641,A B cell epitope specific activation of additional immune response assay that detects complement-dependent cytotoxicity in vitro .,assay measuring epitope specific complement-dependent cytotoxicity,OBI:0001641,https://anvilproject.github.io/acr-harmonized-data-model/EnumAssayType,EnumAssayType
Assay,assay_type,OBI:0001642,A B cell epitope specific activation of additional immune response assay that detects antibody-dependent cellular cytotoxicity in vitro.,assay measuring epitope specific antibody-dependent cellular cytotoxicity,OBI:0001642,https://anvilproject.github.io/acr-harmonized-data-model/EnumAssayType,EnumAssayType
Assay,assay_type,OBI:0001643,A B cell epitope dependent biological activity determination assay that detects neutralization of the antigen.,assay measuring epitope specific immunoglobulin-mediated neutralization,OBI:0001643,https://anvilproject.github.io/acr-harmonized-data-model/EnumAssayType,EnumAssayType
Assay,assay_type,OBI:0001644,A B cell epitope specific activation of additional immune response assay that detects opsonization in vitro .,assay measuring epitope specific opsonization,OBI:0001644,https://anvilproject.github.io/acr-harmonized-data-model/EnumAssayType,EnumAssayType
Assay,assay_type,OBI:0001645,A calorimetric binding assay that detects the binding of an antigen with an antibody.,calorimetry assay measuring binding of a B cell epitope:antibody complex,OBI:0001645,https://anvilproject.github.io/acr-harmonized-data-model/EnumAssayType,EnumAssayType
Assay,assay_type,OBI:0001646,An electron-microscopy 3D molecular structure determination assay that characterizes the 3-dimensional molecular structrue of a B cell epitope:antibody complex,electron microscopy assay determining the 3D structure of a B cell epitope:antibody complex,OBI:0001646,https://anvilproject.github.io/acr-harmonized-data-model/EnumAssayType,EnumAssayType
Assay,assay_type,OBI:0001647,A nuclear magnetic resonance 3D molecular structure determination assay that characterizes the 3-dimensional structure of a B cell epitope:antibody complex.,NMR assay determining the 3D structure of a B cell epitope:antibody complex,OBI:0001647,https://anvilproject.github.io/acr-harmonized-data-model/EnumAssayType,EnumAssayType
Assay,assay_type,OBI:0001648,A cross-blocking assay that detects the binding of an antigen with an antibody.,cross blocking assay measuring binding of a B cell epitope:antibody complex,OBI:0001648,https://anvilproject.github.io/acr-harmonized-data-model/EnumAssayType,EnumAssayType
Assay,assay_type,OBI:0001649,A radio immuno assay that detects the binding of an antigen with an antibody.,RIA measuring binding of a B cell epitope:antibody complex,OBI:0001649,https://anvilproject.github.io/acr-harmonized-data-model/EnumAssayType,EnumAssayType
Assay,assay_type,OBI:0001650,An immunoblot assay that detects the binding of an antigen with an antibody.,immunoblot assay measuring binding of a B cell epitope:antibody complex,OBI:0001650,https://anvilproject.github.io/acr-harmonized-data-model/EnumAssayType,EnumAssayType
Assay,assay_type,OBI:0001651,A surface plasmon resonance binding assay that detects the binding of an antigen with an antibody.,plasmon resonance assay measuring binding of a B cell epitope:antibody complex,OBI:0001651,https://anvilproject.github.io/acr-harmonized-data-model/EnumAssayType,EnumAssayType
Assay,assay_type,OBI:0001652,An immuno staining assay that detects the binding of an antigen with an antibody.,immuno staining assay measuring binding of a B cell epitope:antibody complex,OBI:0001652,https://anvilproject.github.io/acr-harmonized-data-model/EnumAssayType,EnumAssayType
Assay,assay_type,OBI:0001653,An immunoprecipitation assay that detects the binding of an antigen with an antibody.,immunoprecipitation assay measuring binding of a B cell epitope:antibody complex,OBI:0001653,https://anvilproject.github.io/acr-harmonized-data-model/EnumAssayType,EnumAssayType
Assay,assay_type,OBI:0001654,A mass spectrometry assay that detects the binding of an antigen with an antibody.,mass spectrometry assay measuring binding of a B cell epitope:antibody complex,OBI:0001654,https://anvilproject.github.io/acr-harmonized-data-model/EnumAssayType,EnumAssayType
Assay,assay_type,OBI:0001655,A phage display binding assay that detects the binding of an antigen with an antibody.,phage display assay measuring binding of a B cell epitope:antibody complex,OBI:0001655,https://anvilproject.github.io/acr-harmonized-data-model/EnumAssayType,EnumAssayType
Assay,assay_type,OBI:0001656,An electron microscopy imaging assay that detects the binding of an antigen with an antibody.,electron microscopy assay measuring binding of a B cell epitope:antibody complex,OBI:0001656,https://anvilproject.github.io/acr-harmonized-data-model/EnumAssayType,EnumAssayType
Assay,assay_type,OBI:0001657,An enzyme-linked immunosorbent assay that detects the binding of an antigen with an antibody.,ELISA measuring binding of a B cell epitope:antibody complex,OBI:0001657,https://anvilproject.github.io/acr-harmonized-data-model/EnumAssayType,EnumAssayType
Assay,assay_type,OBI:0001658,An enzyme-linked immunospot assay that detects the binding of an antigen with an antibody.,ELISPOT assay measuring binding of a B cell epitope:antibody complex,OBI:0001658,https://anvilproject.github.io/acr-harmonized-data-model/EnumAssayType,EnumAssayType
Assay,assay_type,OBI:0001659,A flow cytometry assay that detects the binding of an antigen with an antibody.,flow cytometry assay measuring binding of a B cell epitope:antibody complex,OBI:0001659,https://anvilproject.github.io/acr-harmonized-data-model/EnumAssayType,EnumAssayType
Assay,assay_type,OBI:0001660,A flow cytometry assay that detects epitope specific granzyme A release by T cells.,intracellular material detection assay measuring epitope specific granzyme A release by T cells,OBI:0001660,https://anvilproject.github.io/acr-harmonized-data-model/EnumAssayType,EnumAssayType
Assay,assay_type,OBI:0001661,An analytical chromatography assay that detects the binding of an antigen with an antibody.,chromatography assay measuring binding of a B cell epitope:antibody complex,OBI:0001661,https://anvilproject.github.io/acr-harmonized-data-model/EnumAssayType,EnumAssayType
Assay,assay_type,OBI:0001662,A B cell epitope qualitative binding to antibody assay that uses a nuclear magnetic resonance assay.,NMR assay measuring binding of a B cell epitope:antibody complex,OBI:0001662,https://anvilproject.github.io/acr-harmonized-data-model/EnumAssayType,EnumAssayType
Assay,assay_type,OBI:0001663,An enzyme-linked immunosorbent assay that detects epitope specific granulysin release by T cells.,ELISA measuring epitope specific granulysin release by T cells,OBI:0001663,https://anvilproject.github.io/acr-harmonized-data-model/EnumAssayType,EnumAssayType
Assay,assay_type,OBI:0001664,A flow cytometry assay that detects epitope specific granulysin release by T cells.,intracellular material detection assay measuring epitope specific granulysin release by T cells,OBI:0001664,https://anvilproject.github.io/acr-harmonized-data-model/EnumAssayType,EnumAssayType
Assay,assay_type,OBI:0001665,A fluorescence detection assay that measures binding off rate [koff] to detect direct binding of a cell-bound-MHC molecule with a ligand.,fluorescence detection assay measuring binding off rate [koff] to determine direct binding of a cell-bound-MHC:ligand complex,OBI:0001665,https://anvilproject.github.io/acr-harmonized-data-model/EnumAssayType,EnumAssayType
Assay,assay_type,OBI:0001666,A fluorescence detection assay that measures binding on rate (kon) to detect direct binding of a cell-bound-MHC molecule with a ligand.,fluorescence detection assay measuring binding on rate [kon] to determine direct binding of a cell-bound-MHC:ligand complex,OBI:0001666,https://anvilproject.github.io/acr-harmonized-data-model/EnumAssayType,EnumAssayType
Assay,assay_type,OBI:0001667,A fluorescence detection assay that measures equilibrium dissociation constant (KD) to detect the loss of binding of a known reference ligand to purified-MHC due to competition by the ligand under investigation and provides IC50 values determined under assay conditions where the IC50 approximates a KD value.,fluorescence detection assay measuring equilibrium dissociation constant [KD] to determine competitive binding of a purified-MHC:ligand complex approximated by IC50,OBI:0001667,https://anvilproject.github.io/acr-harmonized-data-model/EnumAssayType,EnumAssayType
Assay,assay_type,OBI:0001668,"A binding assay that screens membrane soluble proteins by fusion of two integral membrane proteins (bait and prey) to two different ubiquitin moieties. One moiety is also fused to a transcription factor (TF) that can be cleaved off by ubiquitin specific proteases. Upon bait and prey interaction, Nub and Cub-moieties assemble, reconstituting the split-ubiquitin. The reconstituted split-ubiquitin molecule is recognized by ubiquitin specific proteases, which cleave off the reporter protein, allowing it to induce the transcription of reporter genes.",split-ubiquitin assay,OBI:0001668,https://anvilproject.github.io/acr-harmonized-data-model/EnumAssayType,EnumAssayType
Assay,assay_type,OBI:0001669,"An assay that measures protein-protein interactions by separating target proteins on an SDS-PAGE gel, transfering them to a solid substrate, hybridizing with a protein probe and visualizing bound proteins using a probe-directed antibody. This is a adaptation on the western blot assay.",far-western blot assay,OBI:0001669,https://anvilproject.github.io/acr-harmonized-data-model/EnumAssayType,EnumAssayType
Assay,assay_type,OBI:0001670,"An assay that determines the presence and estimates abundance of transcript species by first creating an homo or heteroduplex by adding a specific, complementary sequence to the sequence of interest and then exposing the mixture of ribonuclease, which will degrade only single stranded molecules. A detection step will reveal if the sample contained a sequence of interest.",RNA protection assay,OBI:0001670,https://anvilproject.github.io/acr-harmonized-data-model/EnumAssayType,EnumAssayType
Assay,assay_type,OBI:0001671,An assay that measures information about Protein-DNA or Protein-RNA interactions using gel electrophoresis and relying on the fact the molecular interactions will cause the heterodimer to be retarded on the gel when compared to controls corresponding to protein extract alone and protein extract + neutral nucleic acid.,electrophoretic mobility shift assay,OBI:0001671,https://anvilproject.github.io/acr-harmonized-data-model/EnumAssayType,EnumAssayType
Assay,assay_type,OBI:0001672,An assay which transiently disrupts gene transcripts by expressing antisense RNA constructs or delivering RNA interfering molecules in cells.,gene knock-down assay,OBI:0001672,https://anvilproject.github.io/acr-harmonized-data-model/EnumAssayType,EnumAssayType
Assay,assay_type,OBI:0001673,A transcription profiling by RNA sequencing assay that is performed using a very low amount (nanogram scale) of mRNA samples using Cap analysis gene expression (CAGE).,nano-cap analysis of gene expression assay,OBI:0001673,https://anvilproject.github.io/acr-harmonized-data-model/EnumAssayType,EnumAssayType
Assay,assay_type,OBI:0001674,"A transcription profiling by RNA sequencing assay which measures RNA transcript abundances in biological samples by extracting 5' ends of capped transcripts, RTPCR and sequence those. Copy numbers of CAGE tags provide a way of quantification and provide a measure of expression of the transcriptome",cap analysis of gene expression assay,OBI:0001674,https://anvilproject.github.io/acr-harmonized-data-model/EnumAssayType,EnumAssayType
Assay,assay_type,OBI:0001675,An enzyme-linked immunosorbent assay that detects interleukin-17A production by T cells.,ELISA measuring epitope specific interleukin-17A production by T cells,OBI:0001675,https://anvilproject.github.io/acr-harmonized-data-model/EnumAssayType,EnumAssayType
Assay,assay_type,OBI:0001676,A detection of specific nucleic acid polymers with complementary probes that detects interleukin-7 production by T cells.,detection of specific nucleic acids with complementary probes assay measuring epitope specific interleukin-7 production by T cells,OBI:0001676,https://anvilproject.github.io/acr-harmonized-data-model/EnumAssayType,EnumAssayType
Assay,assay_type,OBI:0001679,"An assay that detects protein protein interactions and protein DNA interactions by testing for physical interactions (such as binding) between two proteins or a single protein and a DNA molecule, respectively. The premise behind the test is the activation of downstream reporter gene(s) by the binding of a transcription factor onto an upstream activating sequence (UAS). For two-hybrid screening, the transcription factor is split into two separate fragments, called the binding domain (BD) and activating domain (AD). The BD is the domain responsible for binding to the UAS and the AD is the domain responsible for the activation of transcription. The Y2H is thus a protein-fragment complementation assay.",yeast 2-hybrid assay,OBI:0001679,https://anvilproject.github.io/acr-harmonized-data-model/EnumAssayType,EnumAssayType
Assay,assay_type,OBI:0001680,"A binding assay that detects interacting proteins for a targeted domain where mammalian guanyl nucleotide exchange factor (GEF) Sos is recruited to the Saccharomyces cerevisiae plasma membrane harboring a temperature-sensitive Ras GEF, Cdc25-2, allowing growth at the nonpermissive temperature using the Sos recruitment system, a kind of yeast 2 hybrid system.",Sos-recruitment assay,OBI:0001680,https://anvilproject.github.io/acr-harmonized-data-model/EnumAssayType,EnumAssayType
Assay,assay_type,OBI:0001681,An assay that determines protein DNA interactions using a single fusion protein in which the activating domain is linked directly to the binding domain.,yeast one-hybrid assay,OBI:0001681,https://anvilproject.github.io/acr-harmonized-data-model/EnumAssayType,EnumAssayType
Assay,assay_type,OBI:0001682,"An assay that identifies the sequence-specific target site of a DNA-binding domain. In this system, a given transcription factor (TF) is expressed as a fusion to a subunit of RNA polymerase. In parallel, a library of randomized oligonucleotides representing potential TF target sequences, is cloned into a separate vector containing the selectable genes HIS3 and URA3. If the DNA-binding domain (bait) binds a potential DNA target site (prey) in vivo, it will recruit RNA polymerase to the promoter and activate transcription of the reporter genes in that clone. The two reporter genes, HIS3 and URA3, allow for positive and negative selections, respectively. At the end of the process, positive clones are sequenced and examined with motif-finding tools in order to resolve the favoured DNA target sequence",bacterial one-hybrid assay,OBI:0001682,https://anvilproject.github.io/acr-harmonized-data-model/EnumAssayType,EnumAssayType
Assay,assay_type,OBI:0001683,An in-situ hybridization assay that uses fluorescence to detect chromosomal integrity,chromosome organization assay by fluorescence in-situ hybridization,OBI:0001683,https://anvilproject.github.io/acr-harmonized-data-model/EnumAssayType,EnumAssayType
Assay,assay_type,OBI:0001684,"An assay that uses initial modification of DNA by sodium bisulfite, converting all unmethylated, but not methylated, cytosines to uracil, and subsequent amplification with primers specific for methylated versus unmethylated DNA.",methylation-specific polymerase chain reaction assay,OBI:0001684,https://anvilproject.github.io/acr-harmonized-data-model/EnumAssayType,EnumAssayType
Assay,assay_type,OBI:0001685,An assay that estimates genome-wide DNA methylation and measures methylation of DNA sequences. AIMS is based on the differential enzymatic digestion of genomic DNA with methylation-sensitive and methylation-insensitive isoschizomers followed by restrained PCR amplification of methylated sequences.,amplification of intermethylated sites assay,OBI:0001685,https://anvilproject.github.io/acr-harmonized-data-model/EnumAssayType,EnumAssayType
Assay,assay_type,OBI:0001686,An assay that localizes a specific DNA or RNA sequence within a portion or section of tissue using artificially induced nucleic hybridization.,in-situ hybridization assay,OBI:0001686,https://anvilproject.github.io/acr-harmonized-data-model/EnumAssayType,EnumAssayType
Assay,assay_type,OBI:0001689,An assay which uses compound cytochalasin (CHEBI: 23528) to block actin polymerization-dependent cell motility (GO:0070358) and actin filament polymerization (GO:0030041).,cytochalasin-induced inhibition of actin polymerization assay,OBI:0001689,https://anvilproject.github.io/acr-harmonized-data-model/EnumAssayType,EnumAssayType
Assay,assay_type,OBI:0001692,An efficacy of B cell epitope intervention experiment that uses a epitope protection experiment based on reduction of fertility.,in vivo assay measuring B cell epitope specific protection from fertility,OBI:0001692,https://anvilproject.github.io/acr-harmonized-data-model/EnumAssayType,EnumAssayType
Assay,assay_type,OBI:0001693,An efficacy of B cell epitope intervention experiment that uses a tolerance induction intervention experiment.,in vivo assay measuring B cell epitope specific tolerance induction,OBI:0001693,https://anvilproject.github.io/acr-harmonized-data-model/EnumAssayType,EnumAssayType
Assay,assay_type,OBI:0001694,An efficacy of B cell epitope intervention experiment that detects a hypersensitivity response by monitoring skin reactions.,in vivo assay measuring B cell epitope specific induction of hypersensitivity,OBI:0001694,https://anvilproject.github.io/acr-harmonized-data-model/EnumAssayType,EnumAssayType
Assay,assay_type,OBI:0001695,A B cell epitope specific activation of additional immune response assay that detects agglutination in vitro.,assay measuring epitope specific immune complex formation,OBI:0001695,https://anvilproject.github.io/acr-harmonized-data-model/EnumAssayType,EnumAssayType
Assay,assay_type,OBI:0001696,An in vivo assay measuring B cell epitope specific protection from other challenge using survival.,in vivo assay measuring B cell epitope specific protection based on survival,OBI:0001696,https://anvilproject.github.io/acr-harmonized-data-model/EnumAssayType,EnumAssayType
Assay,assay_type,OBI:0001697,An efficacy of B cell epitope intervention experiment that detects a decrease in disease.,in vivo assay measuring B cell epitope specific treatment of disease,OBI:0001697,https://anvilproject.github.io/acr-harmonized-data-model/EnumAssayType,EnumAssayType
Assay,assay_type,OBI:0001698,A B cell epitope dependent biological activity determination assay that uses an in vivo intervention experiment.,assay measuring B cell epitope specific in vivo activity,OBI:0001698,https://anvilproject.github.io/acr-harmonized-data-model/EnumAssayType,EnumAssayType
Assay,assay_type,OBI:0001699,"A competitive inhibition of binding assay in which two antibodies that are known to bind the same antigen are tested for the ability of one antibody to inhibit binding of the other antibody to the antigen, thereby determining if they have overlapping binding sites.",antibody cross-blocking assay,OBI:0001699,https://anvilproject.github.io/acr-harmonized-data-model/EnumAssayType,EnumAssayType
Assay,assay_type,OBI:0001700,"An analyte assay in which an input material is mixed with antibodies and bound antigen:antibody complexes are separated out using immunoprecipitation. Either the antibody has known specificy, and the antigen mixture is tested for the presence of a specific antigen, or the antigen solution is well defined and the antibody solution is tested for the presence of antigen specific antibodies.",immunoprecipitation assay,OBI:0001700,https://anvilproject.github.io/acr-harmonized-data-model/EnumAssayType,EnumAssayType
Assay,assay_type,OBI:0001701,A B cell epitope qualitative binding to antibody assay that measures the ability of an antigen to inhibit antibody binding to a known ligand.,antigen inhibition assay measuring binding of a B cell epitope:antibody complex,OBI:0001701,https://anvilproject.github.io/acr-harmonized-data-model/EnumAssayType,EnumAssayType
Assay,assay_type,OBI:0001703,"An assay that detects the binding of an antigen with an antibody, and produces a qualitative measurement of the binding as an output.",assay measuring qualitative binding of a B cell epitope:antibody complex,OBI:0001703,https://anvilproject.github.io/acr-harmonized-data-model/EnumAssayType,EnumAssayType
Assay,assay_type,OBI:0001704,A B cell epitope dependent biological activity determination assay that detects secondary in vitro activity.,assay measuring epitope specific activation of additional immune response in vitro,OBI:0001704,https://anvilproject.github.io/acr-harmonized-data-model/EnumAssayType,EnumAssayType
Assay,assay_type,OBI:0001705,A B cell epitope dependent biological activity determination assay that detects inhibition of the antibody's activity by the antigen.,assay measuring epitope specific antigen inhibition of antibody activity,OBI:0001705,https://anvilproject.github.io/acr-harmonized-data-model/EnumAssayType,EnumAssayType
Assay,assay_type,OBI:0001706,A B cell epitope assay that measures the immune response process resulting from the binding of an antibody receptor to epitope or recognition of the epitope.,assay measuring biological activity resulting from B cell epitope:antibody binding,OBI:0001706,https://anvilproject.github.io/acr-harmonized-data-model/EnumAssayType,EnumAssayType
Assay,assay_type,OBI:0001708,A B cell epitope binding constant determination assay that measures the dissociation constant KD.,assay measuring the dissociation constant [KD] of a B cell epitope:antibody complex,OBI:0001708,https://anvilproject.github.io/acr-harmonized-data-model/EnumAssayType,EnumAssayType
Assay,assay_type,OBI:0001709,A B cell epitope recognition assay that quantitavely characterizes the binding of an antibody / BCR with a ligand by determining a binding constant.,assay measuring a binding constant of a B cell epitope:antibody complex,OBI:0001709,https://anvilproject.github.io/acr-harmonized-data-model/EnumAssayType,EnumAssayType
Assay,assay_type,OBI:0001710,An efficacy of B cell epitope intervention experiment that uses a epitope protection experiment.,in vivo assay measuring B cell epitope specific protection from challenge,OBI:0001710,https://anvilproject.github.io/acr-harmonized-data-model/EnumAssayType,EnumAssayType
Assay,assay_type,OBI:0001711,An efficacy of B cell epitope intervention experiment that uses a disease exacerbation in vivo intervention experiment.,in vivo assay measuring B cell epitope specific disease exacerbation,OBI:0001711,https://anvilproject.github.io/acr-harmonized-data-model/EnumAssayType,EnumAssayType
Assay,assay_type,OBI:0001718,A B cell epitope binding constant determination assay that measures the on rate.,assay measuring the on rate [kon] of a B cell epitope:antibody complex,OBI:0001718,https://anvilproject.github.io/acr-harmonized-data-model/EnumAssayType,EnumAssayType
Assay,assay_type,OBI:0001719,A B cell epitope binding constant determination assay that measures the association constant KA.,assay measuring the association constant [KA] of a B cell epitope:antibody complex,OBI:0001719,https://anvilproject.github.io/acr-harmonized-data-model/EnumAssayType,EnumAssayType
Assay,assay_type,OBI:0001721,A 3D structure determination of bound molecular complex assay that characterizes the 3-dimensional structure of an antigen:antobody complex.,3D molecular structure determination assay of an antigen:antibody complex,OBI:0001721,https://anvilproject.github.io/acr-harmonized-data-model/EnumAssayType,EnumAssayType
Assay,assay_type,OBI:0001723,A B cell epitope binding constant determination assay that measures the off rate.,assay measuring the off rate [koff] of a B cell epitope:antibody complex,OBI:0001723,https://anvilproject.github.io/acr-harmonized-data-model/EnumAssayType,EnumAssayType
Assay,assay_type,OBI:0001724,A viral hemagglutination inhibition assay that detects the binding of an antigen with an antibody.,viral hemagglutination inhibition assay measuring binding of a B cell epitope:antibody complex,OBI:0001724,https://anvilproject.github.io/acr-harmonized-data-model/EnumAssayType,EnumAssayType
Assay,assay_type,OBI:0001726,A fluorescence quenching assay that detects the binding of an antigen with an antibody.,quenching assay measuring binding of a B cell epitope:antibody complex,OBI:0001726,https://anvilproject.github.io/acr-harmonized-data-model/EnumAssayType,EnumAssayType
Assay,assay_type,OBI:0001727,A radio immuno assay that measures the dissociation constant [KD] of an antigen binding with an antibody.,RIA measuring the dissociation constant [KD] of a B cell epitope:antibody complex,OBI:0001727,https://anvilproject.github.io/acr-harmonized-data-model/EnumAssayType,EnumAssayType
Assay,assay_type,OBI:0001728,An enzyme-linked immunosorbent assay that measures the dissociation constant [KD] of an antigen binding with an antibody.,ELISA measuring the dissociation constant [KD] of a B cell epitope:antibody complex,OBI:0001728,https://anvilproject.github.io/acr-harmonized-data-model/EnumAssayType,EnumAssayType
Assay,assay_type,OBI:0001729,A fluorescence quenching assay that measures the dissociation constant [KD] of an antigen binding with an antibody.,quenching assay measuring the dissociation constant [KD] of a B cell epitope:antibody complex,OBI:0001729,https://anvilproject.github.io/acr-harmonized-data-model/EnumAssayType,EnumAssayType
Assay,assay_type,OBI:0001730,A surface plasmon resonance binding assay that measures the association constant [KA] of an antigen binding with an antibody.,surface plasmon resonance assay measuring the association constant [KA] of a B cell epitope:antibody complex,OBI:0001730,https://anvilproject.github.io/acr-harmonized-data-model/EnumAssayType,EnumAssayType
Assay,assay_type,OBI:0001731,A surface plasmon resonance binding assay that measures the dissociation constant [KD] of an antigen binding with an antibody.,surface plasmon resonance assay measuring the dissociation constant [KD] of a B cell epitope:antibody complex,OBI:0001731,https://anvilproject.github.io/acr-harmonized-data-model/EnumAssayType,EnumAssayType
Assay,assay_type,OBI:0001732,A fluorescence quenching assay that measures the association constant [KA] of an antigen binding with an antibody.,quenching assay measuring the association constant [KA] of a B cell epitope:antibody complex,OBI:0001732,https://anvilproject.github.io/acr-harmonized-data-model/EnumAssayType,EnumAssayType
Assay,assay_type,OBI:0001733,A calorimetric binding assay that measures the association constant [KA] of an antigen binding with an antibody.,calorimetry assay measuring the association constant [KA] of a B cell epitope:antibody complex,OBI:0001733,https://anvilproject.github.io/acr-harmonized-data-model/EnumAssayType,EnumAssayType
Assay,assay_type,OBI:0001734,A calorimetric binding assay that measures the dissociation constant [KD] of an antigen binding with an antibody.,calorimetry assay measuring the dissociation constant [KD] of a B cell epitope:antibody complex,OBI:0001734,https://anvilproject.github.io/acr-harmonized-data-model/EnumAssayType,EnumAssayType
Assay,assay_type,OBI:0001735,An enzyme-linked immunosorbent assay that measures the association constant [KA] of an antigen binding with an antibody.,ELISA measuring the association constant [KA] of a B cell epitope:antibody complex,OBI:0001735,https://anvilproject.github.io/acr-harmonized-data-model/EnumAssayType,EnumAssayType
Assay,assay_type,OBI:0001736,A radio immuno assay that measures the association constant [KA] of an antigen binding with an antibody.,RIA measuring the association constant [KA] of a B cell epitope:antibody complex,OBI:0001736,https://anvilproject.github.io/acr-harmonized-data-model/EnumAssayType,EnumAssayType
Assay,assay_type,OBI:0001738,A X-ray crystallography 3D molecular structure determination assay that characterizes the 3-dimensional molecular structrue of a B cell epitope:antibody complex.,X-ray crystallography assay determining the 3D structure of a B cell epitope:antibody complex,OBI:0001738,https://anvilproject.github.io/acr-harmonized-data-model/EnumAssayType,EnumAssayType
Assay,assay_type,OBI:0001739,A surface plasmon resonance binding assay that measures the off rate [koff] of an antigen binding with an antibody.,surface plasmon resonance assay measuring the off rate [koff] of a B cell epitope:antibody complex,OBI:0001739,https://anvilproject.github.io/acr-harmonized-data-model/EnumAssayType,EnumAssayType
Assay,assay_type,OBI:0001740,A fluorescence quenching assay that measures the off rate [koff] of an antigen binding with an antibody.,quenching assay measuring the off rate [koff] of a B cell epitope:antibody complex,OBI:0001740,https://anvilproject.github.io/acr-harmonized-data-model/EnumAssayType,EnumAssayType
Assay,assay_type,OBI:0001741,A surface plasmon resonance binding assay that measures the on rate [kon] of an antigen binding with an antibody.,surface plasmon resonance assay measuring the on rate [kon] of a B cell epitope:antibody complex,OBI:0001741,https://anvilproject.github.io/acr-harmonized-data-model/EnumAssayType,EnumAssayType
Assay,assay_type,OBI:0001742,A fluorescence quenching assay that measures the on rate [kon] of an antigen binding with an antibody.,quenching assay measuring the on rate [kon] of a B cell epitope:antibody complex,OBI:0001742,https://anvilproject.github.io/acr-harmonized-data-model/EnumAssayType,EnumAssayType
Assay,assay_type,OBI:0001743,A detection of specific nucleic acid polymers with complementary probes that detects interleukin-1 beta production by T cells.,detection of specific nucleic acids with complementary probes assay measuring epitope specific interleukin-1 beta production by T cells,OBI:0001743,https://anvilproject.github.io/acr-harmonized-data-model/EnumAssayType,EnumAssayType
Assay,assay_type,OBI:0001744,A flow cytometry assay that detects interleukin-1 alpha production by T cells.,intracellular cytokine staining assay measuring epitope specific interleukin-1 alpha production by T cells,OBI:0001744,https://anvilproject.github.io/acr-harmonized-data-model/EnumAssayType,EnumAssayType
Assay,assay_type,OBI:0001745,An enzyme-linked immunospot assay that detects interleukin-1 alpha production by T cells.,ELISPOT assay measuring epitope specific interleukin-1 alpha production by T cells,OBI:0001745,https://anvilproject.github.io/acr-harmonized-data-model/EnumAssayType,EnumAssayType
Assay,assay_type,OBI:0001746,A detection of specific nucleic acid polymers with complementary probes that detects interleukin-1 alpha production by T cells.,detection of specific nucleic acids with complementary probes assay measuring epitope specific interleukin-1 alpha production by T cells,OBI:0001746,https://anvilproject.github.io/acr-harmonized-data-model/EnumAssayType,EnumAssayType
Assay,assay_type,OBI:0001747,A cytometric bead array assay that detects interleukin-1 alpha production by T cells.,cytometric bead array assay measuring epitope specific interleukin-1 alpha production by T cells,OBI:0001747,https://anvilproject.github.io/acr-harmonized-data-model/EnumAssayType,EnumAssayType
Assay,assay_type,OBI:0001748,An enzyme-linked immunospot assay that detects interferon-beta production by T cells.,ELISPOT assay measuring epitope specific interferon-beta production by T cells,OBI:0001748,https://anvilproject.github.io/acr-harmonized-data-model/EnumAssayType,EnumAssayType
Assay,assay_type,OBI:0001749,A flow cytometry assay that detects interferon-beta production by T cells.,intracellular cytokine staining assay measuring epitope specific interferon-beta production by T cells,OBI:0001749,https://anvilproject.github.io/acr-harmonized-data-model/EnumAssayType,EnumAssayType
Assay,assay_type,OBI:0001750,A flow cytometry assay that detects granulocyte colony stimulating factor production by T cells.,intracellular cytokine staining assay measuring epitope specific granulocyte colony stimulating factor production by T cells,OBI:0001750,https://anvilproject.github.io/acr-harmonized-data-model/EnumAssayType,EnumAssayType
Assay,assay_type,OBI:0001751,An enzyme-linked immunosorbent assay that detects interferon-beta production by T cells.,ELISA measuring epitope specific interferon-beta production by T cells,OBI:0001751,https://anvilproject.github.io/acr-harmonized-data-model/EnumAssayType,EnumAssayType
Assay,assay_type,OBI:0001752,A detection of specific nucleic acid polymers with complementary probes that detects granulocyte colony stimulating factor production by T cells.,detection of specific nucleic acids with complementary probes assay measuring epitope specific granulocyte colony stimulating factor production by T cells,OBI:0001752,https://anvilproject.github.io/acr-harmonized-data-model/EnumAssayType,EnumAssayType
Assay,assay_type,OBI:0001753,An enzyme-linked immunospot assay that detects granulocyte colony stimulating factor production by T cells.,ELISPOT assay measuring epitope specific granulocyte colony stimulating factor production by T cells,OBI:0001753,https://anvilproject.github.io/acr-harmonized-data-model/EnumAssayType,EnumAssayType
Assay,assay_type,OBI:0001754,A cytometric bead array assay that detects chemokine (C-X-C motif) ligand 9 production by T cells.,cytometric bead array assay measuring epitope specific chemokine (C-X-C motif) ligand 9 production by T cells,OBI:0001754,https://anvilproject.github.io/acr-harmonized-data-model/EnumAssayType,EnumAssayType
Assay,assay_type,OBI:0001756,An enzyme-linked immunospot assay that detects chemokine (C-X-C motif) ligand 9 production by T cells.,ELISPOT assay measuring epitope specific chemokine (C-X-C motif) ligand 9 production by T cells,OBI:0001756,https://anvilproject.github.io/acr-harmonized-data-model/EnumAssayType,EnumAssayType
Assay,assay_type,OBI:0001757,A detection of specific nucleic acid polymers with complementary probes that detects chemokine (C-X-C motif) ligand 9 production by T cells.,detection of specific nucleic acids with complementary probes assay measuring epitope specific chemokine (C-X-C motif) ligand 9 production by T cells,OBI:0001757,https://anvilproject.github.io/acr-harmonized-data-model/EnumAssayType,EnumAssayType
Assay,assay_type,OBI:0001758,An enzyme-linked immunospot assay that detects chemokine (C-C motif) ligand 4 production by T cells.,ELISPOT assay measuring epitope specific chemokine (C-C motif) ligand 4 production by T cells,OBI:0001758,https://anvilproject.github.io/acr-harmonized-data-model/EnumAssayType,EnumAssayType
Assay,assay_type,OBI:0001759,A detection of specific nucleic acid polymers with complementary probes that detects chemokine (C-X-C motif) ligand 12 production by T cells.,detection of specific nucleic acids with complementary probes assay measuring epitope specific chemokine (C-X-C motif) ligand 12 production by T cells,OBI:0001759,https://anvilproject.github.io/acr-harmonized-data-model/EnumAssayType,EnumAssayType
Assay,assay_type,OBI:0001760,A detection of specific nucleic acid polymers with complementary probes that detects chemokine (C-X-C motif) ligand 13 production by T cells.,detection of specific nucleic acids with complementary probes assay measuring epitope specific chemokine (C-X-C motif) ligand 13 production by T cells,OBI:0001760,https://anvilproject.github.io/acr-harmonized-data-model/EnumAssayType,EnumAssayType
Assay,assay_type,OBI:0001761,A detection of specific nucleic acid polymers with complementary probes that detects chemokine (C-X-C motif) ligand 16 production by T cells.,detection of specific nucleic acids with complementary probes assay measuring epitope specific chemokine (C-X-C motif) ligand 16 production by T cells,OBI:0001761,https://anvilproject.github.io/acr-harmonized-data-model/EnumAssayType,EnumAssayType
Assay,assay_type,OBI:0001762,A detection of specific nucleic acid polymers with complementary probes that detects chemokine (C-C motif) ligand 21 production by T cells.,detection of specific nucleic acids with complementary probes assay measuring epitope specific chemokine (C-C motif) ligand 21 production by T cells,OBI:0001762,https://anvilproject.github.io/acr-harmonized-data-model/EnumAssayType,EnumAssayType
Assay,assay_type,OBI:0001763,A detection of specific nucleic acid polymers with complementary probes that detects chemokine (C-C motif) ligand 22 production by T cells.,detection of specific nucleic acids with complementary probes assay measuring epitope specific chemokine (C-C motif) ligand 22 production by T cells,OBI:0001763,https://anvilproject.github.io/acr-harmonized-data-model/EnumAssayType,EnumAssayType
Assay,assay_type,OBI:0001764,A cytometric bead array assay that detects chemokine (C-C motif) ligand 4 production by T cells.,cytometric bead array assay measuring epitope specific chemokine (C-C motif) ligand 4 production by T cells,OBI:0001764,https://anvilproject.github.io/acr-harmonized-data-model/EnumAssayType,EnumAssayType
Assay,assay_type,OBI:0001765,A detection of specific nucleic acid polymers with complementary probes that detects chemokine (C-C motif) ligand 4 production by T cells.,detection of specific nucleic acids with complementary probes assay measuring epitope specific chemokine (C-C motif) ligand 4 production by T cells,OBI:0001765,https://anvilproject.github.io/acr-harmonized-data-model/EnumAssayType,EnumAssayType
Assay,assay_type,OBI:0001766,A detection of specific nucleic acid polymers with complementary probes that detects vascular endothelial growth factor production by T cells.,detection of specific nucleic acids with complementary probes assay measuring epitope specific vascular endothelial growth factor production by T cells,OBI:0001766,https://anvilproject.github.io/acr-harmonized-data-model/EnumAssayType,EnumAssayType
Assay,assay_type,OBI:0001767,A detection of specific nucleic acid polymers with complementary probes that detects chemokine (C-C motif) ligand 19 production by T cells.,detection of specific nucleic acids with complementary probes assay measuring epitope specific chemokine (C-C motif) ligand 19 production by T cells,OBI:0001767,https://anvilproject.github.io/acr-harmonized-data-model/EnumAssayType,EnumAssayType
Assay,assay_type,OBI:0001768,A flow cytometry assay that detects chemokine (C-C motif) ligand 1 production by T cells.,intracellular cytokine staining assay measuring epitope specific chemokine (C-C motif) ligand 1 production by T cells,OBI:0001768,https://anvilproject.github.io/acr-harmonized-data-model/EnumAssayType,EnumAssayType
Assay,assay_type,OBI:0001770,A flow cytometry assay that detects vascular endothelial growth factor production by T cells.,intracellular cytokine staining assay measuring epitope specific vascular endothelial growth factor production by T cells,OBI:0001770,https://anvilproject.github.io/acr-harmonized-data-model/EnumAssayType,EnumAssayType
Assay,assay_type,OBI:0001771,An enzyme-linked immunospot assay that detects vascular endothelial growth factor production by T cells.,ELISPOT assay measuring epitope specific vascular endothelial growth factor production by T cells,OBI:0001771,https://anvilproject.github.io/acr-harmonized-data-model/EnumAssayType,EnumAssayType
Assay,assay_type,OBI:0001772,An assay of epitope specific interleukin-17 production by T cells that detects interleukin-17F production.,assay measuring epitope specific interleukin-17F production by T cells,OBI:0001772,https://anvilproject.github.io/acr-harmonized-data-model/EnumAssayType,EnumAssayType
Assay,assay_type,OBI:0001773,An assay of epitope specific interleukin-17 production by T cells that detects interleukin-17A production.,assay measuring epitope specific interleukin-17A production by T cells,OBI:0001773,https://anvilproject.github.io/acr-harmonized-data-model/EnumAssayType,EnumAssayType
Assay,assay_type,OBI:0001774,A T cell epitope specific cytokine production assay that detects chemokine (C-C motif) ligand 21 production by T cells.,assay measuring epitope specific chemokine (C-C motif) ligand 21 production by T cells,OBI:0001774,https://anvilproject.github.io/acr-harmonized-data-model/EnumAssayType,EnumAssayType
Assay,assay_type,OBI:0001775,A T cell epitope specific cytokine production assay that detects chemokine (C-C motif) ligand 19 production by T cells.,assay measuring epitope specific chemokine (C-C motif) ligand 19 production by T cells,OBI:0001775,https://anvilproject.github.io/acr-harmonized-data-model/EnumAssayType,EnumAssayType
Assay,assay_type,OBI:0001776,A T cell epitope specific cytokine production assay that detects chemokine (C-X-C motif) ligand 12 production by T cells.,assay measuring epitope specific chemokine (C-X-C motif) ligand 12 production by T cells,OBI:0001776,https://anvilproject.github.io/acr-harmonized-data-model/EnumAssayType,EnumAssayType
Assay,assay_type,OBI:0001777,A T cell epitope specific cytokine production assay that detects chemokine (C-C motif) ligand 22 production by T cells.,assay measuring epitope specific chemokine (C-C motif) ligand 22 production by T cells,OBI:0001777,https://anvilproject.github.io/acr-harmonized-data-model/EnumAssayType,EnumAssayType
Assay,assay_type,OBI:0001778,A T cell epitope specific cytokine production assay that detects chemokine (C-X-C motif) ligand 16 production by T cells.,assay measuring epitope specific chemokine (C-X-C motif) ligand 16 production by T cells,OBI:0001778,https://anvilproject.github.io/acr-harmonized-data-model/EnumAssayType,EnumAssayType
Assay,assay_type,OBI:0001779,A T cell epitope specific cytokine production assay that detects chemokine (C-X-C motif) ligand 13 production by T cells.,assay measuring epitope specific chemokine (C-X-C motif) ligand 13 production by T cells,OBI:0001779,https://anvilproject.github.io/acr-harmonized-data-model/EnumAssayType,EnumAssayType
Assay,assay_type,OBI:0001780,An enzyme-linked immunospot assay that detects macrophage inflammatory protein-1 alpha production by T cells.,ELISPOT assay measuring epitope specific macrophage inflammatory protein-1 alpha production by T cells,OBI:0001780,https://anvilproject.github.io/acr-harmonized-data-model/EnumAssayType,EnumAssayType
Assay,assay_type,OBI:0001781,A cytometric bead array assay that detects macrophage inflammatory protein-1 gamma production by T cells.,cytometric bead array assay measuring epitope specific macrophage inflammatory protein-1 gamma production by T cells,OBI:0001781,https://anvilproject.github.io/acr-harmonized-data-model/EnumAssayType,EnumAssayType
Assay,assay_type,OBI:0001782,A detection of specific nucleic acid polymers with complementary probes that detects macrophage inflammatory protein-1 gamma production by T cells.,detection of specific nucleic acids with complementary probes assay measuring epitope specific macrophage inflammatory protein-1 gamma production by T cells,OBI:0001782,https://anvilproject.github.io/acr-harmonized-data-model/EnumAssayType,EnumAssayType
Assay,assay_type,OBI:0001783,A flow cytometry assay that detects monocyte chemotactic protein-1 production by T cells.,intracellular cytokine staining assay measuring epitope specific monocyte chemotactic protein-1 production by T cells,OBI:0001783,https://anvilproject.github.io/acr-harmonized-data-model/EnumAssayType,EnumAssayType
Assay,assay_type,OBI:0001784,An enzyme-linked immunospot assay that detects monocyte chemotactic protein-1 production by T cells.,ELISPOT assay measuring epitope specific monocyte chemotactic protein-1 production by T cells,OBI:0001784,https://anvilproject.github.io/acr-harmonized-data-model/EnumAssayType,EnumAssayType
Assay,assay_type,OBI:0001785,A flow cytometry assay that detects macrophage inflammatory protein-1 gamma production by T cells.,intracellular cytokine staining assay measuring epitope specific macrophage inflammatory protein-1 gamma production by T cells,OBI:0001785,https://anvilproject.github.io/acr-harmonized-data-model/EnumAssayType,EnumAssayType
Assay,assay_type,OBI:0001786,An enzyme-linked immunospot assay that detects inflammatory protein-1 gamma production by T cells.,ELISPOT assay measuring epitope specific macrophage inflammatory protein-1 gamma production by T cells,OBI:0001786,https://anvilproject.github.io/acr-harmonized-data-model/EnumAssayType,EnumAssayType
Assay,assay_type,OBI:0001787,A cytometric bead array assay that detects vascular endothelial growth factor production by T cells.,cytometric bead array assay measuring epitope specific vascular endothelial growth factor production by T cells,OBI:0001787,https://anvilproject.github.io/acr-harmonized-data-model/EnumAssayType,EnumAssayType
Assay,assay_type,OBI:0001788,A detection of specific nucleic acid polymers with complementary probes that detects tumor necrosis factor superfamily cytokine production by T cells.,detection of specific nucleic acids with complementary probes assay measuring epitope specific tumor necrosis factor superfamily cytokine production by T cells,OBI:0001788,https://anvilproject.github.io/acr-harmonized-data-model/EnumAssayType,EnumAssayType
Assay,assay_type,OBI:0001789,A flow cytometry assay that detects RANTES production by T cells.,intracellular cytokine staining assay measuring epitope specific RANTES production by T cells,OBI:0001789,https://anvilproject.github.io/acr-harmonized-data-model/EnumAssayType,EnumAssayType
Assay,assay_type,OBI:0001790,An enzyme-linked immunospot assay that detects RANTES production by T cells.,ELISPOT assay measuring epitope specific RANTES production by T cells,OBI:0001790,https://anvilproject.github.io/acr-harmonized-data-model/EnumAssayType,EnumAssayType
Assay,assay_type,OBI:0001791,An enzyme-linked immunospot assay that detects lymphotoxin A production by T cells.,ELISPOT assay measuring epitope specific lymphotoxin A production by T cells,OBI:0001791,https://anvilproject.github.io/acr-harmonized-data-model/EnumAssayType,EnumAssayType
Assay,assay_type,OBI:0001792,A detection of specific nucleic acid polymers with complementary probes that detects macrophage inflammatory protein-1 alpha production by T cells.,detection of specific nucleic acids with complementary probes assay measuring epitope specific macrophage inflammatory protein-1 alpha production by T cells,OBI:0001792,https://anvilproject.github.io/acr-harmonized-data-model/EnumAssayType,EnumAssayType
Assay,assay_type,OBI:0001793,A cytometric bead array assay that detects lymphotoxin A production by T cells.,cytometric bead array assay measuring epitope specific lymphotoxin A production by T cells,OBI:0001793,https://anvilproject.github.io/acr-harmonized-data-model/EnumAssayType,EnumAssayType
Assay,assay_type,OBI:0001794,A detection of specific nucleic acid polymers with complementary probes that detects lymphotoxin A production by T cells.,detection of specific nucleic acids with complementary probes assay measuring epitope specific lymphotoxin A production by T cells,OBI:0001794,https://anvilproject.github.io/acr-harmonized-data-model/EnumAssayType,EnumAssayType
Assay,assay_type,OBI:0001795,An enzyme-linked immunospot assay that detects IP-10 production by T cells.,ELISPOT assay measuring epitope specific IP-10 production by T cells,OBI:0001795,https://anvilproject.github.io/acr-harmonized-data-model/EnumAssayType,EnumAssayType
Assay,assay_type,OBI:0001796,A flow cytometry assay that detects IP-10 production by T cells.,intracellular cytokine staining assay measuring epitope specific IP-10 production by T cells,OBI:0001796,https://anvilproject.github.io/acr-harmonized-data-model/EnumAssayType,EnumAssayType
Assay,assay_type,OBI:0001797,An enzyme-linked immunospot assay that detects interleukin-9 production by T cells.,ELISPOT assay measuring epitope specific interleukin-9 production by T cells,OBI:0001797,https://anvilproject.github.io/acr-harmonized-data-model/EnumAssayType,EnumAssayType
Assay,assay_type,OBI:0001798,A flow cytometry assay that detects interleukin-9 production by T cells.,intracellular cytokine staining assay measuring epitope specific interleukin-9 production by T cells,OBI:0001798,https://anvilproject.github.io/acr-harmonized-data-model/EnumAssayType,EnumAssayType
Assay,assay_type,OBI:0001799,A detection of specific nucleic acid polymers with complementary probes that detects interleukin-9 production by T cells.,detection of specific nucleic acids with complementary probes assay measuring epitope specific interleukin-9 production by T cells,OBI:0001799,https://anvilproject.github.io/acr-harmonized-data-model/EnumAssayType,EnumAssayType
Assay,assay_type,OBI:0001800,An enzyme-linked immunospot assay that detects interleukin-8 production by T cells.,ELISPOT assay measuring epitope specific interleukin-8 production by T cells,OBI:0001800,https://anvilproject.github.io/acr-harmonized-data-model/EnumAssayType,EnumAssayType
Assay,assay_type,OBI:0001801,A detection of specific nucleic acid polymers with complementary probes that detects interleukin-8 production by T cells.,detection of specific nucleic acids with complementary probes assay measuring epitope specific interleukin-8 production by T cells,OBI:0001801,https://anvilproject.github.io/acr-harmonized-data-model/EnumAssayType,EnumAssayType
Assay,assay_type,OBI:0001802,An enzyme-linked immunospot assay that detects interleukin-3 production by T cells.,ELISPOT assay measuring epitope specific interleukin-3 production by T cells,OBI:0001802,https://anvilproject.github.io/acr-harmonized-data-model/EnumAssayType,EnumAssayType
Assay,assay_type,OBI:0001803,An enzyme-linked immunosorbent assay that detects interleukin-7 production by T cells.,ELISA measuring epitope specific interleukin-7 production by T cells,OBI:0001803,https://anvilproject.github.io/acr-harmonized-data-model/EnumAssayType,EnumAssayType
Assay,assay_type,OBI:0001804,An enzyme-linked immunospot assay that detects interleukin-7 production by T cells.,ELISPOT assay measuring epitope specific interleukin-7 production by T cells,OBI:0001804,https://anvilproject.github.io/acr-harmonized-data-model/EnumAssayType,EnumAssayType
Assay,assay_type,OBI:0001805,A flow cytometry assay that detects interleukin-7 production by T cells.,intracellular cytokine staining assay measuring epitope specific interleukin-7 production by T cells,OBI:0001805,https://anvilproject.github.io/acr-harmonized-data-model/EnumAssayType,EnumAssayType
Assay,assay_type,OBI:0001806,A flow cytometry assay that detects interleukin-27 production by T cells.,intracellular cytokine staining assay measuring epitope specific interleukin-27 production by T cells,OBI:0001806,https://anvilproject.github.io/acr-harmonized-data-model/EnumAssayType,EnumAssayType
Assay,assay_type,OBI:0001807,A cytometric bead array assay that detects interleukin-3 production by T cells.,cytometric bead array assay measuring epitope specific interleukin-3 production by T cells,OBI:0001807,https://anvilproject.github.io/acr-harmonized-data-model/EnumAssayType,EnumAssayType
Assay,assay_type,OBI:0001808,A detection of specific nucleic acid polymers with complementary probes that detects interleukin-3 production by T cells.,detection of specific nucleic acids with complementary probes assay measuring epitope specific interleukin-3 production by T cells,OBI:0001808,https://anvilproject.github.io/acr-harmonized-data-model/EnumAssayType,EnumAssayType
Assay,assay_type,OBI:0001809,A T cell epitope specific cytotoxic T cell degranulation assay that detects granzyme A release by T cells.,assay measuring epitope specific granzyme A release by T cells,OBI:0001809,https://anvilproject.github.io/acr-harmonized-data-model/EnumAssayType,EnumAssayType
Assay,assay_type,OBI:0001810,A T cell epitope specific cytotoxic T cell degranulation assay that detects granulysin release by T cells.,assay measuring epitope specific granulysin release by T cells,OBI:0001810,https://anvilproject.github.io/acr-harmonized-data-model/EnumAssayType,EnumAssayType
Assay,assay_type,OBI:0001811,A cytometric bead array assay that detects interleukin-27 production by T cells.,cytometric bead array assay measuring epitope specific interleukin-27 production by T cells,OBI:0001811,https://anvilproject.github.io/acr-harmonized-data-model/EnumAssayType,EnumAssayType
Assay,assay_type,OBI:0001812,A flow cytometry assay that detects interleukin-23 production by T cells.,intracellular cytokine staining assay measuring epitope specific interleukin-23 production by T cells,OBI:0001812,https://anvilproject.github.io/acr-harmonized-data-model/EnumAssayType,EnumAssayType
Assay,assay_type,OBI:0001813,An enzyme-linked immunospot assay that detects interleukin-27 production by T cells.,ELISPOT assay measuring epitope specific interleukin-27 production by T cells,OBI:0001813,https://anvilproject.github.io/acr-harmonized-data-model/EnumAssayType,EnumAssayType
Assay,assay_type,OBI:0001814,An enzyme-linked immunosorbent assay that detects interleukin-27 production by T cells.,ELISA measuring epitope specific interleukin-27 production by T cells,OBI:0001814,https://anvilproject.github.io/acr-harmonized-data-model/EnumAssayType,EnumAssayType
Assay,assay_type,OBI:0001815,A detection of specific nucleic acid polymers with complementary probes that detects interleukin-18 production by T cells.,detection of specific nucleic acids with complementary probes assay measuring epitope specific interleukin-18 production by T cells,OBI:0001815,https://anvilproject.github.io/acr-harmonized-data-model/EnumAssayType,EnumAssayType
Assay,assay_type,OBI:0001817,An enzyme-linked immunospot assay that detects interleukin-18 production by T cells.,ELISPOT assay measuring epitope specific interleukin-18 production by T cells,OBI:0001817,https://anvilproject.github.io/acr-harmonized-data-model/EnumAssayType,EnumAssayType
Assay,assay_type,OBI:0001821,An enzyme-linked immunospot assay that detects interleukin-22 production by T cells.,ELISPOT assay measuring epitope specific interleukin-22 production by T cells,OBI:0001821,https://anvilproject.github.io/acr-harmonized-data-model/EnumAssayType,EnumAssayType
Assay,assay_type,OBI:0001822,An enzyme-linked immunospot assay that detects interleukin-23 production by T cells.,ELISPOT assay measuring epitope specific interleukin-23 production by T cells,OBI:0001822,https://anvilproject.github.io/acr-harmonized-data-model/EnumAssayType,EnumAssayType
Assay,assay_type,OBI:0001824,A flow cytometry assay that detects interleukin-18 production by T cells.,intracellular cytokine staining assay measuring epitope specific interleukin-18 production by T cells,OBI:0001824,https://anvilproject.github.io/acr-harmonized-data-model/EnumAssayType,EnumAssayType
Assay,assay_type,OBI:0001826,An enzyme-linked immunospot assay that detects interleukin-21 production by T cells.,ELISPOT assay measuring epitope specific interleukin-21 production by T cells,OBI:0001826,https://anvilproject.github.io/acr-harmonized-data-model/EnumAssayType,EnumAssayType
Assay,assay_type,OBI:0001827,A detection of specific nucleic acid polymers with complementary probes that detects chemokine (C-C motif) ligand 1 production by T cells.,detection of specific nucleic acids with complementary probes assay measuring epitope specific chemokine (C-C motif) ligand 1 production by T cells,OBI:0001827,https://anvilproject.github.io/acr-harmonized-data-model/EnumAssayType,EnumAssayType
Assay,assay_type,OBI:0001828,A cytometric bead array assay that detects chemokine (C-C motif) ligand 1 production by T cells.,cytometric bead array assay measuring epitope specific chemokine (C-C motif) ligand 1 production by T cells,OBI:0001828,https://anvilproject.github.io/acr-harmonized-data-model/EnumAssayType,EnumAssayType
Assay,assay_type,OBI:0001829,An enzyme-linked immunospot assay that detects chemokine (C-C motif) ligand 1 production by T cells.,ELISPOT assay measuring epitope specific chemokine (C-C motif) ligand 1 production by T cells,OBI:0001829,https://anvilproject.github.io/acr-harmonized-data-model/EnumAssayType,EnumAssayType
Assay,assay_type,OBI:0001830,An enzyme-linked immunospot assay that detects interleukin-17F production by T cells.,ELISPOT assay measuring epitope specific interleukin-17F production by T cells,OBI:0001830,https://anvilproject.github.io/acr-harmonized-data-model/EnumAssayType,EnumAssayType
Assay,assay_type,OBI:0001831,An enzyme-linked immunosorbent assay that detects interleukin-17F production by T cells.,ELISA measuring epitope specific interleukin-17F production by T cells,OBI:0001831,https://anvilproject.github.io/acr-harmonized-data-model/EnumAssayType,EnumAssayType
Assay,assay_type,OBI:0001832,A detection of specific nucleic acid polymers with complementary probes that detects interleukin-17F production by T cells.,detection of specific nucleic acids with complementary probes assay measuring epitope specific interleukin-17F production by T cells,OBI:0001832,https://anvilproject.github.io/acr-harmonized-data-model/EnumAssayType,EnumAssayType
Assay,assay_type,OBI:0001833,An enzyme-linked immunospot assay that detects interleukin-17A production by T cells.,ELISPOT assay measuring epitope specific interleukin-17A production by T cells,OBI:0001833,https://anvilproject.github.io/acr-harmonized-data-model/EnumAssayType,EnumAssayType
Assay,assay_type,OBI:0001835,A cytometric bead array assay that detects interleukin-18 production by T cells.,cytometric bead array assay measuring epitope specific interleukin-18 production by T cells,OBI:0001835,https://anvilproject.github.io/acr-harmonized-data-model/EnumAssayType,EnumAssayType
Assay,assay_type,OBI:0001836,A detection of specific nucleic acid polymers with complementary probes that detects interleukin-16 production by T cells.,detection of specific nucleic acids with complementary probes assay measuring epitope specific interleukin-16 production by T cells,OBI:0001836,https://anvilproject.github.io/acr-harmonized-data-model/EnumAssayType,EnumAssayType
Assay,assay_type,OBI:0001837,An enzyme-linked immunosorbent assay that detects interleukin-16 production by T cells.,ELISA measuring epitope specific interleukin-16 production by T cells,OBI:0001837,https://anvilproject.github.io/acr-harmonized-data-model/EnumAssayType,EnumAssayType
Assay,assay_type,OBI:0001838,An enzyme-linked immunospot assay that detects interleukin-16 production by T cells.,ELISPOT assay measuring epitope specific interleukin-16 production by T cells,OBI:0001838,https://anvilproject.github.io/acr-harmonized-data-model/EnumAssayType,EnumAssayType
Assay,assay_type,OBI:0001839,A flow cytometry assay that detects interleukin-16 production by T cells.,intracellular cytokine staining assay measuring epitope specific interleukin-16 production by T cells,OBI:0001839,https://anvilproject.github.io/acr-harmonized-data-model/EnumAssayType,EnumAssayType
Assay,assay_type,OBI:0001840,A detection of specific nucleic acid polymers with complementary probes that detects interleukin-17A production by T cells.,detection of specific nucleic acids with complementary probes assay measuring epitope specific interleukin-17A production by T cells,OBI:0001840,https://anvilproject.github.io/acr-harmonized-data-model/EnumAssayType,EnumAssayType
Assay,assay_type,OBI:0001841,A flow cytometry assay that detects interleukin-1 beta production by T cells.,intracellular cytokine staining assay measuring epitope specific interleukin-1 beta production by T cells,OBI:0001841,https://anvilproject.github.io/acr-harmonized-data-model/EnumAssayType,EnumAssayType
Assay,assay_type,OBI:0001842,An enzyme-linked immunospot assay that detects interleukin-1 beta production by T cells.,ELISPOT assay measuring epitope specific interleukin-1 beta production by T cells,OBI:0001842,https://anvilproject.github.io/acr-harmonized-data-model/EnumAssayType,EnumAssayType
Assay,assay_type,OBI:0001843,A detection of specific nucleic acid polymers with complementary probes that detects interleukin-15 production by T cells.,detection of specific nucleic acids with complementary probes measuring epitope specific interleukin-15 production by T cells,OBI:0001843,https://anvilproject.github.io/acr-harmonized-data-model/EnumAssayType,EnumAssayType
Assay,assay_type,OBI:0001844,An enzyme-linked immunospot assay that detects interleukin-12 production by T cells.,ELISPOT assay measuring epitope specific interleukin-12 production by T cells,OBI:0001844,https://anvilproject.github.io/acr-harmonized-data-model/EnumAssayType,EnumAssayType
Assay,assay_type,OBI:0001845,A flow cytometry assay that detects interleukin-15 production by T cells.,intracellular cytokine staining assay measuring epitope specific interleukin-15 production by T cells,OBI:0001845,https://anvilproject.github.io/acr-harmonized-data-model/EnumAssayType,EnumAssayType
Assay,assay_type,OBI:0001846,An enzyme-linked immunospot assay that detects interleukin-15 production by T cells.,ELISPOT assay measuring epitope specific interleukin-15 production by T cells,OBI:0001846,https://anvilproject.github.io/acr-harmonized-data-model/EnumAssayType,EnumAssayType
Assay,assay_type,OBI:0001848,"An assay that incorporates chromatin immunoprecipitation (ChIP)-based enrichment, chromatin proximity ligation, Paired-End Tags, and high-throughput sequencing to determine de novo long-range chromatin interactions genome-wide.",chromatin interaction analysis by paired-end tag sequencing assay,OBI:0001848,https://anvilproject.github.io/acr-harmonized-data-model/EnumAssayType,EnumAssayType
Assay,assay_type,OBI:0001849,An assay that incorporates Paired-End Tags and sequencing technology to determine structural variants.,structural analysis by paired-end tag sequencing assay,OBI:0001849,https://anvilproject.github.io/acr-harmonized-data-model/EnumAssayType,EnumAssayType
Assay,assay_type,OBI:0001850,"A transcription profiling by RNA sequencing assay that employs paired-end sequencing of RNA transcripts to determine things such as gene expression, gene structure, and alternative transcript structure.",transcript analysis by paired-end tag sequencing assay,OBI:0001850,https://anvilproject.github.io/acr-harmonized-data-model/EnumAssayType,EnumAssayType
Assay,assay_type,OBI:0001853,"An assay that identifies the location of regulatory regions, based on the genome-wide sequencing of regions super sensitive to cleavage by DNase I.",DNase I hypersensitive sites sequencing assay,OBI:0001853,https://anvilproject.github.io/acr-harmonized-data-model/EnumAssayType,EnumAssayType
Assay,assay_type,OBI:0001857,An analyte assay that combines immunoprecipitation of an RNA-binding protein and RNA-seq to identify mRNAs associated with selected RNA binding proteins (RBPs).,RNP (ribonuclear particle) immunoprecipitation high- throughput sequencing assay,OBI:0001857,https://anvilproject.github.io/acr-harmonized-data-model/EnumAssayType,EnumAssayType
Assay,assay_type,OBI:0001858,"An analyte assay that employs UV-crosslinking between RNA and a protein, followed by immunoprecipitation with antibodies for the protein, fragmentation, and high-throughput screening for RNA sequences that interact with a particular RNA-binding protein.",cross-linking immunoprecipitation high-throughput sequencing assay,OBI:0001858,https://anvilproject.github.io/acr-harmonized-data-model/EnumAssayType,EnumAssayType
Assay,assay_type,OBI:0001859,An assay to determine the sequences of those DNA regions in the genome associated with regulatory activity.,formaldehyde-assisted isolation of regulatory elements assay,OBI:0001859,https://anvilproject.github.io/acr-harmonized-data-model/EnumAssayType,EnumAssayType
Assay,assay_type,OBI:0001861,An assay that identifies unmethylated CpGs using methylation sensitive restriction enzymes to fragment DNA.,methylation-sensitive restriction enzyme sequencing assay,OBI:0001861,https://anvilproject.github.io/acr-harmonized-data-model/EnumAssayType,EnumAssayType
Assay,assay_type,OBI:0001862,A bisulfite sequencing assay that identifies genomic methylation patterns using a bisulfite based protocol that enriches CG-rich parts of the genome.,reduced representation bisulfite sequencing assay,OBI:0001862,https://anvilproject.github.io/acr-harmonized-data-model/EnumAssayType,EnumAssayType
Assay,assay_type,OBI:0001863,A bisulfite sequencing assay that identifies methylated cytosines across the genome using high throughput sequencing.,shotgun bisulfite-seq assay,OBI:0001863,https://anvilproject.github.io/acr-harmonized-data-model/EnumAssayType,EnumAssayType
Assay,assay_type,OBI:0001864,"A transcription profiling by RNA sequencing assay that identifies transcription start sites (TSS), the quantification of their expression and the characterization of their transcripts using high throughput sequencing.",RNA Annotation and Mapping of Promoters for the Analysis of Gene Expression assay,OBI:0001864,https://anvilproject.github.io/acr-harmonized-data-model/EnumAssayType,EnumAssayType
Assay,assay_type,OBI:0001915,An assay which quantifies the timing of DNA replication as a function of genome position using array technology.,DNA replication timing by array assay,OBI:0001915,https://anvilproject.github.io/acr-harmonized-data-model/EnumAssayType,EnumAssayType
Assay,assay_type,OBI:0001918,An assay that combines immunoprecipitation of an RNA-binding protein and array technology to identify mRNAs associated with selected RNA binding proteins (RBPs).,RNA-binding protein immunoprecipitation array profiling assay,OBI:0001918,https://anvilproject.github.io/acr-harmonized-data-model/EnumAssayType,EnumAssayType
Assay,assay_type,OBI:0001919,An assay that measures the organization of chromosomes at the genome-wide scale.,Carbon-copy chromosome conformation capture assay,OBI:0001919,https://anvilproject.github.io/acr-harmonized-data-model/EnumAssayType,EnumAssayType
Assay,assay_type,OBI:0001920,An assay in which timing of DNA replication is quantified as a function of genome position based on genome-wide sequencing.,DNA replication timing by sequencing assay,OBI:0001920,https://anvilproject.github.io/acr-harmonized-data-model/EnumAssayType,EnumAssayType
Assay,assay_type,OBI:0001921,An RNA-binding protein immunoprecipitation array profiling assay that combines immunoprecipitation of an RNA-binding protein and RNA tiling array to identify mRNAs associated with selected RNA binding proteins (RBPs).,RNA-binding protein immunoprecipitation tiling array profiling assay,OBI:0001921,https://anvilproject.github.io/acr-harmonized-data-model/EnumAssayType,EnumAssayType
Assay,assay_type,OBI:0001922,A microRNA profiling assay that analyzes the microRNA component of the transcriptome using high throughput sequencing technology.,microRNA profiling by high throughput sequencing assay,OBI:0001922,https://anvilproject.github.io/acr-harmonized-data-model/EnumAssayType,EnumAssayType
Assay,assay_type,OBI:0001923,A sequencing assay that detremines amino acid sequences of proteins using multiple rounds of mass spectrometry and molecule fragmentation.,protein sequencing by tandem mass spectrometry assay,OBI:0001923,https://anvilproject.github.io/acr-harmonized-data-model/EnumAssayType,EnumAssayType
Assay,assay_type,OBI:0001924,An assay that identifies nucleosome positioning by genome wide sequencing of regions sensitive to digestion by micrococal nuclease,micrococcal nuclease digestion followed by high throughput sequencing assay,OBI:0001924,https://anvilproject.github.io/acr-harmonized-data-model/EnumAssayType,EnumAssayType
Assay,assay_type,OBI:0001925,A ChIP-seq assay which uses immunoprecipitation to isolate protein bound DNA followed by an exonuclease step to degrade DNA that is not protein bound to provide greater resolution of the DNA binding site,chromatin immunoprecipitation with exonuclease sequencing assay,OBI:0001925,https://anvilproject.github.io/acr-harmonized-data-model/EnumAssayType,EnumAssayType
Assay,assay_type,OBI:0001926,A transcription profiling assay that quantifies the microRNA species within a biological sample.,microRNA profiling assay,OBI:0001926,https://anvilproject.github.io/acr-harmonized-data-model/EnumAssayType,EnumAssayType
Assay,assay_type,OBI:0001954,"An assay in which portions of chromatin, the ordered and organized complex of DNA and its interaction partners that make up a chormosome, is extracted and purified by immunoprecipitation with antibodies or tags, and subsequently analyzed",ChIP assay,OBI:0001954,https://anvilproject.github.io/acr-harmonized-data-model/EnumAssayType,EnumAssayType
Assay,assay_type,OBI:0001956,An assay that produces data about protein-DNA interaction or DNA epigenetic modification using immunoprecipitation,assay using chromatin immunoprecipitation,OBI:0001956,https://anvilproject.github.io/acr-harmonized-data-model/EnumAssayType,EnumAssayType
Assay,assay_type,OBI:0001960,An assay that dteremines taxonomic and community diversity information by sequencing specific genomic regions used as marker of identity or diversity.,taxonomic diversity assessment by targeted gene survey,OBI:0001960,https://anvilproject.github.io/acr-harmonized-data-model/EnumAssayType,EnumAssayType
Assay,assay_type,OBI:0001976,"A footprinting assay that uses a chemical reaction whereby a covalently bonded hydrogen atom is replaced by a deuterium atom, or vice versa in order to gather information about the solvent accessibility of parts of a molecule and thus its tertiary structure.",hydrogen/deuterium exchange footprinting assay,OBI:0001976,https://anvilproject.github.io/acr-harmonized-data-model/EnumAssayType,EnumAssayType
Assay,assay_type,OBI:0001977,An assay that counts and/or measures characteristics of cells.,cytometry assay,OBI:0001977,https://anvilproject.github.io/acr-harmonized-data-model/EnumAssayType,EnumAssayType
Assay,assay_type,OBI:0001978,"An analyte assay that detects specific molecules in an input material by separating it using gel electrophoresis, transfering the separated molecules to a membrane, and staining them with_ antibodies specific to the analyte molecules.",immunoblot assay,OBI:0001978,https://anvilproject.github.io/acr-harmonized-data-model/EnumAssayType,EnumAssayType
Assay,assay_type,OBI:0001979,A binding assay in which the proximity of two entities is monitored by measuring a fluorescent signal of one of the entities that gets reduced if the two entities are cliose to each other.,fluorescence quenching binding assay,OBI:0001979,https://anvilproject.github.io/acr-harmonized-data-model/EnumAssayType,EnumAssayType
Assay,assay_type,OBI:0001980,An assay in which the effect of a targeted process (the intervention) on an organism is tested.,in vivo intervention experiment,OBI:0001980,https://anvilproject.github.io/acr-harmonized-data-model/EnumAssayType,EnumAssayType
Assay,assay_type,OBI:0001981,An in vivo intervention experiment that tests the ability of the intervention to increase the severity of a disease in the host.,disease exacerbation in vivo intervention experiment,OBI:0001981,https://anvilproject.github.io/acr-harmonized-data-model/EnumAssayType,EnumAssayType
Assay,assay_type,OBI:0001982,An in vivo intervention experiment that tests the ability of the intervention to prevent occurrence of a disease in a host.,protection from challenge in vivo intervention experiment,OBI:0001982,https://anvilproject.github.io/acr-harmonized-data-model/EnumAssayType,EnumAssayType
Assay,assay_type,OBI:0001983,An in vivo intervention experiment that tests the ability of the intervention to decrease an immune response.,tolerance induction intervention experiment,OBI:0001983,https://anvilproject.github.io/acr-harmonized-data-model/EnumAssayType,EnumAssayType
Assay,assay_type,OBI:0001984,An in vivo intervention experiment in which the ability of the intervention to reduce or cure the effects of a disease are tested.,treatment intervention experiment,OBI:0001984,https://anvilproject.github.io/acr-harmonized-data-model/EnumAssayType,EnumAssayType
Assay,assay_type,OBI:0001985,An analyte assay where binding of the analyte to immobilized matrix is measured.,microarray assay,OBI:0001985,https://anvilproject.github.io/acr-harmonized-data-model/EnumAssayType,EnumAssayType
Assay,assay_type,OBI:0001986,An immunostaining assay to detect and potentially localize antigens within the cells of a tissue section.,immunohistochemistry,OBI:0001986,https://anvilproject.github.io/acr-harmonized-data-model/EnumAssayType,EnumAssayType
Assay,assay_type,OBI:0001987,A MHC binding constant determination assay measuring equilibrium association constant (KA).,assay measuring the association constant [KA] of a MHC:ligand complex,OBI:0001987,https://anvilproject.github.io/acr-harmonized-data-model/EnumAssayType,EnumAssayType
Assay,assay_type,OBI:0001988,A MHC binding constant determination assay measuring equilibrium dissociation constant (KD).,assay measuring the dissociation constant [KD] of a MHC:ligand complex,OBI:0001988,https://anvilproject.github.io/acr-harmonized-data-model/EnumAssayType,EnumAssayType
Assay,assay_type,OBI:0001989,A radioactivity detection assay that measures equilibrium dissociation constant (KD) to detect the loss of binding of a known reference ligand to purified-MHC due to competition by the ligand under investigation.,radioactivity detection assay measuring equilibrium dissociation constant [KD] to determine competitive binding of a purified-MHC:ligand complex,OBI:0001989,https://anvilproject.github.io/acr-harmonized-data-model/EnumAssayType,EnumAssayType
Assay,assay_type,OBI:0001990,A MHC binding constant determination assay measuring half life of binding.,assay measuring the half life of a MHC:ligand complex,OBI:0001990,https://anvilproject.github.io/acr-harmonized-data-model/EnumAssayType,EnumAssayType
Assay,assay_type,OBI:0001991,A MHC binding constant determination assay measuring half maximal effective concentration (EC50).,assay measuring the half maximal effective concentration [EC50] of a MHC:ligand complex,OBI:0001991,https://anvilproject.github.io/acr-harmonized-data-model/EnumAssayType,EnumAssayType
Assay,assay_type,OBI:0001992,A MHC binding constant determination assay measuring half maximal inhibitory concentration (IC50).,assay measuring the half maximal inhibitory concentration [IC50] of a MHC:ligand complex,OBI:0001992,https://anvilproject.github.io/acr-harmonized-data-model/EnumAssayType,EnumAssayType
Assay,assay_type,OBI:0001993,A MHC binding constant determination assay measuring binding off rate measurement data item (koff).,assay measuring the off rate measurement [koff] of a MHC:ligand complex,OBI:0001993,https://anvilproject.github.io/acr-harmonized-data-model/EnumAssayType,EnumAssayType
Assay,assay_type,OBI:0001994,A MHC binding constant determination assay measuring binding on rate (kon).,assay measuring the MHC ligand binding on rate [kon] of a MHC:ligand complex,OBI:0001994,https://anvilproject.github.io/acr-harmonized-data-model/EnumAssayType,EnumAssayType
Assay,assay_type,OBI:0001995,An analytical chromatography assay that measures the association constant [KA] of an antigen binding with an antibody.,chromatography assay measuring the association constant [KA] of a B cell epitope:antibody complex,OBI:0001995,https://anvilproject.github.io/acr-harmonized-data-model/EnumAssayType,EnumAssayType
Assay,assay_type,OBI:0001996,An analytical chromatography assay that measures the dissociation constant [KD] of an antigen binding with an antibody.,chromatography assay measuring the dissociation constant [KD] of a B cell epitope:antibody complex,OBI:0001996,https://anvilproject.github.io/acr-harmonized-data-model/EnumAssayType,EnumAssayType
Assay,assay_type,OBI:0001997,A hydrogen/deuterium exchange footprinting assay that detects the binding of an antigen with an antibody.,hydrogen/deuterium exchange footprinting assay measuring binding of a B cell epitope:antibody complex,OBI:0001997,https://anvilproject.github.io/acr-harmonized-data-model/EnumAssayType,EnumAssayType
Assay,assay_type,OBI:0001998,A immunohistochemistry assay that detects the binding of an antigen with an antibody.,immunohistochemistry assay measuring binding of a B cell epitope:antibody complex,OBI:0001998,https://anvilproject.github.io/acr-harmonized-data-model/EnumAssayType,EnumAssayType
Assay,assay_type,OBI:0001999,A 3D structure determination of bound molecular complex assay that characterizes the 3-dimensional structure of a T cell epitope:MHC:TCR complex.,3D molecular structure determination assay of a T cell epitope:MHC:TCR complex,OBI:0001999,https://anvilproject.github.io/acr-harmonized-data-model/EnumAssayType,EnumAssayType
Assay,assay_type,OBI:0002014,An epigenetic modification assay that identifies sites of DNA methylation using ChIP-chip technologies.,DNA methylation profiling by ChIP-chip assay,OBI:0002014,https://anvilproject.github.io/acr-harmonized-data-model/EnumAssayType,EnumAssayType
Assay,assay_type,OBI:0002015,A transcription profiling assay that uses Massive Parallel Signature Sequencing (MPSS).,transcription profiling by MPSS assay,OBI:0002015,https://anvilproject.github.io/acr-harmonized-data-model/EnumAssayType,EnumAssayType
Assay,assay_type,OBI:0002016,An epigenetic modification assay that identifies regions containing specific histones and their modifications using ChIP-chip techniques.,histone modification identification by ChIP-chip assay,OBI:0002016,https://anvilproject.github.io/acr-harmonized-data-model/EnumAssayType,EnumAssayType
Assay,assay_type,OBI:0002017,An epigenetic modification assay that identifies regions containing specific histones and their modifications using ChIP-Seq techniques.,histone modification identification by ChIP-Seq assay,OBI:0002017,https://anvilproject.github.io/acr-harmonized-data-model/EnumAssayType,EnumAssayType
Assay,assay_type,OBI:0002018,A transcription factor binding site assay that utilizes ChIP-chip technology.,transcription factor binding site identification by ChIP-chip assay,OBI:0002018,https://anvilproject.github.io/acr-harmonized-data-model/EnumAssayType,EnumAssayType
Assay,assay_type,OBI:0002019,A transcription factor binding site assay that utilizes ChIP-seq technology.,transcription factor binding site identification by ChIP-Seq assay,OBI:0002019,https://anvilproject.github.io/acr-harmonized-data-model/EnumAssayType,EnumAssayType
Assay,assay_type,OBI:0002020,"An assay that identifies epigenetic modifications including histone modifications, open chromatin, and DNA methylation.",epigenetic modification assay,OBI:0002020,https://anvilproject.github.io/acr-harmonized-data-model/EnumAssayType,EnumAssayType
Assay,assay_type,OBI:0002029,A transcription profiling by RNA sequencing assay that quantifies RNA through creating short signature tags of the messages and ligating them into a larger molecule that is then sequenced.,serial analysis of gene expression assay,OBI:0002029,https://anvilproject.github.io/acr-harmonized-data-model/EnumAssayType,EnumAssayType
Assay,assay_type,OBI:0002030,A genotyping by array assay that uses tiling array technology.,genotyping by tiling array assay,OBI:0002030,https://anvilproject.github.io/acr-harmonized-data-model/EnumAssayType,EnumAssayType
Assay,assay_type,OBI:0002031,A genotyping by array assay that uses SNP array technology.,genotyping by SNP array assay,OBI:0002031,https://anvilproject.github.io/acr-harmonized-data-model/EnumAssayType,EnumAssayType
Assay,assay_type,OBI:0002032,A single-nucleotide-resolution nucleic acid structure mapping assay that performs simultaneous in vitro profiling of the secondary structure of thousands of RNA species at single nucleotide resolution using enzymatic probing based on deep sequencing fragments of RNAs that were treated with structure-specific enzymes,parallel analysis of RNA structure assay,OBI:0002032,https://anvilproject.github.io/acr-harmonized-data-model/EnumAssayType,EnumAssayType
Assay,assay_type,OBI:0002033,"A translation profiling assay that combines transcript leader sequencing with polysome fractionation. TATL-seq works by applying TL-seq across fractions of a polysome gradient, generating TL-specific translational measurements to identify how different transcript leader sequences effect translation.",translation-associated transcript leader sequencing assay,OBI:0002033,https://anvilproject.github.io/acr-harmonized-data-model/EnumAssayType,EnumAssayType
Assay,assay_type,OBI:0002034,A transcription profiling by RNA sequencing assay that combines enzymatic capture of m(7)G-capped mRNA 5' ends with high-throughput sequencing.,transcript leader sequencing assay,OBI:0002034,https://anvilproject.github.io/acr-harmonized-data-model/EnumAssayType,EnumAssayType
Assay,assay_type,OBI:0002035,A mass spectrometry assay that measures the absolute mass of the cleaved peptides derived from an unknown protein of interest. These masses are then compared to values for known protein sequences to identify the unknown protein.,peptide mass fingerprinting assay,OBI:0002035,https://anvilproject.github.io/acr-harmonized-data-model/EnumAssayType,EnumAssayType
Assay,assay_type,OBI:0002036,An assay which aims to provide information about the in vivo organization/structure of nucleic acids using chemical or enzymatic probes using a microarray.,array based nucleic acid structure mapping assay,OBI:0002036,https://anvilproject.github.io/acr-harmonized-data-model/EnumAssayType,EnumAssayType
Assay,assay_type,OBI:0002037,"An array based nucleic acid structure mapping assay that identifies nucleosome positions genome wide, by detection of regions protected by nucleosomes from digestion by micrococal nuclease using tiling array assays",micrococcal nuclease digestion followed by tiling array assay,OBI:0002037,https://anvilproject.github.io/acr-harmonized-data-model/EnumAssayType,EnumAssayType
Assay,assay_type,OBI:0002038,A translation profiling assay that sequences only mRNA protected by the ribosome during translation and thus provides information on which transcipts are undergoing active translation.,ribosomal profiling by sequencing assay,OBI:0002038,https://anvilproject.github.io/acr-harmonized-data-model/EnumAssayType,EnumAssayType
Assay,assay_type,OBI:0002039,"An assay to capture the location of open chromatin, DNA-binding proteins, individual nucleosomes and chromatin compaction at nucleotide resolution by Tn5 transposase insertion.",assay for transposase-accessible chromatin using sequencing,OBI:0002039,https://anvilproject.github.io/acr-harmonized-data-model/EnumAssayType,EnumAssayType
Assay,assay_type,OBI:0002040,A detection of specific nucleic acids with complementary probes assay that measures regions of the genome which are bound by a specific RNA (or a by a ribonucleoprotein containing the RNA of interest) using high-throughput sequencing.,chromatin isolation by RNA purification sequencing assay,OBI:0002040,https://anvilproject.github.io/acr-harmonized-data-model/EnumAssayType,EnumAssayType
Assay,assay_type,OBI:0002041,"An assay that identifies the sequences that act as transcriptional enhancers in a direct, quantitative, and genome-wide manner from sheared genomic DNA.",self-transcribing active regulatory region sequencing assay,OBI:0002041,https://anvilproject.github.io/acr-harmonized-data-model/EnumAssayType,EnumAssayType
Assay,assay_type,OBI:0002042,"A carbon-copy chromosome conformation capture assay to analyze the organization of chromosomes in an unbiased, genome-wide manner using high throughput sequening following carbon-copy chromosome conformation capture.",carbon-copy chromosome conformation capture assay followed by sequencing assay,OBI:0002042,https://anvilproject.github.io/acr-harmonized-data-model/EnumAssayType,EnumAssayType
Assay,assay_type,OBI:0002043,"A cross-linking immunoprecipitation high-throughput sequencing assay that identifies protein-RNA interactions using UV light to covalently bind proteins and RNA molecules, allowing for a very stringent purification of the linked protein-RNA complexes.",individual-nucleotide resolution cross-linking and immunoprecipitation sequencing assay,OBI:0002043,https://anvilproject.github.io/acr-harmonized-data-model/EnumAssayType,EnumAssayType
Assay,assay_type,OBI:0002044,An assay that comprehensively characterizes sequence and structural specificity of RNA binding proteins (RBPs).,RNA Bind-n-Seq assay,OBI:0002044,https://anvilproject.github.io/acr-harmonized-data-model/EnumAssayType,EnumAssayType
Assay,assay_type,OBI:0002045,A transcription profiling by RNA sequencing assay that quantitatively profiles RNA polyadenylation at the transcriptome level.,polyA-site sequencing assay,OBI:0002045,https://anvilproject.github.io/acr-harmonized-data-model/EnumAssayType,EnumAssayType
Assay,assay_type,OBI:0002050,A 3D structure determination of bound molecular complex assay that characterizes the 3-dimensional structure of a MHC:ligand complex.,3D molecular structure determination assay of a MHC:ligand complex,OBI:0002050,https://anvilproject.github.io/acr-harmonized-data-model/EnumAssayType,EnumAssayType
Assay,assay_type,OBI:0002051,An in vivo assay measuring B cell epitope specific protection from pathogen challenge using pathogen burden.,in vivo assay measuring B cell epitope specific protection from infectious challenge based on pathogen burden,OBI:0002051,https://anvilproject.github.io/acr-harmonized-data-model/EnumAssayType,EnumAssayType
Assay,assay_type,OBI:0002052,An in vivo assay measuring B cell epitope specific protection from tumor challenge using tumor burden.,in vivo assay measuring B cell epitope specific protection after tumor burden challenge,OBI:0002052,https://anvilproject.github.io/acr-harmonized-data-model/EnumAssayType,EnumAssayType
Assay,assay_type,OBI:0002053,A microarray assay that detects the binding of an antigen with an antibody.,microarray assay measuring binding of a B cell epitope:antibody complex,OBI:0002053,https://anvilproject.github.io/acr-harmonized-data-model/EnumAssayType,EnumAssayType
Assay,assay_type,OBI:0002054,A B cell epitope equilibrium dissociation constant (KD) determination assay that uses a nuclear magnetic resonance assay.,NMR assay measuring the dissociation constant [KD] of a B cell epitope:antibody complex,OBI:0002054,https://anvilproject.github.io/acr-harmonized-data-model/EnumAssayType,EnumAssayType
Assay,assay_type,OBI:0002055,A T cell epitope recognition assay that measures the immune response process resulting from the binding of a T cell receptor to epitope or the recongition of the epitope.,assay measuring biological activity resulting from T cell epitope:MHC:TCR binding,OBI:0002055,https://anvilproject.github.io/acr-harmonized-data-model/EnumAssayType,EnumAssayType
Assay,assay_type,OBI:0002056,A T cell epitope specific cytokine production assay that detects production of chemokine (C-C motif) ligand 17 production by T cells.,assay measuring epitope specific chemokine (C-C motif) ligand 17 production by T cells,OBI:0002056,https://anvilproject.github.io/acr-harmonized-data-model/EnumAssayType,EnumAssayType
Assay,assay_type,OBI:0002057,A T cell epitope specific cytokine production assay that detects macrophage migration inhibitory factor (MIF) production by T cells.,assay measuring epitope specific macrophage migration inhibitory factor (MIF) production by T cells,OBI:0002057,https://anvilproject.github.io/acr-harmonized-data-model/EnumAssayType,EnumAssayType
Assay,assay_type,OBI:0002058,A T cell epitope specific cytokine production assay that detects oncostatin M production by T cells.,assay measuring epitope specific oncostatin M production by T cells,OBI:0002058,https://anvilproject.github.io/acr-harmonized-data-model/EnumAssayType,EnumAssayType
Assay,assay_type,OBI:0002059,A T cell epitope recognition assay that quantitavely characterizes the binding of a TCR with a ligand by determining a binding constant.,assay measuring a binding constant of a T cell epitope:MHC:TCR complex,OBI:0002059,https://anvilproject.github.io/acr-harmonized-data-model/EnumAssayType,EnumAssayType
Assay,assay_type,OBI:0002060,A detection of specific nucleic acid polymers with complementary probes that detects chemokine (C-C motif) ligand 17 production by T cells.,detection of specific nucleic acids with complementary probes assay measuring epitope specific chemokine (C-C motif) ligand 17 production by T cells,OBI:0002060,https://anvilproject.github.io/acr-harmonized-data-model/EnumAssayType,EnumAssayType
Assay,assay_type,OBI:0002061,A cytometric bead array assay that detects chemokine (C-C motif) ligand 22 production by T cells.,cytometric bead array assay measuring epitope specific chemokine (C-C motif) ligand 22 production by T cells,OBI:0002061,https://anvilproject.github.io/acr-harmonized-data-model/EnumAssayType,EnumAssayType
Assay,assay_type,OBI:0002062,An in vitro cell killing assay that measures the killing of antigen presenting cells (APC) by T cells whose TCR recognizes an epitope presented by the APC.,in vitro assay measuring epitope specific T cell killing,OBI:0002062,https://anvilproject.github.io/acr-harmonized-data-model/EnumAssayType,EnumAssayType
Assay,assay_type,OBI:0002063,A cytometric bead array assay that detects epitope specific granzyme A release by T cells.,cytometric bead array assay measuring epitope specific granzyme A release by T cells,OBI:0002063,https://anvilproject.github.io/acr-harmonized-data-model/EnumAssayType,EnumAssayType
Assay,assay_type,OBI:0002064,A detection of specific nucleic acids with complementary probes assay that detects epitope specific granzyme A release by T cells.,detection of specific nucleic acids with complementary probes assay measuring epitope specific granzyme A release by T cells,OBI:0002064,https://anvilproject.github.io/acr-harmonized-data-model/EnumAssayType,EnumAssayType
Assay,assay_type,OBI:0002065,A cytometric bead array assay that detects epitope specific granzyme B release by T cells.,cytometric bead array assay measuring epitope specific granzyme B release by T cells,OBI:0002065,https://anvilproject.github.io/acr-harmonized-data-model/EnumAssayType,EnumAssayType
Assay,assay_type,OBI:0002066,A detection of specific nucleic acids with complementary probes assay that detects epitope specific granzyme B release by T cells,detection of specific nucleic acids with complementary probes assay measuring epitope specific granzyme B release by T cells,OBI:0002066,https://anvilproject.github.io/acr-harmonized-data-model/EnumAssayType,EnumAssayType
Assay,assay_type,OBI:0002067,A cytometric bead array assay that detects macrophage migration inhibitory factor (MIF) production by T cells.,cytometric bead array assay measuring epitope specific macrophage migration inhibitory factor (MIF) production by T cells,OBI:0002067,https://anvilproject.github.io/acr-harmonized-data-model/EnumAssayType,EnumAssayType
Assay,assay_type,OBI:0002068,A cytometric bead array assay that detects oncostatin M production by T cells.,cytometric bead array assay measuring epitope specific oncostatin M production by T cells,OBI:0002068,https://anvilproject.github.io/acr-harmonized-data-model/EnumAssayType,EnumAssayType
Assay,assay_type,OBI:0002069,An enzyme-linked immunospot assay that detects epitope specific perforin release by T cells.,ELISPOT assay measuring epitope specific perforin release by T cells,OBI:0002069,https://anvilproject.github.io/acr-harmonized-data-model/EnumAssayType,EnumAssayType
Assay,assay_type,OBI:0002070,A T cell epitope specific proliferation assay that is performed in vivo.,in vivo assay measuring epitope specific proliferation of T cells,OBI:0002070,https://anvilproject.github.io/acr-harmonized-data-model/EnumAssayType,EnumAssayType
Assay,assay_type,OBI:0002071,A T cell epitope specific proliferation assay that is performed on cells in vitro.,in vitro assay measuring epitope specific proliferation of T cells,OBI:0002071,https://anvilproject.github.io/acr-harmonized-data-model/EnumAssayType,EnumAssayType
Assay,assay_type,OBI:0002072,"An assay that detects the binding of a MHC molecule with a ligand, and produces a qualitative measurement of the binding as an output.",assay measuring qualitative binding of a MHC:ligand complex,OBI:0002072,https://anvilproject.github.io/acr-harmonized-data-model/EnumAssayType,EnumAssayType
Assay,assay_type,OBI:0002073,An efficacy of T cell epitope intervention experiment that uses a epitope protection experiment.,in vivo assay measuring T cell epitope specific protection from challenge,OBI:0002073,https://anvilproject.github.io/acr-harmonized-data-model/EnumAssayType,EnumAssayType
Assay,assay_type,OBI:0002074,T cell epitope dependent biological activity assay that detects suppression of an in vitro response.,assay measuring T cell epitope specific suppression in vitro,OBI:0002074,https://anvilproject.github.io/acr-harmonized-data-model/EnumAssayType,EnumAssayType
Assay,assay_type,OBI:0002075,"An immune epitope assay that characterizes the structrue of a MHC-ligand complex, or detects the processing and presentation of a ligand by an antigen presenting cell, or the binding of a ligand to an MHC molecule.",MHC ligand assay,OBI:0002075,https://anvilproject.github.io/acr-harmonized-data-model/EnumAssayType,EnumAssayType
Assay,assay_type,OBI:0002082,An assay that detects expression of a reporter gene that was inserted under the control of a regulatory sequence of interest.,reporter gene assay,OBI:0002082,https://anvilproject.github.io/acr-harmonized-data-model/EnumAssayType,EnumAssayType
Assay,assay_type,OBI:0002083,A reporter gene assay that detects expression of a reporter gene that was inserted under the control of an enhancer of interest.,enhancer activity detection by reporter gene assay,OBI:0002083,https://anvilproject.github.io/acr-harmonized-data-model/EnumAssayType,EnumAssayType
Assay,assay_type,OBI:0002084,"A ChIP-seq assay that identifies regions of chromatin bound to a chromatin modifying protein, e.g. a histone acetyltransferase.",transcription cofactor activity region identification by ChIP-Seq assay,OBI:0002084,https://anvilproject.github.io/acr-harmonized-data-model/EnumAssayType,EnumAssayType
Assay,assay_type,OBI:0002085,"An in situ hybridization assay in which the location (e.g. anatomical/tissue) of a transcript is detected by a multiplexed fluorescent in situ hybridization, based on orthogonal amplification with hybridization chain reactions (HCR). RNA probes complementary to mRNA targets trigger chain reactions in which fluorophore-labeled RNA hairpins self-assemble into tethered fluorescent amplification polymers.",transcript expression location detection by hybridization chain reaction assay,OBI:0002085,https://anvilproject.github.io/acr-harmonized-data-model/EnumAssayType,EnumAssayType
Assay,assay_type,OBI:0002086,"A bisulfite sequencing assay that identifies genomic methylation patterns by using a bisulfite based protocol with the Tet enzyme to differentiate 5-hydroxylmethylcytosine (5hmC) from 5-methylcytosine (5mC) through a step-wise oxidative demethylation of 5mC, converting it to 5-carboxylcytosine (5caC) while keeping 5hmC protected.",Tet-assisted bisulfite sequencing assay,OBI:0002086,https://anvilproject.github.io/acr-harmonized-data-model/EnumAssayType,EnumAssayType
Assay,assay_type,OBI:0002094,"A bisulfite sequencing assay in which a whole-genome sequencing library is prepared, bisulfite converted and amplified, followed by a capture enriching for targeted bisulfite-converted DNA fragments that are are subsequently identified by DNA sequencing.",MethylC-Capture sequencing assay,OBI:0002094,https://anvilproject.github.io/acr-harmonized-data-model/EnumAssayType,EnumAssayType
Assay,assay_type,OBI:0002096,A CFSE assay that detects T cell epitope specific proliferation in vitro.,carboxyfluorescein succinimidyl ester staining assay measuring epitope specific proliferation of T cells,OBI:0002096,https://anvilproject.github.io/acr-harmonized-data-model/EnumAssayType,EnumAssayType
Assay,assay_type,OBI:0002097,A T cell epitope binding constant determination assay that measures the dissociation constant KD.,assay measuring the dissociation constant [KD] of a T cell epitope:MHC:TCR complex,OBI:0002097,https://anvilproject.github.io/acr-harmonized-data-model/EnumAssayType,EnumAssayType
Assay,assay_type,OBI:0002098,A T cell epitope binding constant determination assay that measures the on rate.,assay measuring the on rate [kon] of a T cell epitope:MHC:TCR complex,OBI:0002098,https://anvilproject.github.io/acr-harmonized-data-model/EnumAssayType,EnumAssayType
Assay,assay_type,OBI:0002099,A T cell epitope binding constant determination assay that measures the off rate.,assay measuring the off rate [koff] of a T cell epitope:MHC:TCR complex,OBI:0002099,https://anvilproject.github.io/acr-harmonized-data-model/EnumAssayType,EnumAssayType
Assay,assay_type,OBI:0002100,A T cell epitope binding constant determination assay that measures the association constant KA.,assay measuring the association constant [KA] of a T cell epitope:MHC:TCR complex,OBI:0002100,https://anvilproject.github.io/acr-harmonized-data-model/EnumAssayType,EnumAssayType
Assay,assay_type,OBI:0002101,A small-angle scattering 3D molecular structure determination assay that characterizes the 3-dimensional molecular structure of a B cell epitope:antibody complex,small-angle scattering assay determining the 3D structure of a B cell epitope:antibody complex,OBI:0002101,https://anvilproject.github.io/acr-harmonized-data-model/EnumAssayType,EnumAssayType
Assay,assay_type,OBI:0002102,A bio-layer interferometry assay that measures the on rate of an antigen with an antibody.,bio-layer interferometry assay measuring the on rate [kon] of a B cell epitope:antibody complex,OBI:0002102,https://anvilproject.github.io/acr-harmonized-data-model/EnumAssayType,EnumAssayType
Assay,assay_type,OBI:0002103,A bio-layer interferometry assay that measures the off rate of an antigen with an antibody.,bio-layer interferometry assay measuring the off rate [koff] of a B cell epitope:antibody complex,OBI:0002103,https://anvilproject.github.io/acr-harmonized-data-model/EnumAssayType,EnumAssayType
Assay,assay_type,OBI:0002104,A bio-layer interferometry assay that detects the binding of an antigen with an antibody.,bio-layer interferometry assay measuring binding of a B cell epitope:antibody complex,OBI:0002104,https://anvilproject.github.io/acr-harmonized-data-model/EnumAssayType,EnumAssayType
Assay,assay_type,OBI:0002105,A bio-layer interferometry assay that measures the dissociation constant [KD] of an antigen with an antibody.,bio-layer interferometry assay measuring the dissociation constant [KD] of a B cell epitope:antibody complex,OBI:0002105,https://anvilproject.github.io/acr-harmonized-data-model/EnumAssayType,EnumAssayType
Assay,assay_type,OBI:0002106,An assay using carboxyfluorescein succinimidyl ester staining.,carboxyfluorescein succinimidyl ester staining assay,OBI:0002106,https://anvilproject.github.io/acr-harmonized-data-model/EnumAssayType,EnumAssayType
Assay,assay_type,OBI:0002107,A binding assay that detects a shift in the interference pattern reflected from a layer of immobilized material on the biosensor tip to measure binding to- or dissociating from the material on the biosensor.,bio-layer interferometry assay,OBI:0002107,https://anvilproject.github.io/acr-harmonized-data-model/EnumAssayType,EnumAssayType
Assay,assay_type,OBI:0002108,"A 3D molecular structure determination assay in which the scattering pattern of a neutron or x-ray beam targeted at a material entity is recorded at small angles relative to the incident beam to determine the size, shape and structure of the material entity examined.",small-angle scattering 3D molecular structure determination assay,OBI:0002108,https://anvilproject.github.io/acr-harmonized-data-model/EnumAssayType,EnumAssayType
Assay,assay_type,OBI:0002111,An iCLIP assay that is enhanced to robustly identify protein-RNA interactions with high efficiency through improvements in library preparation of RNA fragments.,enhanced cross-linking immunoprecipitation high-throughput sequencing assay,OBI:0002111,https://anvilproject.github.io/acr-harmonized-data-model/EnumAssayType,EnumAssayType
Assay,assay_type,OBI:0002112,"A transcription profiling by RNA sequencing assay which is targeting small RNA (< 200 bp) sequences such as, but not exclusive to, miRNAs using, for example, small RNA library preparation kits.",small RNA sequencing assay,OBI:0002112,https://anvilproject.github.io/acr-harmonized-data-model/EnumAssayType,EnumAssayType
Assay,assay_type,OBI:0002113,A transcription profiling by RNA sequencing assay used to identify spans of nascent transcription in the genome through isolation of recent bromouridine (Bru) labelled RNAs.,bromouridine labeling and sequencing assay,OBI:0002113,https://anvilproject.github.io/acr-harmonized-data-model/EnumAssayType,EnumAssayType
Assay,assay_type,OBI:0002114,A transcription profiling by RNA sequencing assay used to identify RNA populations of specific ages through isolation of RNAs first labelled with bromouridine (Bru) followed by chasing in uridine for different periods of time.,bromouridine pulse-chase and sequencing assay,OBI:0002114,https://anvilproject.github.io/acr-harmonized-data-model/EnumAssayType,EnumAssayType
Assay,assay_type,OBI:0002115,A cytometry assay in which the presence of molecules of interest on or in cells is indicated by binding of antibodies labeled with rare earth element tags which are detected by time-of-flight mass spectrometry.,cytometry time of flight assay,OBI:0002115,https://anvilproject.github.io/acr-harmonized-data-model/EnumAssayType,EnumAssayType
Assay,assay_type,OBI:0002116,An analytical chromatography assay that utilizes a high performance liquid chromatography instrument for separation of compounts in a solution.,high performance liquid chromatography assay,OBI:0002116,https://anvilproject.github.io/acr-harmonized-data-model/EnumAssayType,EnumAssayType
Assay,assay_type,OBI:0002117,A DNA sequencing assay that intends to provide information about the sequence of an entire genome of an organism.,whole genome sequencing assay,OBI:0002117,https://anvilproject.github.io/acr-harmonized-data-model/EnumAssayType,EnumAssayType
Assay,assay_type,OBI:0002118,A DNA sequencing assay that intends to provide information about the sequence of the protein coding components of a genome (exons).,exome sequencing assay,OBI:0002118,https://anvilproject.github.io/acr-harmonized-data-model/EnumAssayType,EnumAssayType
Assay,assay_type,OBI:0002119,An imaging assay that utilizes a microscope to magnify features of the visualized material of interest that are not visible to naked eye.,microscopy assay,OBI:0002119,https://anvilproject.github.io/acr-harmonized-data-model/EnumAssayType,EnumAssayType
Assay,assay_type,OBI:0002120,"A cytometry assay where lymphocytes from two individuals are co-cultured with the lymphocytes from one of the allogeneic individuals (Responders) being labeled (with 3H Thymidine or BrdU) and the proliferation of the labeled cells is measured, which is thought to reflect recognition of histocompatibility antigens on the unlabeled cells (stimulators).",mixed lymphocyte reaction assay,OBI:0002120,https://anvilproject.github.io/acr-harmonized-data-model/EnumAssayType,EnumAssayType
Assay,assay_type,OBI:0002121,A genotyping assay in which the alleles of genes encoding for killer cell immunoglobulin-like receptors are determined.,killer cell immunoglobulin-like receptor typing assay,OBI:0002121,https://anvilproject.github.io/acr-harmonized-data-model/EnumAssayType,EnumAssayType
Assay,assay_type,OBI:0002122,A genotyping assay in which the alleles of genes encoding for major histocompatibility complex molecules are determined.,major histocompatibility typing assay,OBI:0002122,https://anvilproject.github.io/acr-harmonized-data-model/EnumAssayType,EnumAssayType
Assay,assay_type,OBI:0002132,"An assay that detects differences in protein abundance using samples that have been metabolically labeled in vivo with a stable non-radioactive heavy isotope containing amino acid for a short period of time. After diluting the pulsed cells into growth media without label, high resolution mass spectrometry-based proteomics is used to analyze the time-dependent decay and determine protein stability.",pulse stable isotope labeling by amino acids in cell culture,OBI:0002132,https://anvilproject.github.io/acr-harmonized-data-model/EnumAssayType,EnumAssayType
Assay,assay_type,OBI:0002133,A cytometric bead array assay that detects chemokine (C-C motif) ligand 20 production by T cells.,cytometric bead array assay measuring  epitope specific chemokine (C-C motif) ligand 20 production by T cells,OBI:0002133,https://anvilproject.github.io/acr-harmonized-data-model/EnumAssayType,EnumAssayType
Assay,assay_type,OBI:0002134,A T cell epitope specific cytokine production assay that detects chemokine (C-C motif) ligand 20 production by T cells.,assay measuring epitope specific chemokine (C-C motif) ligand 20 production by T cells,OBI:0002134,https://anvilproject.github.io/acr-harmonized-data-model/EnumAssayType,EnumAssayType
Assay,assay_type,OBI:0002140,An assay to determine the temperature of an evaluant.,temperature measurement assay,OBI:0002140,https://anvilproject.github.io/acr-harmonized-data-model/EnumAssayType,EnumAssayType
Assay,assay_type,OBI:0002141,An assay to determine the volume of an evaluant.,volume measurement assay,OBI:0002141,https://anvilproject.github.io/acr-harmonized-data-model/EnumAssayType,EnumAssayType
Assay,assay_type,OBI:0002142,A microRNA profiling assay using digital molecular barcoding technology to quantify target microRNA molecules without the need for amplification.,Nanostring nCounter miRNA expression assay,OBI:0002142,https://anvilproject.github.io/acr-harmonized-data-model/EnumAssayType,EnumAssayType
Assay,assay_type,OBI:0002143,A transcription profiling by RNA sequencing assay used to identify transcription start sites and active enhancer elements through isolation of bromouridine (Bru) labelled RNAs after UV light exposure introduces transcription-blocking lesions.,bromouride labeling and sequencing after UV exposure,OBI:0002143,https://anvilproject.github.io/acr-harmonized-data-model/EnumAssayType,EnumAssayType
Assay,assay_type,OBI:0002144,An assay which aims at identifying the endogenous population of extrachromosomal circular DNA originating from a subset of genomic loci and potentially having profound consequences on the regulatory and coding capabilities of these regions. The assay includes creation of a library out of the circular DNA molecules and subsequent sequencing using parallelized sequencing methods.,extrachromosomal circular DNA sequencing assay,OBI:0002144,https://anvilproject.github.io/acr-harmonized-data-model/EnumAssayType,EnumAssayType
Assay,assay_type,OBI:0002145,An analyte assay that measures the presence or amount of antibodies to a specified antigen.,antigen specific antibodies assay,OBI:0002145,https://anvilproject.github.io/acr-harmonized-data-model/EnumAssayType,EnumAssayType
Assay,assay_type,OBI:0002146,An antigen specific antibodies assay that is meant to detect antibodies that bind to human immunodeficiency virus (HIV) antigens.,HIV antibody assay,OBI:0002146,https://anvilproject.github.io/acr-harmonized-data-model/EnumAssayType,EnumAssayType
Assay,assay_type,OBI:0002147,An antigen specific antibodies assay that is meant to detect antibodies that bind to human immunodeficiency virus (HIV) group O antigens.,HIV group O antibody assay,OBI:0002147,https://anvilproject.github.io/acr-harmonized-data-model/EnumAssayType,EnumAssayType
Assay,assay_type,OBI:0002148,An antigen specific antibodies assay that is meant to detect antibodies that bind to hepatitis B virus (HBV) surface antigens.,surface HBV antibody assay,OBI:0002148,https://anvilproject.github.io/acr-harmonized-data-model/EnumAssayType,EnumAssayType
Assay,assay_type,OBI:0002149,An antigen specific antibodies assay that is meant to detect antibodies that bind to hepatitis B virus (HBV) core antigens.,core HBV antibody assay,OBI:0002149,https://anvilproject.github.io/acr-harmonized-data-model/EnumAssayType,EnumAssayType
Assay,assay_type,OBI:0002150,An antigen specific antibodies assay that is meant to detectimmunoglobulin M (IgM) antibodies that bind to hepatitis B virus (HBV) core antigens.,core HBV IgM antibody assay,OBI:0002150,https://anvilproject.github.io/acr-harmonized-data-model/EnumAssayType,EnumAssayType
Assay,assay_type,OBI:0002151,An antigen specific antibodies assay that is meant to detect antibodies that bind to Hepacivirus C (HCV) antigens.,HCV antibody assay,OBI:0002151,https://anvilproject.github.io/acr-harmonized-data-model/EnumAssayType,EnumAssayType
Assay,assay_type,OBI:0002152,An antigen specific antibodies assay that is meant to detect immunoglobulin G (IgG) antibodies that bind to Epstein-Barr virus (EBV) antigens.,EBV IgG antibody assay,OBI:0002152,https://anvilproject.github.io/acr-harmonized-data-model/EnumAssayType,EnumAssayType
Assay,assay_type,OBI:0002153,An antigen specific antibodies assay that is meant to detect immunoglobulin M (IgM) antibodies that bind to Epstein-Barr virus (EBV) antigens.,EBV IgM antibody assay,OBI:0002153,https://anvilproject.github.io/acr-harmonized-data-model/EnumAssayType,EnumAssayType
Assay,assay_type,OBI:0002154,An antigen specific antibodies assay that is meant to detect antibodies that bind to cytomegalovirus (CMV) antigens.,CMV antibody assay,OBI:0002154,https://anvilproject.github.io/acr-harmonized-data-model/EnumAssayType,EnumAssayType
Assay,assay_type,OBI:0002155,An analyte assay that is meant to detect general antibodies that react with substances that are produced by cellular damage caused by Treponema pallidum indicating a syphilis infection. VDRL tests require a microscope and can be done on cerebrospinal fluid as well as blood.,venereal disease research laboratory test,OBI:0002155,https://anvilproject.github.io/acr-harmonized-data-model/EnumAssayType,EnumAssayType
Assay,assay_type,OBI:0002156,An analyte assay that is meant to detect with the aid of carbon or charcoal particles general antibodies that react with substances that are produced by cellular damage caused by Treponema pallidum indicating a syphilis infection. RPR tests can be done without a microscope.,rapid plasma reagin test,OBI:0002156,https://anvilproject.github.io/acr-harmonized-data-model/EnumAssayType,EnumAssayType
Assay,assay_type,OBI:0002157,An analyte assay that is meant to detect hepatitis B virus (HBV) surface antigens.,HBV surface antigen assay,OBI:0002157,https://anvilproject.github.io/acr-harmonized-data-model/EnumAssayType,EnumAssayType
Assay,assay_type,OBI:0002158,An analyte assay that is meant to detect human immunodeficiency virus (HIV-1) nucleic acids.,HIV-1 nucleic acid testing,OBI:0002158,https://anvilproject.github.io/acr-harmonized-data-model/EnumAssayType,EnumAssayType
Assay,assay_type,OBI:0002159,An analyte assay that is meant to detect hepatitis C virus (HCV) nucleic acids.,HCV nucleic acid testing,OBI:0002159,https://anvilproject.github.io/acr-harmonized-data-model/EnumAssayType,EnumAssayType
Assay,assay_type,OBI:0002160,"A ChIP-seq assay which leverages T7 promoter amplification to allow low sample input and chromatin barcoding and pool-and-split multiplexing for high-throughput, quantitative profiling of chromatin states.",multiplexed indexed T7 ChIP-seq assay,OBI:0002160,https://anvilproject.github.io/acr-harmonized-data-model/EnumAssayType,EnumAssayType
Assay,assay_type,OBI:0002161,"A binding assay that identifies protein-binding sites on nucleic acids by selecting high-affinity target ligands from a randomized pool. The process is repeated in rounds, then the bound nucleic acids are separated from the unbound nucleic acids and amplified by PCR._",systematic evolution of ligands by exponential enrichment assay,OBI:0002161,https://anvilproject.github.io/acr-harmonized-data-model/EnumAssayType,EnumAssayType
Assay,assay_type,OBI:0002162,"An assay that measures ligand binding and conformational changes by the solvent accessibility of the backbone, bases, or side-chain structures of macromolecules through their sensitivity to chemical or enzymatic cleavage or modification reactions.",footprinting assay,OBI:0002162,https://anvilproject.github.io/acr-harmonized-data-model/EnumAssayType,EnumAssayType
Assay,assay_type,OBI:0002163,An enzymatic footprinting assay that determines protein-binding sites on DNA by identifying bound fragments that are protected from DNAse I-catalyzed hydrolysis,DNAse footprinting assay,OBI:0002163,https://anvilproject.github.io/acr-harmonized-data-model/EnumAssayType,EnumAssayType
Assay,assay_type,OBI:0002164,"A binding assay that increases the expression of a reporter gene in mammalian cells by proteins of interest attached to two portions of the transcriptional activator, bringing those portions closer together.",mammalian 2-hybrid assay,OBI:0002164,https://anvilproject.github.io/acr-harmonized-data-model/EnumAssayType,EnumAssayType
Assay,assay_type,OBI:0002165,An assay that determines the specific location of a protein. Subcellular localization is distinguished from tissue-based localization based on the type of microscopy applied.,protein localization assay,OBI:0002165,https://anvilproject.github.io/acr-harmonized-data-model/EnumAssayType,EnumAssayType
Assay,assay_type,OBI:0002166,A protein localization assay that determines the specific location of a protein in a living tissue sample.,tissue-based protein localization assay,OBI:0002166,https://anvilproject.github.io/acr-harmonized-data-model/EnumAssayType,EnumAssayType
Assay,assay_type,OBI:0002167,A protein localization assay that determines the specific subcellular location of a protein. The location is visualized through electron microscopy.,subcellular protein localization assay,OBI:0002167,https://anvilproject.github.io/acr-harmonized-data-model/EnumAssayType,EnumAssayType
Assay,assay_type,OBI:0002168,An immunohistochemistry assay that uses antibodies to display the specific subcellular location of proteins.,subcellular protein immunohistochemistry assay,OBI:0002168,https://anvilproject.github.io/acr-harmonized-data-model/EnumAssayType,EnumAssayType
Assay,assay_type,OBI:0002169,A ChIP assay that uses quantitative PCR to determine levels of specific DNA in immunoprecipitated samples.,ChIP-qPCR assay,OBI:0002169,https://anvilproject.github.io/acr-harmonized-data-model/EnumAssayType,EnumAssayType
Assay,assay_type,OBI:0002170,A systematic evolution of ligands by exponential enrichment assay that starts with a library derived from genomic DNA instead of synthetically derived random DNA molecules.,genomic SELEX,OBI:0002170,https://anvilproject.github.io/acr-harmonized-data-model/EnumAssayType,EnumAssayType
Assay,assay_type,OBI:0002171,An analyte assay that detects molecules in a mixture dotted on a membrane using DNA probes or antibodies.,dot blot assay,OBI:0002171,https://anvilproject.github.io/acr-harmonized-data-model/EnumAssayType,EnumAssayType
Assay,assay_type,OBI:0002172,A direct binding assay that detects interactions of labeled RNA with immobilized protein on a membrane.,Northwestern blot assay,OBI:0002172,https://anvilproject.github.io/acr-harmonized-data-model/EnumAssayType,EnumAssayType
Assay,assay_type,OBI:0002173,A direct binding assay that detects interactions of labeled DNA with immobilized protein on a membrane.,Southwestern blot assay,OBI:0002173,https://anvilproject.github.io/acr-harmonized-data-model/EnumAssayType,EnumAssayType
Assay,assay_type,OBI:0002174,"An immuno staining assay in which samples of intact cells are examined that have had most, if not all, of their surrounding extracellular matrix removed",immunocytochemistry,OBI:0002174,https://anvilproject.github.io/acr-harmonized-data-model/EnumAssayType,EnumAssayType
Assay,assay_type,OBI:0002175,"An analyte assay that detects ATP concentration through light intensity when luciferase catalyzes the oxidation of luciferin in the presence of ATP, magnesium ions, and molecular oxygen.",ATP bioluminescence assay,OBI:0002175,https://anvilproject.github.io/acr-harmonized-data-model/EnumAssayType,EnumAssayType
Assay,assay_type,OBI:0002176,"An assay that measures the electrical properties of biological cells or tissues. Typically, this assay will generate measurements of voltage changes or electric current (or other associated variables such as impedence or capacitance).",electrophysiology assay,OBI:0002176,https://anvilproject.github.io/acr-harmonized-data-model/EnumAssayType,EnumAssayType
Assay,assay_type,OBI:0002177,"An intracellular electrophysiology assay where a glass micropipette is sealed to the surface of the cell membrane as a recording electrode to study ion channel activity. The key distinction of this technique is the electrical resistance of the seal between the cell membrane and the pipette is of the order 10-100 gigaohms, permitting high-resolution current measurements over the cell membrane in several different standard configurations.",patch clamp assay,OBI:0002177,https://anvilproject.github.io/acr-harmonized-data-model/EnumAssayType,EnumAssayType
Assay,assay_type,OBI:0002178,"A patch-clamp assay where the electrode is left in place on the cell, as in cell-attached recordings, but the membrane patch has been perforated, providing access from the interior of the pipette to the intracellular space of the cell. Measurements made with this technique involve recording currents through multiple channels simultaneously, over the membrane of the entire cell.",whole-cell patch clamp assay,OBI:0002178,https://anvilproject.github.io/acr-harmonized-data-model/EnumAssayType,EnumAssayType
Assay,assay_type,OBI:0002179,"A patch-clamp assay where the electrode is left in place on the cell, and the membrane patch has been left intact been perforated. This maintains the separation of the interior of the pipette to the intracellular space of the cell. Measurements made with this technique involve recording currents through multiple channels simultaneously, over the membrane of the entire cell.",cell-attached patch clamp assay,OBI:0002179,https://anvilproject.github.io/acr-harmonized-data-model/EnumAssayType,EnumAssayType
Assay,assay_type,OBI:0002180,"A patch-clamp assay where a patch of the membrane is attached to the patch pipette, detached from the rest of the cell, and the cytosolic surface of the membrane is exposed to the external media, or bath. This provides the experimenter has access to the intracellular surface of the membrane via the bath and can manipulate the environment at the intracellular surface of single ion channels. For example, channels that are activated by intracellular ligands can then be studied through a range of ligand concentrations.",inside-out patch clamp assay,OBI:0002180,https://anvilproject.github.io/acr-harmonized-data-model/EnumAssayType,EnumAssayType
Assay,assay_type,OBI:0002181,"A patch-clamp assay where a patch of the membrane is attached to the patch pipette. In this configuration, the external surface of the cell membrane is exposed as the outside of the membrane patch relative to the patch electrode. An outside-out patch starts with a gigaohm seal in a whole-cell recording configuration. The electrode is slowly withdrawn from the cell, until a fragment of membrane bulges away from the cell, which detaches and reforms as a convex membrane on the end of the electrode, with the original external surface of the membrane facing outward from the electrode. This provides the experimenter with access to the extracellular surface of the membrane via the bath and can manipulate the environment at the extracellular surface of single ion channels.",outside-out patch clamp assay,OBI:0002181,https://anvilproject.github.io/acr-harmonized-data-model/EnumAssayType,EnumAssayType
Assay,assay_type,OBI:0002182,An cellular electrophysiology assay where the membrane potential of a cell is controlled by the experimentalist. This is accomplished through a feedback mechanism where any change in membrane potential is countered by permitting electrical current to flow into or out of the cell.,voltage clamp assay,OBI:0002182,https://anvilproject.github.io/acr-harmonized-data-model/EnumAssayType,EnumAssayType
Assay,assay_type,OBI:0002183,"The two electrode voltage clamp (TEVC) method utilizes two low-resistance pipettes, one sensing voltage and the other injecting current. The microelectrodes are filled with conductive solution and inserted into the cell to artificially control membrane potential. The membrane acts as a dielectric as well as a resistor, while the fluids on either side of the membrane function as capacitors.[9] The microelectrodes compare the membrane potential against a command voltage, giving an accurate reproduction of the currents flowing across the membrane. Current readings can be used to analyze the electrical response of the cell to different applications. This technique is mainly used in the Oocyte preparation.",two electrode voltage clamp assay,OBI:0002183,https://anvilproject.github.io/acr-harmonized-data-model/EnumAssayType,EnumAssayType
Assay,assay_type,OBI:0002184,"The cut-open oocyte Vaseline gap (COVG) voltage-clamp technique is designed to solve weaknesses in the two elextrode voltage clamp by maximizing the benefits of the Xenopus oocyte expression system by improving on clamp speed, signal-to-noise ratio, and ability to effectively perfuse the oocyte. In this way, it was possible to combine the most popular transient expression system, and the associated benefits of molecular cloning and site-directed mutagenesis, with the superior voltage-clamp properties of cut-open cell techniques.",cut open oocyte voltage clamp assay,OBI:0002184,https://anvilproject.github.io/acr-harmonized-data-model/EnumAssayType,EnumAssayType
Assay,assay_type,OBI:0002185,"The current clamp technique records the membrane potential by injecting current into a cell through the recording electrode. Unlike in the voltage clamp mode, where the membrane potential is held at a level determined by the experimenter, in ""current clamp"" mode the membrane potential is free to vary, and the amplifier records whatever voltage the cell generates on its own or as a result of stimulation. This technique is used to study how a cell responds when electric current enters a cell; this is important for instance for understanding how neurons respond to neurotransmitters that act by opening membrane ion channels.",current clamp assay,OBI:0002185,https://anvilproject.github.io/acr-harmonized-data-model/EnumAssayType,EnumAssayType
Assay,assay_type,OBI:0002186,An extracellular electrophysiology assay where electrodes are mounted outside the brain (either on the surface of the scalp on onto the brain surface itself during surgery) to measure the electrical field over the external surface.,electroencephalography,OBI:0002186,https://anvilproject.github.io/acr-harmonized-data-model/EnumAssayType,EnumAssayType
Assay,assay_type,OBI:0002187,"An extracellular electrophysiology assay where a single microelectrode is placed in close proximity to a single neuron to measure voltage and current changes over time. This is the technicque used by Hubel and Wiesel to measure firing properties of primary visual cortex neurons in the 1950s in their original Nobel-prize winning study. A classic, old technique.",single-unit recording,OBI:0002187,https://anvilproject.github.io/acr-harmonized-data-model/EnumAssayType,EnumAssayType
Assay,assay_type,OBI:0002188,An extracellular electrophysiology assay where a collection of microelectrodes (often in an 'array' configuration) is placed into neural tissue to measure the distribution of voltage and current changes for a population of cells over time.,multi-unit recording,OBI:0002188,https://anvilproject.github.io/acr-harmonized-data-model/EnumAssayType,EnumAssayType
Assay,assay_type,OBI:0002189,An extracellular electrophysiology assay where a microelectrode is placed in the extracellular space of brain tissue to measure action potential and compared to an electrode either outside or inside that tissue.,local field potential recording,OBI:0002189,https://anvilproject.github.io/acr-harmonized-data-model/EnumAssayType,EnumAssayType
Assay,assay_type,OBI:0002436,"An assay that identifies RNA binding proteins by cross-linking RNA and proteins with UV light, then purifying the bound complexes by oligo(dT) capture. Finally, the complexes are analyzed by mass spectrometry.",RNA interactome capture,OBI:0002436,https://anvilproject.github.io/acr-harmonized-data-model/EnumAssayType,EnumAssayType
Assay,assay_type,OBI:0002437,"A fluorescence microscopy technique where the specimen under investigation is fully bathed in light, as opposed to confocal microscopy in which only a small portion of the specimen is illuminated.",widefield microscopy assay,OBI:0002437,https://anvilproject.github.io/acr-harmonized-data-model/EnumAssayType,EnumAssayType
Assay,assay_type,OBI:0002438,An assay that detects the proximity of chromosomal DNA through the use of a ligation reaction in isolated nuclei.,nuclear ligation assay,OBI:0002438,https://anvilproject.github.io/acr-harmonized-data-model/EnumAssayType,EnumAssayType
Assay,assay_type,OBI:0002439,"A nuclear ligation assay that detects chromosomal interactions between any two genomic loci. Chromatin segments are cross-linked, cut by restriction enzymes, ligated, and finally analyzed by PCR.",chromosome conformation capture assay,OBI:0002439,https://anvilproject.github.io/acr-harmonized-data-model/EnumAssayType,EnumAssayType
Assay,assay_type,OBI:0002440,A chromosome conformation capture assay that detects genome-wide chromosomal interactions. High-throughput techniques are used to sequence the ligated fragments after cross-linking and cutting with restriction enzymes.,Hi-C assay,OBI:0002440,https://anvilproject.github.io/acr-harmonized-data-model/EnumAssayType,EnumAssayType
Assay,assay_type,OBI:0002441,"An assay that produces a description of the qualities of an organism that has not been transformed, through observation and physical, non-invasive techniques.",physical examination of an organism,OBI:0002441,https://anvilproject.github.io/acr-harmonized-data-model/EnumAssayType,EnumAssayType
Assay,assay_type,OBI:0002442,"A footprinting assay that uses the reaction of hydroxyl radicals with side-chain sites in molecules (proteins, DNA, etc)_ with the resultant mass shift demonstrating the site of modification, used to_ to asses the accessibility of that site.",hydroxyl-radical footprinting assay,OBI:0002442,https://anvilproject.github.io/acr-harmonized-data-model/EnumAssayType,EnumAssayType
Assay,assay_type,OBI:0002443,A footprinting assay that determines protein-binding sites on DNA by partial cleavage of ligand-protected DNA restriction fragments with methidium-propyl-EDTA (MPE). MPE-Fe(II) in the presence of oxygen efficiently catalyzes the non-specific clevage of DNA.,methidiumpropyl-EDTA-iron(II) footprinting assay,OBI:0002443,https://anvilproject.github.io/acr-harmonized-data-model/EnumAssayType,EnumAssayType
Assay,assay_type,OBI:0002445,"A transcription profiling assay in which the transcription start site for a gene is determined by identifying the 5' end of mRNA. A radio-labeled primer is annealed to a complementary mRNA sequence near the 3' end, then cDNA is synthesized until the 5' end is reached.",transcription start site mapping by primer extension assay,OBI:0002445,https://anvilproject.github.io/acr-harmonized-data-model/EnumAssayType,EnumAssayType
Assay,assay_type,OBI:0002449,A footprinting assay that detects the binding of an antigen with an antibody.,footprinting assay measuring binding of a B cell epitope:antibody complex,OBI:0002449,https://anvilproject.github.io/acr-harmonized-data-model/EnumAssayType,EnumAssayType
Assay,assay_type,OBI:0002450,A hydroxyl-radical footprinting assay that detects the binding of an antigen with an antibody.,hydroxyl-radical footprinting assay measuring binding of a B cell epitope:antibody complex,OBI:0002450,https://anvilproject.github.io/acr-harmonized-data-model/EnumAssayType,EnumAssayType
Assay,assay_type,OBI:0002451,An enzyme-linked immunosorbent assay that detects interferon-alpha production by T cells.,ELISA measuring epitope specific interferon-alpha production by T cells,OBI:0002451,https://anvilproject.github.io/acr-harmonized-data-model/EnumAssayType,EnumAssayType
Assay,assay_type,OBI:0002452,A T cell epitope specific cytokine production assay that detects interferon-alpha production by T cells.,assay measuring epitope specific interferon-alpha production by T cells,OBI:0002452,https://anvilproject.github.io/acr-harmonized-data-model/EnumAssayType,EnumAssayType
Assay,assay_type,OBI:0002457,"A transcription profiling by RNA sequencing assay that maps the genome-wide distribution of transcriptionally-engaged Pol II at base-pair resolution by using biotin-labeled ribonucleotide triphosphate analogs (biotin-NTP) for nuclear run-on reactions, allowing the efficient affinity purification of nascent RNAs for high throughput sequencing from their 3' ends.",precision nuclear run-on sequencing assay,OBI:0002457,https://anvilproject.github.io/acr-harmonized-data-model/EnumAssayType,EnumAssayType
Assay,assay_type,OBI:0002458,"A nuclear ligation assay which uses cross-linking of proteins to proteins and DNA, followed by two rounds of digestion and ligation, inverse PCR, and characterization by microarray or DNA sequencing. This enables unbiased genome-wide screens for DNA contacts made by single genomic sites of interest.",chromosome conformation capture-on-chip assay,OBI:0002458,https://anvilproject.github.io/acr-harmonized-data-model/EnumAssayType,EnumAssayType
Assay,assay_type,OBI:0002459,A genotyping assay in which carbon-copy chromosome conformation is used to detect polymorphism in DNA samples.,genotype phasing by Hi-C assay,OBI:0002459,https://anvilproject.github.io/acr-harmonized-data-model/EnumAssayType,EnumAssayType
Assay,assay_type,OBI:0002485,"A sequencing assay that incorporates single-end reads and sequencing technology to determine transcripts, gene structures, and gene expressions.",transcript analysis by single-end sequencing assay,OBI:0002485,https://anvilproject.github.io/acr-harmonized-data-model/EnumAssayType,EnumAssayType
Assay,assay_type,OBI:0002489,An organism detection assay that uses a differential medium to achieve its objective.,differential medium assay,OBI:0002489,https://anvilproject.github.io/acr-harmonized-data-model/EnumAssayType,EnumAssayType
Assay,assay_type,OBI:0002564,A histological assay that is intended to check for the presence or level of a specific disease.,histopathology assay,OBI:0002564,https://anvilproject.github.io/acr-harmonized-data-model/EnumAssayType,EnumAssayType
Assay,assay_type,OBI:0002571,A transcription profiling by RNA sequencing assay to study transcriptomes through the enrichment of polyadenylated transcripts or removal of ribosomal RNA prior to high-throughput sequencing.,polyA-selected RNA sequencing assay,OBI:0002571,https://anvilproject.github.io/acr-harmonized-data-model/EnumAssayType,EnumAssayType
Assay,assay_type,OBI:0002572,"A transcription profiling by RNA sequencing assay to study non-polyadenylated transcripts, such as, but not exclusive to unspliced and circular isoforms, through the depletion of polyadenylated transcripts prior to high-throughput sequencing.",polyA-depleted RNA sequencing assay,OBI:0002572,https://anvilproject.github.io/acr-harmonized-data-model/EnumAssayType,EnumAssayType
Assay,assay_type,OBI:0002575,A transcription profiling by RNA sequencing assay for sequencing isoforms by enriching a cDNA library for full-length reads spanning entire transcript isoforms.,isoform sequencing,OBI:0002575,https://anvilproject.github.io/acr-harmonized-data-model/EnumAssayType,EnumAssayType
Assay,assay_type,OBI:0002597,A chromosome conformation capture-on-chip assay quantitates the products with multiplexed high-throughput sequencing.,chromosome conformation capture sequencing assay,OBI:0002597,https://anvilproject.github.io/acr-harmonized-data-model/EnumAssayType,EnumAssayType
Assay,assay_type,OBI:0002621,An assay in which a cellular process is replicated from the bottom-up using isolated components in order to observe how the components work together.,reconstitution assay,OBI:0002621,https://anvilproject.github.io/acr-harmonized-data-model/EnumAssayType,EnumAssayType
Assay,assay_type,OBI:0002622,A reconstitution assay in which RNA synthesis is investigated using RNA polymerase II transcription systems replicated in vitro from their base components.,in vitro transcription reconstitution assay,OBI:0002622,https://anvilproject.github.io/acr-harmonized-data-model/EnumAssayType,EnumAssayType
Assay,assay_type,OBI:0002623,A DNA sequencing assay that intends to provide information on the DNA sequences of multiple genomes (a metagenome) from different organisms present in the same input sample.,whole metagenome sequencing assay,OBI:0002623,https://anvilproject.github.io/acr-harmonized-data-model/EnumAssayType,EnumAssayType
Assay,assay_type,OBI:0002628,A gene knockdown assay in which RNAi gene knockdown is used to disrupt gene transcripts.,RNAi knockdown assay,OBI:0002628,https://anvilproject.github.io/acr-harmonized-data-model/EnumAssayType,EnumAssayType
Assay,assay_type,OBI:0002629,"An assay to study transcription through direct RNA sequence determination, without prior conversion of RNA molecules to cDNA.",direct RNA sequencing assay,OBI:0002629,https://anvilproject.github.io/acr-harmonized-data-model/EnumAssayType,EnumAssayType
Assay,assay_type,OBI:0002631,A transcription profiling by RNA sequencing assay that uses as input RNA extracts that can be traced to a single cell of origin. These extracts may come from the entire cell or only a part of the cell such as the nucleus or the cytoplasm.,single-cell transcription profiling by RNA sequencing assay,OBI:0002631,https://anvilproject.github.io/acr-harmonized-data-model/EnumAssayType,EnumAssayType
Assay,assay_type,OBI:0002634,An efficacy of B cell epitope intervention experiment that uses a disease exacerbation in vivo intervention experiment after adoptive transfer of epitope specific antibodies or B cells.,in vivo assay measuring B cell epitope specific disease exacerbation resulting from the adoptive transfer of epitope specific antibodies or B cells,OBI:0002634,https://anvilproject.github.io/acr-harmonized-data-model/EnumAssayType,EnumAssayType
Assay,assay_type,OBI:0002635,An efficacy of T cell epitope intervention experiment that detects a decrease in disease after adoptive transfer of epitope specfic T cells.,in vivo assay measuring T cell epitope specific disease reduction resulting from the adoptive transfer of epitope specific T cells,OBI:0002635,https://anvilproject.github.io/acr-harmonized-data-model/EnumAssayType,EnumAssayType
Assay,assay_type,OBI:0002636,An efficacy of B cell epitope intervention experiment that detects a decrease in disease after adoptive transfer of epitope specific antibodies or B cells.,in vivo assay measuring B cell epitope specific disease reduction resulting from adoptive transfer of epitope specific antibodies or B cells,OBI:0002636,https://anvilproject.github.io/acr-harmonized-data-model/EnumAssayType,EnumAssayType
Assay,assay_type,OBI:0002637,An efficacy of T cell epitope intervention experiment that uses a epitope protection experiment after adoptive transfer of epitope specfic T cells.,in vivo assay measuring T cell epitope specific protection from challenge resulting from the adoptive transfer of epitope specific T cells,OBI:0002637,https://anvilproject.github.io/acr-harmonized-data-model/EnumAssayType,EnumAssayType
Assay,assay_type,OBI:0002638,An efficacy of B cell epitope intervention experiment that uses a epitope protection experiment after adoptive transfer of epitope specific antibodies or B cells.,in vivo assay measuring B cell epitope specific protection from challenge resulting from adoptive transfer of epitope specific antibodies or B cells,OBI:0002638,https://anvilproject.github.io/acr-harmonized-data-model/EnumAssayType,EnumAssayType
Assay,assay_type,OBI:0002639,An in vivo assay measuring T cell epitope specific protection from pathogen challenge resulting from the adoptive transfer of epitope specific antibodies or B cells using pathogen burden.,in vivo assay measuring T cell epitope specific protection from challenge resulting from the adoptive transfer of epitope specific T cells based on pathogen burden,OBI:0002639,https://anvilproject.github.io/acr-harmonized-data-model/EnumAssayType,EnumAssayType
Assay,assay_type,OBI:0002640,An in vivo assay measuring B cell epitope specific protection from pathogen challenge resulting from the adoptive transfer of epitope specific antibodies or B cells using pathogen burden.,in vivo assay measuring B cell epitope specific protection from challenge resulting from the adoptive transfer of epitope specific antibodies or B cells based on pathogen burden,OBI:0002640,https://anvilproject.github.io/acr-harmonized-data-model/EnumAssayType,EnumAssayType
Assay,assay_type,OBI:0002641,An in vivo assay measuring T cell epitope specific protection from other challenge resulting from the adoptive transfer of epitope specific T cells using survival.,in vivo assay measuring T cell epitope specific protection from other challenge resulting from the adoptive transfer of epitope specific T cells based on survival,OBI:0002641,https://anvilproject.github.io/acr-harmonized-data-model/EnumAssayType,EnumAssayType
Assay,assay_type,OBI:0002642,An in vivo assay measuring B cell epitope specific protection from other challenge resulting from the adoptive transfer of epitope specific antibodies or B cells using survival.,in vivo assay measuring B cell epitope specific protection from other challenge resulting from the adoptive transfer of epitope specific antibodies or B cells based on survival,OBI:0002642,https://anvilproject.github.io/acr-harmonized-data-model/EnumAssayType,EnumAssayType
Assay,assay_type,OBI:0002643,An in vivo assay measuring T cell epitope specific protection from tumor challenge resulting from the adoptive transfer of epitope specific T cells using tumor burden.,in vivo assay measuring T cell epitope specific protection from challenge resulting from the adoptive transfer of epitope specific T cells based on tumor burden,OBI:0002643,https://anvilproject.github.io/acr-harmonized-data-model/EnumAssayType,EnumAssayType
Assay,assay_type,OBI:0002644,An in vivo assay measuring B cell epitope specific protection from tumor challenge resulting from the adoptive transfer of epitope specific antibodies or B cells using tumor burden.,in vivo assay measuring B cell epitope specific protection from challenge resulting from the adoptive transfer of epitope specific antibodies or B cells based on tumor burden,OBI:0002644,https://anvilproject.github.io/acr-harmonized-data-model/EnumAssayType,EnumAssayType
Assay,assay_type,OBI:0002645,An efficacy of T cell epitope intervention experiment that uses a tolerance induction intervention experiment after adoptive transfer of epitope specfic T cells.,in vivo assay measuring T cell epitope specific tolerance induction resulting from the adoptive transfer of epitope specific T cells,OBI:0002645,https://anvilproject.github.io/acr-harmonized-data-model/EnumAssayType,EnumAssayType
Assay,assay_type,OBI:0002646,An efficacy of B cell epitope intervention experiment that uses a tolerance induction intervention experiment after adoptive transfer of epitope specific antibodies or B cells.,in vivo assay measuring B cell epitope specific tolerance induction resulting from the adoptive transfer of epitope specific antibodies or B cells,OBI:0002646,https://anvilproject.github.io/acr-harmonized-data-model/EnumAssayType,EnumAssayType
Assay,assay_type,OBI:0002647,An assay that uses a Giemsa stain to characterize cells.,Giemsa stain assay,OBI:0002647,https://anvilproject.github.io/acr-harmonized-data-model/EnumAssayType,EnumAssayType
Assay,assay_type,OBI:0002649,An organism detection assay that detects microorganisms in a blood specimen.,blood microbiology assay,OBI:0002649,https://anvilproject.github.io/acr-harmonized-data-model/EnumAssayType,EnumAssayType
Assay,assay_type,OBI:0002664,A cytometric bead array assay that detects interleukin-15 production by T cells.,cytometric bead array assay measuring epitope specific interleukin-15 production by T cells,OBI:0002664,https://anvilproject.github.io/acr-harmonized-data-model/EnumAssayType,EnumAssayType
Assay,assay_type,OBI:0002665,A cytometric bead array assay that detects interleukin-16 production by T cells.,cytometric bead array assay measuring epitope specific interleukin-16 production by T cells,OBI:0002665,https://anvilproject.github.io/acr-harmonized-data-model/EnumAssayType,EnumAssayType
Assay,assay_type,OBI:0002666,An efficacy of B cell epitope intervention experiment that detects a hypersensitivity response by monitoring skin reactions after adoptive transfer of epitope specific antibodies or B cells.,in vivo assay measuring B cell epitope specific induction of hypersensitivity resulting from the adoptive transfer of epitope specific antibodies or B cells,OBI:0002666,https://anvilproject.github.io/acr-harmonized-data-model/EnumAssayType,EnumAssayType
Assay,assay_type,OBI:0002667,An efficacy of T cell epitope intervention experiment that detects epitope specific type IV hypersensitivity after adoptive transfer of epitope specfic T cells.,in vivo skin test assay measuring T cell epitope specific type IV hypersensitivity resulting from the adoptive transfer of epitope specific T cells,OBI:0002667,https://anvilproject.github.io/acr-harmonized-data-model/EnumAssayType,EnumAssayType
Assay,assay_type,OBI:0002668,A T cell epitope specific proliferation assay that is performed in vivo after adoptive transfer of epitope specfic T cells.,in vivo assay measuring epitope specific proliferation of T cells resulting from the adoptive transfer of epitope specific T cells,OBI:0002668,https://anvilproject.github.io/acr-harmonized-data-model/EnumAssayType,EnumAssayType
Assay,assay_type,OBI:0002669,A T cell epitope specific helper activity assay that detects the ability of a T cell epitope to enhance an antibody response after adoptive transfer of epitope specfic T cells.,assay measuring epitope specific helper T cell enhancement of a B cell mediated immune response resulting from the adoptive transfer of epitope specific T cells,OBI:0002669,https://anvilproject.github.io/acr-harmonized-data-model/EnumAssayType,EnumAssayType
Assay,assay_type,OBI:0002670,A T cell epitope specific helper activity assay that detects the ability of a T cell epitope to enhance a T cell response after adoptive transfer of epitope specfic T cells.,assay measuring epitope specific helper T cell enhancement of a T cell mediated immune response resulting from the adoptive transfer of epitope specific T cells,OBI:0002670,https://anvilproject.github.io/acr-harmonized-data-model/EnumAssayType,EnumAssayType
Assay,assay_type,OBI:0002671,An in vivo cell killing assay that detects the killing of an antigen presenting cell (APC) by a T cell whose TCR recognizes an epitope presented by the APC after adoptive transfer of epitope specific T cells.,in vivo assay measuring epitope specific T cell killing resulting from the adoptive transfer of epitope specific T cells,OBI:0002671,https://anvilproject.github.io/acr-harmonized-data-model/EnumAssayType,EnumAssayType
Assay,assay_type,OBI:0002672,An enzyme-linked immunosorbent assay that detects epitope specific perforin release by T cells.,ELISA measuring epitope specific perforin release by T cells,OBI:0002672,https://anvilproject.github.io/acr-harmonized-data-model/EnumAssayType,EnumAssayType
Assay,assay_type,OBI:0002675,An assay in which multiplexing the construction and interrogation of larger libraries of reporter constructs allows measurement of the transcriptional regulatory activities of thousands to hundreds of thousands of DNA sequences.,massively parallel reporter assay,OBI:0002675,https://anvilproject.github.io/acr-harmonized-data-model/EnumAssayType,EnumAssayType
Assay,assay_type,OBI:0002676,An efficacy of T cell epitope intervention experiment that is performed after adoptive transfer of epitope specfic T cells.,in vivo assay measuring a T cell epitope specific response after adoptive transfer of epitope specific T cells,OBI:0002676,https://anvilproject.github.io/acr-harmonized-data-model/EnumAssayType,EnumAssayType
Assay,assay_type,OBI:0002677,An efficacy of B cell epitope intervention experiment that is performed after adoptive transfer of epitope specific antibodies or B cells.,in vivo assay measuring a B cell epitope specific response after adoptive transfer of epitope specific antibodies or B cells,OBI:0002677,https://anvilproject.github.io/acr-harmonized-data-model/EnumAssayType,EnumAssayType
Assay,assay_type,OBI:0002678,An efficacy of T cell epitope intervention experiment that uses a disease exacerbation in vivo intervention experiment after adoptive transfer of epitope specfic T cells.,in vivo assay measuring T cell epitope specific disease exacerbation resulting from the adoptive transfer of epitope specific T cells,OBI:0002678,https://anvilproject.github.io/acr-harmonized-data-model/EnumAssayType,EnumAssayType
Assay,assay_type,OBI:0002680,An assay that measures the entry in target cells of reporter viral particles that express an envelope protein of a different virus of interest.,pseudovirus entry assay,OBI:0002680,https://anvilproject.github.io/acr-harmonized-data-model/EnumAssayType,EnumAssayType
Assay,assay_type,OBI:0002692,An assay that uses polymerase chain reaction technique to amplify DNA.,polymerase chain reaction assay,OBI:0002692,https://anvilproject.github.io/acr-harmonized-data-model/EnumAssayType,EnumAssayType
Assay,assay_type,OBI:0002693,An assay that uses digestion of DNA with specific restriction enzymes followed by gel electropheresis to detect differences in the sizes of the generated fragments that are due to genetic differences (polymorphisms) in homologous sequences.,restriction fragment length polymorphism assay,OBI:0002693,https://anvilproject.github.io/acr-harmonized-data-model/EnumAssayType,EnumAssayType
Assay,assay_type,OBI:0002694,An assay to identify a specific individual organism from a DNA specimen by looking at unique patterns in their DNA.,DNA fingerprinting assay,OBI:0002694,https://anvilproject.github.io/acr-harmonized-data-model/EnumAssayType,EnumAssayType
Assay,assay_type,OBI:0002695,An assay that aims to detect the presence and/or frequency of resistance to insecticides in an organism or organism population.,insecticide resistance assay,OBI:0002695,https://anvilproject.github.io/acr-harmonized-data-model/EnumAssayType,EnumAssayType
Assay,assay_type,OBI:0002696,"An insecticide resistance assay that detects, in a population, presence and frequency of mutant alleles for previously characterized mutations with insecticide resistance phenotypes.",insecticide resistance by monitoring known mutations assay,OBI:0002696,https://anvilproject.github.io/acr-harmonized-data-model/EnumAssayType,EnumAssayType
Assay,assay_type,OBI:0002697,An insecticide resistance assay that is based on determination the catalytic activity of an enzyme associated with insecticide resistance phenotypes.,insecticide resistance by detecting enzyme activity assay,OBI:0002697,https://anvilproject.github.io/acr-harmonized-data-model/EnumAssayType,EnumAssayType
Assay,assay_type,OBI:0002698,An insecticide resistance assay that is typically conducted to measure the effects of a substance on a living organism.,insecticide resistance bioassay,OBI:0002698,https://anvilproject.github.io/acr-harmonized-data-model/EnumAssayType,EnumAssayType
Assay,assay_type,OBI:0002699,An insecticide resistance by detecting enzyme activity assay that measures activity of alpha esterase.,insecticide resistance by detecting alpha esterase activity assay,OBI:0002699,https://anvilproject.github.io/acr-harmonized-data-model/EnumAssayType,EnumAssayType
Assay,assay_type,OBI:0002700,An insecticide resistance by detecting enzyme activity assay that measures activity of beta esterase.,insecticide resistance by detecting beta esterase activity assay,OBI:0002700,https://anvilproject.github.io/acr-harmonized-data-model/EnumAssayType,EnumAssayType
Assay,assay_type,OBI:0002701,An insecticide resistance by detecting enzyme activity assay that measures activity of acetylcholinesterase.,insecticide resistance by detecting acetylcholinesterase activity assay,OBI:0002701,https://anvilproject.github.io/acr-harmonized-data-model/EnumAssayType,EnumAssayType
Assay,assay_type,OBI:0002702,An insecticide resistance by detecting enzyme activity assay that measures activity of glutathione S-transferase (GST).,insecticide resistance by detecting glutathione S-transferase activity assay,OBI:0002702,https://anvilproject.github.io/acr-harmonized-data-model/EnumAssayType,EnumAssayType
Assay,assay_type,OBI:0002703,An insecticide resistance by detecting enzyme activity assay that measures activity of carboxylic ester hydrolase using p-nitrophenyl acetate as a substrate.,insecticide resistance by detecting carboxylic ester hydrolase activity assay,OBI:0002703,https://anvilproject.github.io/acr-harmonized-data-model/EnumAssayType,EnumAssayType
Assay,assay_type,OBI:0002704,An insecticide resistance by detecting enzyme activity assay that measures whether mixed-function oxidase activity present.,insecticide resistance by detecting mixed-function oxidase assay,OBI:0002704,https://anvilproject.github.io/acr-harmonized-data-model/EnumAssayType,EnumAssayType
Assay,assay_type,OBI:0002705,An insecticide resistance bioassay without the use of any synergist.,direct insecticide resistance bioassay,OBI:0002705,https://anvilproject.github.io/acr-harmonized-data-model/EnumAssayType,EnumAssayType
Assay,assay_type,OBI:0002706,An insecticide resistance bioassay by adding insecticide directly to the thorax of the insect.,topical application insecticide resistance bioassay,OBI:0002706,https://anvilproject.github.io/acr-harmonized-data-model/EnumAssayType,EnumAssayType
Assay,assay_type,OBI:0002707,A direct insecticide resistance assay that at preset insecticide dosage scoring mortality to determine resistance of a population.,direct insecticide resistance diagnostic assay,OBI:0002707,https://anvilproject.github.io/acr-harmonized-data-model/EnumAssayType,EnumAssayType
Assay,assay_type,OBI:0002708,A direct insecticide resistance assay in which an insect population is exposed to a range of insecticide dosage scoring mortality to determine resistance.,insecticide resistance dose response assay,OBI:0002708,https://anvilproject.github.io/acr-harmonized-data-model/EnumAssayType,EnumAssayType
Assay,assay_type,OBI:0002709,A direct insecticide resistance assay to determine resistance as a consequence of the time of exposure to insecticide.,insecticide resistance time response assay,OBI:0002709,https://anvilproject.github.io/acr-harmonized-data-model/EnumAssayType,EnumAssayType
Assay,assay_type,OBI:0002710,A direct insecticide resistance diagnostic assay performs in a glass bottle coated with insecticides for detecting resistance to insecticides in vector populations.,Centre for Disease Control and Prevention bottle bioassay,OBI:0002710,https://anvilproject.github.io/acr-harmonized-data-model/EnumAssayType,EnumAssayType
Assay,assay_type,OBI:0002711,A direct insecticide resistance diagnostic assay uses WHO cone kit.,WHO cone kit diagnostic assay,OBI:0002711,https://anvilproject.github.io/acr-harmonized-data-model/EnumAssayType,EnumAssayType
Assay,assay_type,OBI:0002712,A direct insecticide resistance diagnostic assay uses WHO paper kit.,WHO paper kit diagnostic assay,OBI:0002712,https://anvilproject.github.io/acr-harmonized-data-model/EnumAssayType,EnumAssayType
Assay,assay_type,OBI:0002713,A direct insecticide resistance diagnostic assay tests survival of larvae in a medium supplemented with insecticide.,WHO larvicide diagnostic assay,OBI:0002713,https://anvilproject.github.io/acr-harmonized-data-model/EnumAssayType,EnumAssayType
Assay,assay_type,OBI:0002714,An insecticide resistance dose response assay that performs in a glass bottle coated with insecticides.,insecticide resistance dose response by bottle assay,OBI:0002714,https://anvilproject.github.io/acr-harmonized-data-model/EnumAssayType,EnumAssayType
Assay,assay_type,OBI:0002715,An insecticide resistance dose response assay that tests survival of larvae in a medium supplemented with insecticide.,insecticide resistance dose response by survival of larvae assay,OBI:0002715,https://anvilproject.github.io/acr-harmonized-data-model/EnumAssayType,EnumAssayType
Assay,assay_type,OBI:0002716,An insecticide resistance dose response assay using WHO paper kit.,insecticide resistance dose response by WHO paper kit assay,OBI:0002716,https://anvilproject.github.io/acr-harmonized-data-model/EnumAssayType,EnumAssayType
Assay,assay_type,OBI:0002717,"An insecticide resistance time response assay that is performed in a glass bottle coated with insecticides, with the presence of a synergist.",insecticide resistance time response by bottle assay,OBI:0002717,https://anvilproject.github.io/acr-harmonized-data-model/EnumAssayType,EnumAssayType
Assay,assay_type,OBI:0002718,"An insecticide resistance time response assay using WHO paper kit, with the presence of a synergist.",insecticide resistance time response by WHO paper kit assay,OBI:0002718,https://anvilproject.github.io/acr-harmonized-data-model/EnumAssayType,EnumAssayType
Assay,assay_type,OBI:0002719,An insecticide resistance by monitoring known mutations assay that detects any mutation involving single base changes or small deletions using amplification refractory mutation system (ARMS). The ARMS is based on the use of sequence-specific PCR primers that allow amplification of test DNA only when the target allele is contained within the sample. Following an ARMS reaction the presence or absence of a PCR product is diagnostic for the presence or absence of the target allele. It can be used to analyze human genomic DNA for one or more mutations.,insecticide resistance by amplification refractory mutation system assay,OBI:0002719,https://anvilproject.github.io/acr-harmonized-data-model/EnumAssayType,EnumAssayType
Assay,assay_type,OBI:0002720,An insecticide resistance by monitoring known mutations assay that detects Single Nucleotide Polymorphisms (SNPs) using PCR technique and mismatched primers that is close to the mutation of interest and digested the PCR productions using restriction enzymes.,insecticide resistance by primer introduced restriction analysis PCR assay,OBI:0002720,https://anvilproject.github.io/acr-harmonized-data-model/EnumAssayType,EnumAssayType
Assay,assay_type,OBI:0002721,An insecticide resistance by monitoring known mutations assay that detects gene mutation based on nested polymerase chain reaction technique.,insecticide resistance by nested polymerase chain reaction assay,OBI:0002721,https://anvilproject.github.io/acr-harmonized-data-model/EnumAssayType,EnumAssayType
Assay,assay_type,OBI:0002722,An insecticide resistance assay that is based on monitoring known mutations using ligase detection reaction exquisitely discriminate between a mismatched and complementary DNA helix.,insecticide resistance by ligase detection reaction assay,OBI:0002722,https://anvilproject.github.io/acr-harmonized-data-model/EnumAssayType,EnumAssayType
Assay,assay_type,OBI:0002723,An insecticide resistance by ligase detection reaction assay that uses fluorescently labeled conserved probes in ligase detection reaction.,insecticide resistance by ligase detection reaction-fluorescent microsphere assay,OBI:0002723,https://anvilproject.github.io/acr-harmonized-data-model/EnumAssayType,EnumAssayType
Assay,assay_type,OBI:0002724,An insecticide resistance assay that is based on monitoring known mutations by PCR amplification of specific alleles to detect polymorphic or mutant alleles.,insecticide resistance by PCR amplification of specific alleles assay,OBI:0002724,https://anvilproject.github.io/acr-harmonized-data-model/EnumAssayType,EnumAssayType
Assay,assay_type,OBI:0002725,An insecticide resistance assay that is based on monitoring known mutations by PCR technique that uses target specific probes labeled with fluorogenic chromophores to detect gene mutation.,insecticide resistance by fluorogenic PCR assay,OBI:0002725,https://anvilproject.github.io/acr-harmonized-data-model/EnumAssayType,EnumAssayType
Assay,assay_type,OBI:0002726,An insecticide resistance by monitoring known mutations assay based on restriction fragment length polymorphism assay.,insecticide resistance by PCR-RFLP assay,OBI:0002726,https://anvilproject.github.io/acr-harmonized-data-model/EnumAssayType,EnumAssayType
Assay,assay_type,OBI:0002727,An insecticide resistance assay that is based on monitoring known mutations by PCR amplification of short interspersed elements (SINEs).,insecticide resistance by short interspersed elements PCR assay,OBI:0002727,https://anvilproject.github.io/acr-harmonized-data-model/EnumAssayType,EnumAssayType
Assay,assay_type,OBI:0002728,An organism detection assay that detects pathogens.,pathogen detection assay,OBI:0002728,https://anvilproject.github.io/acr-harmonized-data-model/EnumAssayType,EnumAssayType
Assay,assay_type,OBI:0002729,A pathogen detection assay that identifies the presence or absence of specific peptide epitopes of circumsporozoite (CS) protein of the most important Plasmodium falciparum and two strains (variants 210 and 247) of the more widespread Plasmodium vivax using a dipstick wicking test strip.,VectorTest assay,OBI:0002729,https://anvilproject.github.io/acr-harmonized-data-model/EnumAssayType,EnumAssayType
Assay,assay_type,OBI:0002730,A pathogen detection assay that is based on Rapid Analyte Measurement Platform (RAMP) technology to quantify immunologically active substances.,pathogen detection by Rapid Analyte Measurement Platform assay,OBI:0002730,https://anvilproject.github.io/acr-harmonized-data-model/EnumAssayType,EnumAssayType
Assay,assay_type,OBI:0002731,A pathogen detection assay that is based on loop-mediated isothermal amplification.,pathogen detection by loop-mediated isothermal amplification assay,OBI:0002731,https://anvilproject.github.io/acr-harmonized-data-model/EnumAssayType,EnumAssayType
Assay,assay_type,OBI:0002732,"An assay that analyzes the specimen taken from blood meal fed organism, such as insect.",blood meal assay,OBI:0002732,https://anvilproject.github.io/acr-harmonized-data-model/EnumAssayType,EnumAssayType
Assay,assay_type,OBI:0002733,A blood meal assay that uses a counter current immunoelectrophoresis technique.,blood meal by counter current immunoelectrophoresis assay,OBI:0002733,https://anvilproject.github.io/acr-harmonized-data-model/EnumAssayType,EnumAssayType
Assay,assay_type,OBI:0002734,"A DNA fingerprinting assay that uses DNA extracted from blood meal fed organism, such as insect.",DNA based blood meal finger printing assay,OBI:0002734,https://anvilproject.github.io/acr-harmonized-data-model/EnumAssayType,EnumAssayType
Assay,assay_type,OBI:0002735,An organism detection assay that is based on the size of organism.,organism detection by size assay,OBI:0002735,https://anvilproject.github.io/acr-harmonized-data-model/EnumAssayType,EnumAssayType
Assay,assay_type,OBI:0002736,An organism detection assay that is based on genetic crossings between specimens collected in the field to determine whether fertile progeny is produced.,organism detection by cross mating assay,OBI:0002736,https://anvilproject.github.io/acr-harmonized-data-model/EnumAssayType,EnumAssayType
Assay,assay_type,OBI:0002737,An organism detection assay that is based on analysis of polytene chromosomes through cytological examination of the banding pattern of the species.,organism detection by cytological chromosome examination assay,OBI:0002737,https://anvilproject.github.io/acr-harmonized-data-model/EnumAssayType,EnumAssayType
Assay,assay_type,OBI:0002738,An organism detection assay that is based on electrophoresis to determine the isozymes that are present in a specific population to determine the species.,organism detection by isoenzyme electrophoresis assay,OBI:0002738,https://anvilproject.github.io/acr-harmonized-data-model/EnumAssayType,EnumAssayType
Assay,assay_type,OBI:0002739,An organism detection assay that is based on examination of morphology and the use of specific taxonomic keys to determine the species of the specimen.,organism detection by morphological examination assay,OBI:0002739,https://anvilproject.github.io/acr-harmonized-data-model/EnumAssayType,EnumAssayType
Assay,assay_type,OBI:0002740,An organism detection assay that is based on PCR.,organism detection by PCR assay,OBI:0002740,https://anvilproject.github.io/acr-harmonized-data-model/EnumAssayType,EnumAssayType
Assay,assay_type,OBI:0002741,An organism detection assay that is based on DNA hybrdization.,organism detection by specific DNA hybridization assay,OBI:0002741,https://anvilproject.github.io/acr-harmonized-data-model/EnumAssayType,EnumAssayType
Assay,assay_type,OBI:0002742,An organism detection assay of mosquito species that is on the basis of mosquito survival depending on the salt concentration in the water used to lay their eggs to differentiate between morphologically very similar species.,organism detection by salinity tolerance assay,OBI:0002742,https://anvilproject.github.io/acr-harmonized-data-model/EnumAssayType,EnumAssayType
Assay,assay_type,OBI:0002753,Precision nuclear run-on and sequencing to detect Pol II initiation sites,PRO-cap,OBI:0002753,https://anvilproject.github.io/acr-harmonized-data-model/EnumAssayType,EnumAssayType
Assay,assay_type,OBI:0002759,"A transcription profiling by RNA sequencing assay in which highly abundant ribosomal RNAs are removed from total RNA before sequencing, resulting in more efficient transcript/gene detection.",ribosomal RNA-depleted RNA sequencing assay,OBI:0002759,https://anvilproject.github.io/acr-harmonized-data-model/EnumAssayType,EnumAssayType
Assay,assay_type,OBI:0002760,A transcription profiling by RNA sequencing assay that determines the RNA sequence of microbial transcripts from a microbioal community of mixed species from a given microbiome.,metatranscriptome profiling assay,OBI:0002760,https://anvilproject.github.io/acr-harmonized-data-model/EnumAssayType,EnumAssayType
Assay,assay_type,OBI:0002761,An analyte assay assay that detects and identifies lipids resulting from biochemical and cellular metabolism.,lipid profiling assay,OBI:0002761,https://anvilproject.github.io/acr-harmonized-data-model/EnumAssayType,EnumAssayType
Assay,assay_type,OBI:0002762,"An ATAC-seq assay in which single nuclei are isolated from frozen tissue samples, through a protocol designed to maximally preserve nucleus integrity during sample processing and optimize transposase-mediated fragmentation of chromatin in individual nuclei.",single-nucleus ATAC-seq,OBI:0002762,https://anvilproject.github.io/acr-harmonized-data-model/EnumAssayType,EnumAssayType
Assay,assay_type,OBI:0002763,An amplicon sequencing assay in which the amplicon is derived from universal primers used to amplify the 16S ribosomal RNA gene from isolate bacterial genomic DNA or metagenomic DNA from a microbioal community. Resulting sequences are compared to reference 16S sequence databases to identify or classify bacteria present within a given sample.,16s ribosomal gene sequencing assay,OBI:0002763,https://anvilproject.github.io/acr-harmonized-data-model/EnumAssayType,EnumAssayType
Assay,assay_type,OBI:0002764,"An ATAC assay designed to robustly map the accessible genome of individual cells, using sequencing integrated into a programmable microfluidics platform, in order to provide insights into cell-to-cell variation in accessibility profiles.",single-cell ATAC-seq,OBI:0002764,https://anvilproject.github.io/acr-harmonized-data-model/EnumAssayType,EnumAssayType
Assay,assay_type,OBI:0002765,A protein expression profiling assay of microbial proteins extracted from a microbioal community of mixed species from a given microbiome.,microbiome protein expression profiling assay,OBI:0002765,https://anvilproject.github.io/acr-harmonized-data-model/EnumAssayType,EnumAssayType
Assay,assay_type,OBI:0002766,"An analyte assay to study presence, concentration, or amount of cytokines.",cytokine assay,OBI:0002766,https://anvilproject.github.io/acr-harmonized-data-model/EnumAssayType,EnumAssayType
Assay,assay_type,OBI:0002767,A sequencing assay in which a DNA or RNA input molecule is amplified by PCR and the product sequenced.,amplicon sequencing assay,OBI:0002767,https://anvilproject.github.io/acr-harmonized-data-model/EnumAssayType,EnumAssayType
Assay,assay_type,OBI:0002768,A whole metagenome sequencing assay that intends to provide information on multiple genome sequences from different viruses present in the same input sample.,whole virome sequencing assay,OBI:0002768,https://anvilproject.github.io/acr-harmonized-data-model/EnumAssayType,EnumAssayType
Assay,assay_type,OBI:0002773,"An assay that detects the linking of antigens and antibodies via special signaling mechanisms, such as EIA, ELISA, chemiluminescence, etc. that produces one measure (quantitative or qualitative) of the analyte of interest",single-value binding of antibody with reporter to antigen assay,OBI:0002773,https://anvilproject.github.io/acr-harmonized-data-model/EnumAssayType,EnumAssayType
Assay,assay_type,OBI:0002946,A type of cytometry assay in which fluorescent dyes are used to label and detect proteins or structures associated with molecular processes of apoptosis.,fluorescence imaging-based apoptosis assay,OBI:0002946,https://anvilproject.github.io/acr-harmonized-data-model/EnumAssayType,EnumAssayType
Assay,assay_type,OBI:0002947,A type of cell proliferation assay in which fluorescent dyes are ued to label and detect proteins or structures that can be used to count cells.,fluorescence imaging-based cell proliferation assay,OBI:0002947,https://anvilproject.github.io/acr-harmonized-data-model/EnumAssayType,EnumAssayType
Assay,assay_type,OBI:0002948,A type of cytometry assay in which fluorescent dyes are used to label and detect proteins or structures associated with particular cell cycle states.,fluorescence imaging-based cell cycle state assay,OBI:0002948,https://anvilproject.github.io/acr-harmonized-data-model/EnumAssayType,EnumAssayType
Assay,assay_type,OBI:0002949,A type of cytometry assay in which fluorescent dyes are used to label and detect proteins or structures associated with cell viability.,fluorescence imaging-based cell viability assay,OBI:0002949,https://anvilproject.github.io/acr-harmonized-data-model/EnumAssayType,EnumAssayType
Assay,assay_type,OBI:0002950,A type of cytometry assay in which fluorescent dyes are used to label and detect proteins or structures to determine if drugs applied to cells in combination have a greater effect together than the sum of their separate effects.,fluorescence imaging-based drug synergy assay,OBI:0002950,https://anvilproject.github.io/acr-harmonized-data-model/EnumAssayType,EnumAssayType
Assay,assay_type,OBI:0002951,A type of cytometry assay in which fluorescent dyes are used to label and detect proteins or structures in order to determine cell morphology.,fluorescence imaging-based cell morphology assay,OBI:0002951,https://anvilproject.github.io/acr-harmonized-data-model/EnumAssayType,EnumAssayType
Assay,assay_type,OBI:0002952,"A type of cytometry assay in which fluorescent dyes are used to stain seven major cellular components followed by automatic image capture and analysis which extracts shape, texture, and intensity parameters.",fluorescence imaging multiplex cytological profiling,OBI:0002952,https://anvilproject.github.io/acr-harmonized-data-model/EnumAssayType,EnumAssayType
Assay,assay_type,OBI:0002953,"A type of assay that measures the quantity and/or identity of proteins in their modficied and unmodified states where modifications include phosphorylation, methylation, acetylation, etc.",protein state assay,OBI:0002953,https://anvilproject.github.io/acr-harmonized-data-model/EnumAssayType,EnumAssayType
Assay,assay_type,OBI:0002954,A type of protein state assay that employs high-throughput microscopy to measure levels of proteins in different phosphorylation states.,fluorescence imaging-based protein phosphorylation state assay,OBI:0002954,https://anvilproject.github.io/acr-harmonized-data-model/EnumAssayType,EnumAssayType
Assay,assay_type,OBI:0002955,A type of protein state assay that employs mass spectrometry to measure levels of proteins in different phosphorylation states.,mass spectrometry-based protein state assay,OBI:0002955,https://anvilproject.github.io/acr-harmonized-data-model/EnumAssayType,EnumAssayType
Assay,assay_type,OBI:0002956,A type of mass spectrometry protein state assay that measures levels of a targeted set of proteins in different phosphorylation states in response to drug perturbations.,"targeted, drug-modulated, mass spectrometry-based protein phoshporylation-state assay",OBI:0002956,https://anvilproject.github.io/acr-harmonized-data-model/EnumAssayType,EnumAssayType
Assay,assay_type,OBI:0002957,A type of protein state assay where tissue or cell samples are lysed and then spotted onto a slide which is probed with antibodies specific to proteins with and without post-translational modifications.,reverse phase protein array profiling assay,OBI:0002957,https://anvilproject.github.io/acr-harmonized-data-model/EnumAssayType,EnumAssayType
Assay,assay_type,OBI:0002958,A type of mass spectrometry assay using a data-independent acquisition method to identify target peptides.,SWATH-MS protein profiling assay,OBI:0002958,https://anvilproject.github.io/acr-harmonized-data-model/EnumAssayType,EnumAssayType
Assay,assay_type,OBI:0002959,A type of tandem mass spectrometry where isotopomer labels are employed for accurate quantification and identification of specific proteins.,tandem mass tag mass spectrometry assay,OBI:0002959,https://anvilproject.github.io/acr-harmonized-data-model/EnumAssayType,EnumAssayType
Assay,assay_type,OBI:0002960,A type of reporter gene assay that employs fluorescence imaging to detect a reporter gene's expression.,fluorescence imaging-based reporter gene assay,OBI:0002960,https://anvilproject.github.io/acr-harmonized-data-model/EnumAssayType,EnumAssayType
Assay,assay_type,OBI:0002961,A type of epigenetic modification assay that employs targeted quantitative mass spectrometry to profile modifications of the core histones of chromatin.,global chromatin profiling by mass spectrometry assay,OBI:0002961,https://anvilproject.github.io/acr-harmonized-data-model/EnumAssayType,EnumAssayType
Assay,assay_type,OBI:0002962,A type of assay that identifies compounds that inhibit the activity of kinases.,kinase inhibitor assay,OBI:0002962,https://anvilproject.github.io/acr-harmonized-data-model/EnumAssayType,EnumAssayType
Assay,assay_type,OBI:0002963,"A type of proprietary kinase inhibitor assay that and employs a panel of kinases against which one can test compounds for their selectivity and potency in interactions with kinases, without the need to add ATP to the reactions.",KINOMEscan assay,OBI:0002963,https://anvilproject.github.io/acr-harmonized-data-model/EnumAssayType,EnumAssayType
Assay,assay_type,OBI:0002964,A type of proprietary in situ kinase inhibitor assay that employs biotinylated acyl phosphates of ATP and ADP.,KiNativ assay,OBI:0002964,https://anvilproject.github.io/acr-harmonized-data-model/EnumAssayType,EnumAssayType
Assay,assay_type,OBI:0002965,"A type of transcription profiling assay in which a set of landmark transcripts that have been determined to provide a comprehensive profile of cell activity, plus numerous steady-state controls, are assayed via ligation-mediated amplification followed by capture on fluorescently labeled microspheres followed by detection of fluorescence.",landmark transcript profiling assay,OBI:0002965,https://anvilproject.github.io/acr-harmonized-data-model/EnumAssayType,EnumAssayType
Assay,assay_type,OBI:0002966,"A type of cytometry assay where cells are incubated for three days with a standardized set of extracellular matrix proteins in combination with various ligands creating varying microenvironment perterbations for the cells. Immunofluorescent imaging of cells is used to measure features such as morphology, metabolism, cell cycle, and nuclear activity.",microenvironment microarray assay,OBI:0002966,https://anvilproject.github.io/acr-harmonized-data-model/EnumAssayType,EnumAssayType
Assay,assay_type,OBI:0002967,"A western blot assay that provides a high-throughput, sensitive, and quantitative measurement of proteins from numerous samples via an array of small western blots on a single sheet of nitrocellulose.",microwestern meso-scale quantitative western blot assay,OBI:0002967,https://anvilproject.github.io/acr-harmonized-data-model/EnumAssayType,EnumAssayType
Assay,assay_type,OBI:0002968,A type of metabolic profiling assay which employs a hybrid dual quadrupole linear ion trap mass spectrometer for steady-state profiling of endogenous polar metabolites from organic extractions from biological samples.,positive/negative ion switching metabolite profiling assay,OBI:0002968,https://anvilproject.github.io/acr-harmonized-data-model/EnumAssayType,EnumAssayType
Assay,assay_type,OBI:0002969,A type of microscopy assay resulting in highly multiplexed immunofluorescence imaging through sequential rounds of imaging followed by fluorophore inactivation.,cyclic immunofluoroescence assay,OBI:0002969,https://anvilproject.github.io/acr-harmonized-data-model/EnumAssayType,EnumAssayType
Assay,assay_type,OBI:0002970,A type of protein state assay in which antibodies attached to different colored beads and fluorescent reporter dye labels are used in a multiplexed mixture to assay for proteins in specific states.,multiplex bead-based protein state immunoassay,OBI:0002970,https://anvilproject.github.io/acr-harmonized-data-model/EnumAssayType,EnumAssayType
Assay,assay_type,OBI:0002984,A Hi-C assay in which a selection step is performed on ligated fragments in order to enrich for ligation products containing specific regions of interest.,capture Hi-C assay,OBI:0002984,https://anvilproject.github.io/acr-harmonized-data-model/EnumAssayType,EnumAssayType
Assay,assay_type,OBI:0002985,An imaging assay in which nuclear magnetic resonance is used to produce information about the interior structure and composition of an input material entity.,magnetic resonance imaging assay,OBI:0002985,https://anvilproject.github.io/acr-harmonized-data-model/EnumAssayType,EnumAssayType
Assay,assay_type,OBI:0002986,An imaging assay that uses a series of X-ray images to produce information about the interior structure and composition of an input material entity.,computed tomography imaging assay,OBI:0002986,https://anvilproject.github.io/acr-harmonized-data-model/EnumAssayType,EnumAssayType
Assay,assay_type,OBI:0002987,An imaging assay in which positron-emitting radionuclides are used to visualize functional processes of an input material entity.,positron emission tomography imaging assay,OBI:0002987,https://anvilproject.github.io/acr-harmonized-data-model/EnumAssayType,EnumAssayType
Assay,assay_type,OBI:0002990,A sequencing assay that determines the sequences of DNA or RNA molecules that encode the repertoire of T cell receptors within an input sample.,T cell receptor repertoire sequencing assay,OBI:0002990,https://anvilproject.github.io/acr-harmonized-data-model/EnumAssayType,EnumAssayType
Assay,assay_type,OBI:0002991,A sequencing assay that determines the sequence of a DNA or RNA molecules that encode the repertoire of B cell receptors within an input sample.,B cell receptor repertoire sequencing assay,OBI:0002991,https://anvilproject.github.io/acr-harmonized-data-model/EnumAssayType,EnumAssayType
Assay,assay_type,OBI:0003009,An assay that measures ferritin,ferritin assay,OBI:0003009,https://anvilproject.github.io/acr-harmonized-data-model/EnumAssayType,EnumAssayType
Assay,assay_type,OBI:0003010,An assay that measures fibrinogen,fibrinogen assay,OBI:0003010,https://anvilproject.github.io/acr-harmonized-data-model/EnumAssayType,EnumAssayType
Assay,assay_type,OBI:0003011,An analyte assay that measures the abundance of iron,iron assay,OBI:0003011,https://anvilproject.github.io/acr-harmonized-data-model/EnumAssayType,EnumAssayType
Assay,assay_type,OBI:0003012,An analyte assay that measures the abundance of ionized calcium,ionized calcium assay,OBI:0003012,https://anvilproject.github.io/acr-harmonized-data-model/EnumAssayType,EnumAssayType
Assay,assay_type,OBI:0003013,An analyte assay that measures the abundance of transferrin,transferrin assay,OBI:0003013,https://anvilproject.github.io/acr-harmonized-data-model/EnumAssayType,EnumAssayType
Assay,assay_type,OBI:0003014,An analyte assay that measures the abundance of uric acid,uric acid assay,OBI:0003014,https://anvilproject.github.io/acr-harmonized-data-model/EnumAssayType,EnumAssayType
Assay,assay_type,OBI:0003015,An analyte assay that measures the abundance of globulin,globulin assay,OBI:0003015,https://anvilproject.github.io/acr-harmonized-data-model/EnumAssayType,EnumAssayType
Assay,assay_type,OBI:0003016,A cytometry assay that measures the abundance and/or characteristics of myelocytes,myelocyte assay,OBI:0003016,https://anvilproject.github.io/acr-harmonized-data-model/EnumAssayType,EnumAssayType
Assay,assay_type,OBI:0003017,A cytometry assay that measures the abundance and/or characteristics of metamyelocytes,metamyelocyte assay,OBI:0003017,https://anvilproject.github.io/acr-harmonized-data-model/EnumAssayType,EnumAssayType
Assay,assay_type,OBI:0003018,A cytometry assay that measures the proportion of red blood cells,hematocrit assay,OBI:0003018,https://anvilproject.github.io/acr-harmonized-data-model/EnumAssayType,EnumAssayType
Assay,assay_type,OBI:0003019,A cytometry assay that measures the abundance and/or characteristics of promyelocytes,promyelocyte assay,OBI:0003019,https://anvilproject.github.io/acr-harmonized-data-model/EnumAssayType,EnumAssayType
Assay,assay_type,OBI:0003021,A cytometry assay that measures the abundance and/or characteristics of basophils,basophil assay,OBI:0003021,https://anvilproject.github.io/acr-harmonized-data-model/EnumAssayType,EnumAssayType
Assay,assay_type,OBI:0003022,A cytometry assay that measures the abundance and/or characteristics of neutrophils,neutrophil assay,OBI:0003022,https://anvilproject.github.io/acr-harmonized-data-model/EnumAssayType,EnumAssayType
Assay,assay_type,OBI:0003023,A cytometry assay that measures the abundance and/or characteristics of eosinophils,eosinophil assay,OBI:0003023,https://anvilproject.github.io/acr-harmonized-data-model/EnumAssayType,EnumAssayType
Assay,assay_type,OBI:0003024,A cytometry assay that measures the abundance and/or characteristics of lymphocytes,lymphocyte assay,OBI:0003024,https://anvilproject.github.io/acr-harmonized-data-model/EnumAssayType,EnumAssayType
Assay,assay_type,OBI:0003025,A cytometry assay that measures the abundance and/or characteristics of monocytes,monocyte assay,OBI:0003025,https://anvilproject.github.io/acr-harmonized-data-model/EnumAssayType,EnumAssayType
Assay,assay_type,OBI:0003026,A cytometry assay that measures the abundance and/or characteristics of reticulocytes,reticulocyte assay,OBI:0003026,https://anvilproject.github.io/acr-harmonized-data-model/EnumAssayType,EnumAssayType
Assay,assay_type,OBI:0003027,A cytometry assay that measures the abundance and/or characteristics of macrophages,macrophage assay,OBI:0003027,https://anvilproject.github.io/acr-harmonized-data-model/EnumAssayType,EnumAssayType
Assay,assay_type,OBI:0003028,A cytometry assay that measures the abundance and/or characteristics of platelets,platelet assay,OBI:0003028,https://anvilproject.github.io/acr-harmonized-data-model/EnumAssayType,EnumAssayType
Assay,assay_type,OBI:0003031,A polymerase chain reaction assay that uses target specific probes labeled with fluorogenic chromophores.,fluorogenic PCR assay,OBI:0003031,https://anvilproject.github.io/acr-harmonized-data-model/EnumAssayType,EnumAssayType
Assay,assay_type,OBI:0003032,A genotyping assay that uses polymerase chain reaction.,genotyping by PCR assay,OBI:0003032,https://anvilproject.github.io/acr-harmonized-data-model/EnumAssayType,EnumAssayType
Assay,assay_type,OBI:0003033,A type of DNA sequencing assay employing in situ chromatin profiling in which antibody-targeted controlled cleavage by micrococcal nuclease releases specific protein-DNA complexes into the the supernatant for sequencing.,cleavage under targets and release using nuclease assay,OBI:0003033,https://anvilproject.github.io/acr-harmonized-data-model/EnumAssayType,EnumAssayType
Assay,assay_type,OBI:0003034,"A type of DNA sequencing assay employing in situ chromatin profiling in which a chromatin protein is bound in situ by a specific antibody, which then tethers to a protein A-Tn5 hyperactive transposase fusion protein (pA-Tn5) loaded with sequence adapters. Activation of pA-Tn5 results in factor-targeted tagmentation, generating fragments ready for PCR enrichment and DNA sequencing.",cleavage under targets and tagmentation,OBI:0003034,https://anvilproject.github.io/acr-harmonized-data-model/EnumAssayType,EnumAssayType
Assay,assay_type,OBI:0003035,A physical examination of an organism that has the objective to determine the severity of coma in a patient.,coma severity assay,OBI:0003035,https://anvilproject.github.io/acr-harmonized-data-model/EnumAssayType,EnumAssayType
Assay,assay_type,OBI:0003036,An assay that detects Plasmodium gametocytes in a specimen.,Plasmodium gametocyte detection assay,OBI:0003036,https://anvilproject.github.io/acr-harmonized-data-model/EnumAssayType,EnumAssayType
Assay,assay_type,OBI:0003037,An assay that is quick and easy in the diagnosis of malaria by detecting evidence of malaria parasites (antigens) in human blood.,malaria rapid diagnosis assay,OBI:0003037,https://anvilproject.github.io/acr-harmonized-data-model/EnumAssayType,EnumAssayType
Assay,assay_type,OBI:0003038,An assay that detects parasite in a specimen.,parasite detection assay,OBI:0003038,https://anvilproject.github.io/acr-harmonized-data-model/EnumAssayType,EnumAssayType
Assay,assay_type,OBI:0003039,An organism detection assay that detects microorganisms in a feces specimen.,feces microbiology assay,OBI:0003039,https://anvilproject.github.io/acr-harmonized-data-model/EnumAssayType,EnumAssayType
Assay,assay_type,OBI:0003040,An assay that has a blood specimen as evaulant.,blood assay,OBI:0003040,https://anvilproject.github.io/acr-harmonized-data-model/EnumAssayType,EnumAssayType
Assay,assay_type,OBI:0003041,A parasite detection assay that can quickly establish the diagnosis of P. falciparum or P. vivax malaria infection by detecting the antigens in a person's blood.,falcivax rapid diagnostic test,OBI:0003041,https://anvilproject.github.io/acr-harmonized-data-model/EnumAssayType,EnumAssayType
Assay,assay_type,OBI:0003042,"A parasite detection assay that is rapid, sensitive, and able to differentiate between P. falciparum and other malaria parasites.",optimal-IT rapid diagnostic test,OBI:0003042,https://anvilproject.github.io/acr-harmonized-data-model/EnumAssayType,EnumAssayType
Assay,assay_type,OBI:0003043,An assay that has a urine specimen as evaluant.,urine assay,OBI:0003043,https://anvilproject.github.io/acr-harmonized-data-model/EnumAssayType,EnumAssayType
Assay,assay_type,OBI:0003044,A parasite detection by PCR assay that identifies the species of parasite.,parasite species identification by PCR assay,OBI:0003044,https://anvilproject.github.io/acr-harmonized-data-model/EnumAssayType,EnumAssayType
Assay,assay_type,OBI:0003045,A parasite detection assay that uses PCR.,parasite detection by PCR assay,OBI:0003045,https://anvilproject.github.io/acr-harmonized-data-model/EnumAssayType,EnumAssayType
Assay,assay_type,OBI:0003080,An assay that detects body temperature of an organism.,organismal body temperature measurement assay,OBI:0003080,https://anvilproject.github.io/acr-harmonized-data-model/EnumAssayType,EnumAssayType
Assay,assay_type,OBI:0003087,A fluorescence detection assay in which the light that is naturally emitted by a sample is visualized after excitation of the sample with light at a suitable wavelength.,autofluorescence assay,OBI:0003087,https://anvilproject.github.io/acr-harmonized-data-model/EnumAssayType,EnumAssayType
Assay,assay_type,OBI:0003088,An autofluorescence assay in which the light that is naturally emitted by a sample is visualized via microscopy after excitation of the sample with light at a suitable wavelength.,autofluorescence microscopy assay,OBI:0003088,https://anvilproject.github.io/acr-harmonized-data-model/EnumAssayType,EnumAssayType
Assay,assay_type,OBI:0003089,"An assay for transposase-accessible chromatin using sequencing in which the sample that is sequenced is derived from a collection of cells, such as a tissue sample or entire cell culture, and therefore provides results representative of the aggregate of sample cells.",bulk assay for transposase-accessible chromatin using sequencing,OBI:0003089,https://anvilproject.github.io/acr-harmonized-data-model/EnumAssayType,EnumAssayType
Assay,assay_type,OBI:0003090,"A transcription profiling by RNA sequencing assay in which the sample that is sequenced is derived from a collection of cells, such as a tissue sample or entire cell culture, and therefore provides results representative of the aggregate of sample cells.",bulk RNA-seq assay,OBI:0003090,https://anvilproject.github.io/acr-harmonized-data-model/EnumAssayType,EnumAssayType
Assay,assay_type,OBI:0003091,"An imaging assay in which multiple cycles consisting of fluorescent labeling, imaging, and fluorophor deactivation are used to detect multiple proteins and their locations in a given sample of tissues or cells.",multiplexed fluorescent antibody imaging assay,OBI:0003091,https://anvilproject.github.io/acr-harmonized-data-model/EnumAssayType,EnumAssayType
Assay,assay_type,OBI:0003092,"A multiplexed fluorescent antibody imaging assay that involves an iterative staining, imaging and dye inactivation workflow for over 60 biomarkers on a single fixed tissue section.",Cell DIVE multiplexed imaging assay,OBI:0003092,https://anvilproject.github.io/acr-harmonized-data-model/EnumAssayType,EnumAssayType
Assay,assay_type,OBI:0003093,A multiplexed fluorescent antibody imaging assay that involves a highly multiplexed analysis of up to 40 proteins in a tissue using cyclic detection of DNA-indexed antibody panels.,co-detection by indexing assay,OBI:0003093,https://anvilproject.github.io/acr-harmonized-data-model/EnumAssayType,EnumAssayType
Assay,assay_type,OBI:0003094,An in-situ hybridization assay in which fluorescently labeled molecules are used to localize specific DNA or RNA sequences.,fluorescence in-situ hybridization assay,OBI:0003094,https://anvilproject.github.io/acr-harmonized-data-model/EnumAssayType,EnumAssayType
Assay,assay_type,OBI:0003095,A fluorescence in-situ hybridization assay which involves multiplex in situ digital quantification of targeted RNA transcripts in fresh or frozen tissue providing an understanding of the spatial organization of different cell types.,decoding amplified targeted transcripts with fluorescence in situ hybridization assay,OBI:0003095,https://anvilproject.github.io/acr-harmonized-data-model/EnumAssayType,EnumAssayType
Assay,assay_type,OBI:0003096,A cytometry time of flight assay in which molecules of interest on or in cells are imaged through a system in which samples are labeled with multiple different rare-earth tagged antibodies. The sample is then ablated with a laser and the labeled material is detected by cytometry time of flight mass spectrometry.,imaging mass cytometry assay,OBI:0003096,https://anvilproject.github.io/acr-harmonized-data-model/EnumAssayType,EnumAssayType
Assay,assay_type,OBI:0003097,A mass spectrometry assay where a sample mixture is first separated by liquid chromatography before being converted into ions which are characterized by using mass spectrometry based on their mass-to-charge ratio and relative abundance.,liquid chromatography mass spectrometry assay,OBI:0003097,https://anvilproject.github.io/acr-harmonized-data-model/EnumAssayType,EnumAssayType
Assay,assay_type,OBI:0003098,A fluorescence microscopy that involves capturing of photons emitted by fluorophores excited with a thin sheet of laser light in a sample only in a relatively narrow plane by a detection objective oriented perpendicularly to the light sheet and imaged onto a detection device such as a CCD camera.,lightsheet fluorescence microscopy assay,OBI:0003098,https://anvilproject.github.io/acr-harmonized-data-model/EnumAssayType,EnumAssayType
Assay,assay_type,OBI:0003099,A mass spectrometry assay that involves collection of spatially resolved mass spectra of a sample during microscopy where a pulse laser is used to produce both ionisation and vaporization. The sample is held in a matrix (such as dihydrobenzoic acid) to protect it from direct laser illumination and to separate the sample molecules. The spectra are used to visualise the spatial distribution of biomolecules by their molecular masses.,matrix assisted laser desorption ionization imaging mass spectrometry assay,OBI:0003099,https://anvilproject.github.io/acr-harmonized-data-model/EnumAssayType,EnumAssayType
Assay,assay_type,OBI:0003100,"A cytometry time of flight assay in which molecules of interest on or in cells are imaged through a system in which samples are labeled with multiple different rare-earth tagged antibodies. A primary ion beam is ued to rasterize sections under vacuum, releasing showers of secondary ions detected by cytometry time of flight mass spectrometry.",multiplexed ion beam imaging assay,OBI:0003100,https://anvilproject.github.io/acr-harmonized-data-model/EnumAssayType,EnumAssayType
Assay,assay_type,OBI:0003101,"A mass spectrometry assay that analyzes organic and biological molecules on a substrate by desorption of an analyte into a solvent bridge formed between two capillaries and the analysis surface. One capillary supplies solvent to create and maintain the bridge, while the second capillary transports the dissolved analyte from the bridge to the mass spectrometer. A high voltage applied between the inlet of mass spectrometer and the primary capillary creates a self-aspirating nanospray.",nanospray desorption electrospray ionization assay,OBI:0003101,https://anvilproject.github.io/acr-harmonized-data-model/EnumAssayType,EnumAssayType
Assay,assay_type,OBI:0003102,"A protein expression profiling assay in which proteomics sample processing is performed in nanoliter volumes. Flow cytometry or laser microdissection is employed to isolate a small population or single cells into a nanoPOTS chip. Then, liquid chromatography mass spectrometry is used to measure the global protein expression.",nanodroplet processing in one pot for trace samples assay,OBI:0003102,https://anvilproject.github.io/acr-harmonized-data-model/EnumAssayType,EnumAssayType
Assay,assay_type,OBI:0003103,"A histological assay which is used on tissue samples to demonstrate the presence of carbohydrates and carbohydrate compounds such as polysaccharides, mucin, glycogen, or fungal cell wall components.",periodic acid-Schiff staining assay,OBI:0003103,https://anvilproject.github.io/acr-harmonized-data-model/EnumAssayType,EnumAssayType
Assay,assay_type,OBI:0003104,An assay for transposase-accessible chromatin that uses sequencing which involves single cell combinatorial indexing ('sci-') strategy where nucleic acids from each of many cells are uniquely tagged through several rounds of split-pool barcoding which enables identification of single cells without single cell isolation.,single cell combinatorial indexing assay for transposase-accessessable chromatin using sequencing,OBI:0003104,https://anvilproject.github.io/acr-harmonized-data-model/EnumAssayType,EnumAssayType
Assay,assay_type,OBI:0003105,A single-cell transcription profiling by RNA sequencing assay that involves single cell combinatorial indexing ('sci-') strategy to profile the transcriptomes of single cells or nuclei without single cell isolation.,single-cell combinatorial indexing RNA sequencing assay,OBI:0003105,https://anvilproject.github.io/acr-harmonized-data-model/EnumAssayType,EnumAssayType
Assay,assay_type,OBI:0003106,"A fluorescence in-situ hybridization assay that involves ultra-resolution imaging of cell activity by targetting thousands of single molecules with fluorescent probes which find and hybridize with complementary DNA or RNA sequences in the tissue sample, thus enabling identification of those molecules directly in single cells with their spatial context preserved.",sequential fluorescence in-situ hybridization assay,OBI:0003106,https://anvilproject.github.io/acr-harmonized-data-model/EnumAssayType,EnumAssayType
Assay,assay_type,OBI:0003107,"A transcription profiling by RNA sequencing assay that involves transfer of RNA from tissue sections onto a surface covered in DNA-barcoded beads with known positions, allowing the locations of the RNA to be inferred by sequencing.",slide-seq assay,OBI:0003107,https://anvilproject.github.io/acr-harmonized-data-model/EnumAssayType,EnumAssayType
Assay,assay_type,OBI:0003108,An assay that involves joint profiling of accessible chromatin and RNA within the same cells which enables direct matching of transcriptional regulation to its outputs.,single-nucleus chromatin accessibility and mRNA expression sequencing assay,OBI:0003108,https://anvilproject.github.io/acr-harmonized-data-model/EnumAssayType,EnumAssayType
Assay,assay_type,OBI:0003110,A mass spectrometry assay combining mass spectrometry and gas chromatography for the qualitative as well as quantitative determination of compounds.,gas chromatography mass spectrometry assay,OBI:0003110,https://anvilproject.github.io/acr-harmonized-data-model/EnumAssayType,EnumAssayType
Assay,assay_type,OBI:0003111,An analyte assay that uses aptamers to detect protein analytes in serum.,SOMAscan assay,OBI:0003111,https://anvilproject.github.io/acr-harmonized-data-model/EnumAssayType,EnumAssayType
Assay,assay_type,OBI:0003112,"A proximity extension assay that uses quantitative polymerase chain reaction (qPCR) technology to determine the concentration/presence of proteins using a high-multiplex, high-throughput protein biomarker platform. The assay utilizes two distinct oligonucleotide-labeled antibodies (‘probes’) that bind at different sites for each detected protein. When the two probes are in close proximity, a new PCR target sequence is formed by a proximity-dependent DNA polymerization event. The resulting sequence is subsequently detected and quantified using standard real-time PCR.",Olink assay,OBI:0003112,https://anvilproject.github.io/acr-harmonized-data-model/EnumAssayType,EnumAssayType
Assay,assay_type,OBI:0003113,An analyte assay that uses quantitative polymerase chain reaction (qPCR) technology to determine the concentration/presence of an analyte or analyte complex.,proximity extension assay,OBI:0003113,https://anvilproject.github.io/acr-harmonized-data-model/EnumAssayType,EnumAssayType
Assay,assay_type,OBI:0003115,A cytometric bead array assay in which a series of beads are coated with antibodies specific to antigens of interest. Antigens of interest attach to antibodies on the beads. Fluorescent labeled secondary antibodies are used to detect the antigens of interest.,antigen detection by cytometric bead array assay,OBI:0003115,https://anvilproject.github.io/acr-harmonized-data-model/EnumAssayType,EnumAssayType
Assay,assay_type,OBI:0003116,A cytometric bead array assay that detects antigen-specific antibodies. In the assay a series of beads are coated with antigens which capture antibodies specific to the antigens. Fluorescent labeled secondary antibodies are used to detect the antibodies of interest.,antibody detection by cytometric bead array assay,OBI:0003116,https://anvilproject.github.io/acr-harmonized-data-model/EnumAssayType,EnumAssayType
Assay,assay_type,OBI:0003117,An assay that determines the 3-dimensional configuration of a molecular entity or molecular complex.,3D molecular structure determination assay,OBI:0003117,https://anvilproject.github.io/acr-harmonized-data-model/EnumAssayType,EnumAssayType
Assay,assay_type,OBI:0003118,A 3D molecular structure determination assay that uses electron microscopy imaging.,electron-microscopy 3D molecular structure determination assay,OBI:0003118,https://anvilproject.github.io/acr-harmonized-data-model/EnumAssayType,EnumAssayType
Assay,assay_type,OBI:0003122,A 3D structure determination assay that determines the 3-dimensional configuration of a cell.,3D cell structure determination assay,OBI:0003122,https://anvilproject.github.io/acr-harmonized-data-model/EnumAssayType,EnumAssayType
Assay,assay_type,OBI:0003123,A 3D cell structure determination assay that determines the 3-dimensional configuration of a neural cell.,3D neural cell structure determination assay,OBI:0003123,https://anvilproject.github.io/acr-harmonized-data-model/EnumAssayType,EnumAssayType
Assay,assay_type,OBI:0003124,A 3D neural cell structure determination assay that determines the 3-dimensional configuration of a neuron.,neuron morphology assay,OBI:0003124,https://anvilproject.github.io/acr-harmonized-data-model/EnumAssayType,EnumAssayType
Assay,assay_type,OBI:0003125,A 3D neural cell structure determination assay where sparse and stochastic methods are used to label genetically-defined neurons.,mosaicism with repeat frameshift genetic sparse labeling,OBI:0003125,https://anvilproject.github.io/acr-harmonized-data-model/EnumAssayType,EnumAssayType
Assay,assay_type,OBI:0003126,"A neuron morphology assay where the morphology or structure of a neuron is represented. Often, this assay is a combination of different assays (sparse labelling, fluorescent labeling, fMOST).",neuron morphology reconstruction assay,OBI:0003126,https://anvilproject.github.io/acr-harmonized-data-model/EnumAssayType,EnumAssayType
Assay,assay_type,OBI:0003127,"An immune epitope assay that characterizes the structrue of an antibody-epitope complex, or measures the binding of an antibody receptor to epitope, or the immune response process resulting from such a binding event or the recognition of the epitope.",B cell epitope assay,OBI:0003127,https://anvilproject.github.io/acr-harmonized-data-model/EnumAssayType,EnumAssayType
Assay,assay_type,OBI:0003128,"An immune epitope assay that characterizes the structrue of an epitope-T cell receptor complex, or measures the binding of a T cell receptor to epitope, or the immune response process resulting from such a binding event or the recognition of the epitope.",T cell epitope assay,OBI:0003128,https://anvilproject.github.io/acr-harmonized-data-model/EnumAssayType,EnumAssayType
Assay,assay_type,OBI:0003145,"An assay that detects the binding of a MHC molecule with a ligand, and produces a quantitative measurement of the binding as an output.",assay measuring quantitative binding of a MHC:ligand complex,OBI:0003145,https://anvilproject.github.io/acr-harmonized-data-model/EnumAssayType,EnumAssayType
Assay,assay_type,OBI:0003146,"An assay that detects the binding of an antigen with an antibody, and produces a quantitative measurement of the binding as an output.",assay measuring quantitative binding of an antigen:antibody complex,OBI:0003146,https://anvilproject.github.io/acr-harmonized-data-model/EnumAssayType,EnumAssayType
Assay,assay_type,OBI:0003147,"An assay that detects the binding of a MHC:epitope complex with a T cell receptor, and produces a quantitative measurement of the binding as an output.",assay measuring quantitative binding of an epitope:MHC:TCR complex,OBI:0003147,https://anvilproject.github.io/acr-harmonized-data-model/EnumAssayType,EnumAssayType
Assay,assay_type,OBI:0003148,An albumin assay that measures the concentration of albumin in a specimen.,albumin concentration assay,OBI:0003148,https://anvilproject.github.io/acr-harmonized-data-model/EnumAssayType,EnumAssayType
Assay,assay_type,OBI:0003149,A basophil assay that measures the percentage of basophils in a specimen.,basophil percentage assay,OBI:0003149,https://anvilproject.github.io/acr-harmonized-data-model/EnumAssayType,EnumAssayType
Assay,assay_type,OBI:0003150,A calcium cation assay that measures the concentration of calcium cations in a specimen.,calcium cation concentration assay,OBI:0003150,https://anvilproject.github.io/acr-harmonized-data-model/EnumAssayType,EnumAssayType
Assay,assay_type,OBI:0003151,A chloride assay that measures the concentration of chloride in a specimen.,chloride concentration assay,OBI:0003151,https://anvilproject.github.io/acr-harmonized-data-model/EnumAssayType,EnumAssayType
Assay,assay_type,OBI:0003152,A cholesterol assay that measures the concentration of cholesterol in a specimen.,cholesterol concentration assay,OBI:0003152,https://anvilproject.github.io/acr-harmonized-data-model/EnumAssayType,EnumAssayType
Assay,assay_type,OBI:0003153,A creatinine assay that measures the concentration of creatinine in a specimen.,creatinine concentration assay,OBI:0003153,https://anvilproject.github.io/acr-harmonized-data-model/EnumAssayType,EnumAssayType
Assay,assay_type,OBI:0003154,An eosinophil assay that measures the percentage of eosinophils in a specimen.,eosinophil percentage assay,OBI:0003154,https://anvilproject.github.io/acr-harmonized-data-model/EnumAssayType,EnumAssayType
Assay,assay_type,OBI:0003155,A globulin assay that measures the concentration of globulin in a specimen.,globulin concentration assay,OBI:0003155,https://anvilproject.github.io/acr-harmonized-data-model/EnumAssayType,EnumAssayType
Assay,assay_type,OBI:0003156,A hemoglobin assay that measures the amount of hemoglobin in a specimen.,hemoglobin concentration assay,OBI:0003156,https://anvilproject.github.io/acr-harmonized-data-model/EnumAssayType,EnumAssayType
Assay,assay_type,OBI:0003157,A high-density lipoprotein cholesterol assay that measures the concentration of high-density lipoprotein cholesterol in a specimen.,high-density lipoprotein cholesterol concentration assay,OBI:0003157,https://anvilproject.github.io/acr-harmonized-data-model/EnumAssayType,EnumAssayType
Assay,assay_type,OBI:0003158,An iron assay that measures the concentration of iron cation in a specimen.,iron concentration assay,OBI:0003158,https://anvilproject.github.io/acr-harmonized-data-model/EnumAssayType,EnumAssayType
Assay,assay_type,OBI:0003159,A low-density lipoprotein cholesterol assay that measures the concentration of low-density lipoprotein cholesterol in a specimen.,low-density lipoprotein cholesterol concentration assay,OBI:0003159,https://anvilproject.github.io/acr-harmonized-data-model/EnumAssayType,EnumAssayType
Assay,assay_type,OBI:0003160,A lymphocyte assay that measures the percentage of lymphocytes in a specimen.,lymphocyte percentage assay,OBI:0003160,https://anvilproject.github.io/acr-harmonized-data-model/EnumAssayType,EnumAssayType
Assay,assay_type,OBI:0003161,A metamyelocyte assay that measures the number of metamyelocytes in a specimen.,metamyelocyte count assay,OBI:0003161,https://anvilproject.github.io/acr-harmonized-data-model/EnumAssayType,EnumAssayType
Assay,assay_type,OBI:0003162,A metamyelocyte assay that measures the percentage of metamyelocytes in a specimen.,metamyelocyte percentage assay,OBI:0003162,https://anvilproject.github.io/acr-harmonized-data-model/EnumAssayType,EnumAssayType
Assay,assay_type,OBI:0003163,A methemoglobin assay that measures the percentage of methemoglobin in a specimen.,methemoglobin percentage assay,OBI:0003163,https://anvilproject.github.io/acr-harmonized-data-model/EnumAssayType,EnumAssayType
Assay,assay_type,OBI:0003164,A monocyte assay that measures the percentage of monocytes in a specimen.,monocyte percentage assay,OBI:0003164,https://anvilproject.github.io/acr-harmonized-data-model/EnumAssayType,EnumAssayType
Assay,assay_type,OBI:0003165,A myelocyte assay that measures the number of myelocytes in a specimen.,myelocyte count assay,OBI:0003165,https://anvilproject.github.io/acr-harmonized-data-model/EnumAssayType,EnumAssayType
Assay,assay_type,OBI:0003166,A neutrophil assay that measures the percentage of neutrophils in a specimen.,neutrophil percentage assay,OBI:0003166,https://anvilproject.github.io/acr-harmonized-data-model/EnumAssayType,EnumAssayType
Assay,assay_type,OBI:0003167,A phosphate ion assay that measures the concentration of phosphate ions in a specimen.,phosphate ion concentration assay,OBI:0003167,https://anvilproject.github.io/acr-harmonized-data-model/EnumAssayType,EnumAssayType
Assay,assay_type,OBI:0003168,A potassium(1+) assay that measures the concentration of potassium(1+) in a specimen.,potassium(1+) concentration assay,OBI:0003168,https://anvilproject.github.io/acr-harmonized-data-model/EnumAssayType,EnumAssayType
Assay,assay_type,OBI:0003170,A reticulocyte assay that measures the percentage of reticulocytes in a specimen.,reticulocyte percentage assay,OBI:0003170,https://anvilproject.github.io/acr-harmonized-data-model/EnumAssayType,EnumAssayType
Assay,assay_type,OBI:0003171,A sodium(1+) assay that measures the concentration of sodium(1+) in a specimen.,sodium(1+) concentration assay,OBI:0003171,https://anvilproject.github.io/acr-harmonized-data-model/EnumAssayType,EnumAssayType
Assay,assay_type,OBI:0003172,A thyroid stimulating hormone assay that measures the concentration of thyroid stimulating hormone in a specimen.,thyroid stimulating hormone concentration assay,OBI:0003172,https://anvilproject.github.io/acr-harmonized-data-model/EnumAssayType,EnumAssayType
Assay,assay_type,OBI:0003173,A triglyceride assay that measures the concentration of triglycerides in a specimen.,triglyceride concentration assay,OBI:0003173,https://anvilproject.github.io/acr-harmonized-data-model/EnumAssayType,EnumAssayType
Assay,assay_type,OBI:0003174,"A 3,3',5'-triiodothyronine assay that measures the concentration of 3,3',5'-triiodothyronine in a specimen.","3,3',5'-triiodothyronine concentration assay",OBI:0003174,https://anvilproject.github.io/acr-harmonized-data-model/EnumAssayType,EnumAssayType
Assay,assay_type,OBI:0003175,A fibrinogen assay that measures the concentration of fibrinogen in a specimen.,fibrinogen concentration assay,OBI:0003175,https://anvilproject.github.io/acr-harmonized-data-model/EnumAssayType,EnumAssayType
Assay,assay_type,OBI:0003176,A thyroxine assay that measures the concentration of free thyroxine in a specimen.,free thyroxine concentration assay,OBI:0003176,https://anvilproject.github.io/acr-harmonized-data-model/EnumAssayType,EnumAssayType
Assay,assay_type,OBI:0003177,A thyroxine assay that measures the concentration of total thyroxine in a specimen.,total thyroxine concentration assay,OBI:0003177,https://anvilproject.github.io/acr-harmonized-data-model/EnumAssayType,EnumAssayType
Assay,assay_type,OBI:0003180,A bilirubin IXalpha assay that measures the concentration of direct bilirubin in a specimen.,direct bilirubin concentration assay,OBI:0003180,https://anvilproject.github.io/acr-harmonized-data-model/EnumAssayType,EnumAssayType
Assay,assay_type,OBI:0003181,A bilirubin IXalpha assay that measures the concentration of indirect bilirubin in a specimen.,indirect bilirubin concentration assay,OBI:0003181,https://anvilproject.github.io/acr-harmonized-data-model/EnumAssayType,EnumAssayType
Assay,assay_type,OBI:0003182,A bilirubin IXalpha assay that measures the concentration of total bilirubin in a specimen.,total bilirubin concentration assay,OBI:0003182,https://anvilproject.github.io/acr-harmonized-data-model/EnumAssayType,EnumAssayType
Assay,assay_type,OBI:0003183,A hemoglobin assay that measures the average concentration of hemoglobin in a population of erythrocytes.,mean cell hemoglobin assay,OBI:0003183,https://anvilproject.github.io/acr-harmonized-data-model/EnumAssayType,EnumAssayType
Assay,assay_type,OBI:0003184,A hemoglobin assay that measures the concentration of hemoglobin in a specimen.,mean cell hemoglobin concentration assay,OBI:0003184,https://anvilproject.github.io/acr-harmonized-data-model/EnumAssayType,EnumAssayType
Assay,assay_type,OBI:0003185,A platelet assay that measures the average volume of platelets in a specimen.,mean platelet volume assay,OBI:0003185,https://anvilproject.github.io/acr-harmonized-data-model/EnumAssayType,EnumAssayType
Assay,assay_type,OBI:0003186,A neutrophil assay that measures the number of immature neutrophils in a specimen.,immature neutrophil count assay,OBI:0003186,https://anvilproject.github.io/acr-harmonized-data-model/EnumAssayType,EnumAssayType
Assay,assay_type,OBI:0003187,An neutrophil assay that measures the percentage of immature neutrophils in a specimen.,immature neutrophil percentage assay,OBI:0003187,https://anvilproject.github.io/acr-harmonized-data-model/EnumAssayType,EnumAssayType
Assay,assay_type,OBI:0003188,An erythrocyte assay that measures the percentage of nucleated erythrocytes in a specimen.,nucleated erythrocyte percentage assay,OBI:0003188,https://anvilproject.github.io/acr-harmonized-data-model/EnumAssayType,EnumAssayType
Assay,assay_type,OBI:0003189,An erythrocyte assay that measures the average volume of erythrocytes in a specimen.,mean cell volume assay,OBI:0003189,https://anvilproject.github.io/acr-harmonized-data-model/EnumAssayType,EnumAssayType
Assay,assay_type,OBI:0003190,A cytometry assay that measures the abundance and/or characteristics of erythrocytes.,erythrocyte assay,OBI:0003190,https://anvilproject.github.io/acr-harmonized-data-model/EnumAssayType,EnumAssayType
Assay,assay_type,OBI:0003191,A hematocrit assay that measures the percentage of erythrocytes in a specimen by manual processes.,manual hematocrit assay,OBI:0003191,https://anvilproject.github.io/acr-harmonized-data-model/EnumAssayType,EnumAssayType
Assay,assay_type,OBI:0003192,An analyte assay that measures the abundance of adiponectin,adiponectin assay,OBI:0003192,https://anvilproject.github.io/acr-harmonized-data-model/EnumAssayType,EnumAssayType
Assay,assay_type,OBI:0003193,An adiponectin assay that measures the concentration of adiponectin in a specimen.,adiponectin concentration assay,OBI:0003193,https://anvilproject.github.io/acr-harmonized-data-model/EnumAssayType,EnumAssayType
Assay,assay_type,OBI:0003194,An analyte assay that measures the abundance of creatine,creatine assay,OBI:0003194,https://anvilproject.github.io/acr-harmonized-data-model/EnumAssayType,EnumAssayType
Assay,assay_type,OBI:0003195,A creatine assay that measures the concentration of creatine in a specimen.,creatine concentration assay,OBI:0003195,https://anvilproject.github.io/acr-harmonized-data-model/EnumAssayType,EnumAssayType
Assay,assay_type,OBI:0003196,An analyte assay that measures the abundance of estradiol,estradiol assay,OBI:0003196,https://anvilproject.github.io/acr-harmonized-data-model/EnumAssayType,EnumAssayType
Assay,assay_type,OBI:0003197,An estradiol assay that measures the concentration of estradiol in a specimen.,estradiol concentration assay,OBI:0003197,https://anvilproject.github.io/acr-harmonized-data-model/EnumAssayType,EnumAssayType
Assay,assay_type,OBI:0003202,An analyte assay that measures the abundance of leptin,leptin assay,OBI:0003202,https://anvilproject.github.io/acr-harmonized-data-model/EnumAssayType,EnumAssayType
Assay,assay_type,OBI:0003203,An leptin assay that measures the concentration of leptin in a specimen.,leptin concentration assay,OBI:0003203,https://anvilproject.github.io/acr-harmonized-data-model/EnumAssayType,EnumAssayType
Assay,assay_type,OBI:0003204,An analyte assay that measures the abundance of lipoprotein,lipoprotein concentration assay,OBI:0003204,https://anvilproject.github.io/acr-harmonized-data-model/EnumAssayType,EnumAssayType
Assay,assay_type,OBI:0003205,A lipoprotein concentration assay that measures the concentration of high-density lipoprotein in a specimen.,high-density lipoprotein concentration assay,OBI:0003205,https://anvilproject.github.io/acr-harmonized-data-model/EnumAssayType,EnumAssayType
Assay,assay_type,OBI:0003206,A lipoprotein concentration assay that measures the concentration of low-density lipoprotein in a specimen.,low-density lipoprotein concentration assay,OBI:0003206,https://anvilproject.github.io/acr-harmonized-data-model/EnumAssayType,EnumAssayType
Assay,assay_type,OBI:0003207,A lipoprotein concentration assay that measures the concentration of very-low-density lipoprotein in a specimen.,very-low-density lipoprotein concentration assay,OBI:0003207,https://anvilproject.github.io/acr-harmonized-data-model/EnumAssayType,EnumAssayType
Assay,assay_type,OBI:0003208,An analyte assay that measures the abundance of luteinizing hormone,luteinizing hormone assay,OBI:0003208,https://anvilproject.github.io/acr-harmonized-data-model/EnumAssayType,EnumAssayType
Assay,assay_type,OBI:0003209,A luteinizing hormone assay that measures the concentration of luteinizing hormone in a specimen.,luteinizing hormone concentration assay,OBI:0003209,https://anvilproject.github.io/acr-harmonized-data-model/EnumAssayType,EnumAssayType
Assay,assay_type,OBI:0003210,An analyte assay that measures the abundance of nitrite,nitrite assay,OBI:0003210,https://anvilproject.github.io/acr-harmonized-data-model/EnumAssayType,EnumAssayType
Assay,assay_type,OBI:0003211,A nitrite assay that measures the concentration of nitrite in a specimen.,nitrite concentration assay,OBI:0003211,https://anvilproject.github.io/acr-harmonized-data-model/EnumAssayType,EnumAssayType
Assay,assay_type,OBI:0003212,An analyte assay that measures the abundance of phospholipid,phospholipid assay,OBI:0003212,https://anvilproject.github.io/acr-harmonized-data-model/EnumAssayType,EnumAssayType
Assay,assay_type,OBI:0003213,A phospholipid assay that measures the concentration of phospholipids in a specimen.,phospholipid concentration assay,OBI:0003213,https://anvilproject.github.io/acr-harmonized-data-model/EnumAssayType,EnumAssayType
Assay,assay_type,OBI:0003214,An analyte assay that measures the abundance of progesterone,progesterone assay,OBI:0003214,https://anvilproject.github.io/acr-harmonized-data-model/EnumAssayType,EnumAssayType
Assay,assay_type,OBI:0003215,A progesterone assay that measures the concentration of progesterone in a specimen.,progesterone concentration assay,OBI:0003215,https://anvilproject.github.io/acr-harmonized-data-model/EnumAssayType,EnumAssayType
Assay,assay_type,OBI:0003216,An analyte assay that measures the abundance of testosterone,testosterone assay,OBI:0003216,https://anvilproject.github.io/acr-harmonized-data-model/EnumAssayType,EnumAssayType
Assay,assay_type,OBI:0003217,A testosterone assay that measures the concentration of testosterone in a specimen.,testosterone concentration assay,OBI:0003217,https://anvilproject.github.io/acr-harmonized-data-model/EnumAssayType,EnumAssayType
Assay,assay_type,OBI:0003218,An analyte assay that measures the abundance of bile salt,bile salt assay,OBI:0003218,https://anvilproject.github.io/acr-harmonized-data-model/EnumAssayType,EnumAssayType
Assay,assay_type,OBI:0003219,A bile salt assay that measures the concentration of bile salt in a specimen.,bile salt concentration assay,OBI:0003219,https://anvilproject.github.io/acr-harmonized-data-model/EnumAssayType,EnumAssayType
Assay,assay_type,OBI:0003220,An analyte assay that measures the abundance of fatty acid,fatty acid assay,OBI:0003220,https://anvilproject.github.io/acr-harmonized-data-model/EnumAssayType,EnumAssayType
Assay,assay_type,OBI:0003221,A fatty acid assay that measures the concentration of free fatty acids in a specimen.,free fatty acid concentration assay,OBI:0003221,https://anvilproject.github.io/acr-harmonized-data-model/EnumAssayType,EnumAssayType
Assay,assay_type,OBI:0003222,An analyte assay that measures the abundance of insulin,insulin assay,OBI:0003222,https://anvilproject.github.io/acr-harmonized-data-model/EnumAssayType,EnumAssayType
Assay,assay_type,OBI:0003223,A insulin assay that measures the concentration of insulin in a specimen.,insulin concentration assay,OBI:0003223,https://anvilproject.github.io/acr-harmonized-data-model/EnumAssayType,EnumAssayType
Assay,assay_type,OBI:0003224,An analyte assay that measures the abundance of follicle stimulating hormone,follicle stimulating hormone assay,OBI:0003224,https://anvilproject.github.io/acr-harmonized-data-model/EnumAssayType,EnumAssayType
Assay,assay_type,OBI:0003225,A follicle stimulating hormone assay that measures the concentration of follicle stimulating hormone in a specimen.,follicle stimulating hormone concentration assay,OBI:0003225,https://anvilproject.github.io/acr-harmonized-data-model/EnumAssayType,EnumAssayType
Assay,assay_type,OBI:0003226,A lymphocyte assay that measures the number of lymphocytes and large unstained cells in a specimen.,total lymphocyte count assay,OBI:0003226,https://anvilproject.github.io/acr-harmonized-data-model/EnumAssayType,EnumAssayType
Assay,assay_type,OBI:0003227,A lymphocyte assay that measures the percentage of lymphocytes and large unstained cells in a specimen.,total lymphocyte percentage assay,OBI:0003227,https://anvilproject.github.io/acr-harmonized-data-model/EnumAssayType,EnumAssayType
Assay,assay_type,OBI:0003228,"A cytometry assay that detects the presence of cells that secrete a material of interest (analyte). In the assay, a plate is coated with an antibody specific to the analyte of interest. These antibodies capture the analytes secreted by the cells. The analytes are then detected using fluorescent labeled secondary antibodies.",fluorescent immunospot assay,OBI:0003228,https://anvilproject.github.io/acr-harmonized-data-model/EnumAssayType,EnumAssayType
Assay,assay_type,OBI:0003229,A proteomics profiling assay that detects proteins in a blood plasma specimen.,plasma proteomics assay,OBI:0003229,https://anvilproject.github.io/acr-harmonized-data-model/EnumAssayType,EnumAssayType
Assay,assay_type,OBI:0003230,"A flow cytometry assay that detects the presence/amount of antigen-specific T cells without the need to identify their cytokine production. Instead, antigen-specific T cells are detected on the basis of upregulation of TCR stimulation-induced surface markers.",T cell activation induced marker assay,OBI:0003230,https://anvilproject.github.io/acr-harmonized-data-model/EnumAssayType,EnumAssayType
Assay,assay_type,OBI:0003232,An assay that has a cerebrospinal fluid specimen as evaluant.,cerebrospinal fluid assay,OBI:0003232,https://anvilproject.github.io/acr-harmonized-data-model/EnumAssayType,EnumAssayType
Assay,assay_type,OBI:0003233,An assay that has an endotracheal aspirate specimen as evaluant.,endotracheal aspirate assay,OBI:0003233,https://anvilproject.github.io/acr-harmonized-data-model/EnumAssayType,EnumAssayType
Assay,assay_type,OBI:0003234,An assay that has an induced sputum specimen as evaluant.,induced sputum assay,OBI:0003234,https://anvilproject.github.io/acr-harmonized-data-model/EnumAssayType,EnumAssayType
Assay,assay_type,OBI:0003235,An assay that has a lung specimen as evaluant.,lung assay,OBI:0003235,https://anvilproject.github.io/acr-harmonized-data-model/EnumAssayType,EnumAssayType
Assay,assay_type,OBI:0003236,An assay that has a milk specimen as evaluant.,milk assay,OBI:0003236,https://anvilproject.github.io/acr-harmonized-data-model/EnumAssayType,EnumAssayType
Assay,assay_type,OBI:0003237,An assay that has a feces specimen as evaluant.,feces assay,OBI:0003237,https://anvilproject.github.io/acr-harmonized-data-model/EnumAssayType,EnumAssayType
Assay,assay_type,OBI:0003238,An assay that has an umbilical cord blood specimen as evaluant.,umbilical cord blood assay,OBI:0003238,https://anvilproject.github.io/acr-harmonized-data-model/EnumAssayType,EnumAssayType
Assay,assay_type,OBI:0003239,An assay that has a saliva specimen as evaluant.,saliva assay,OBI:0003239,https://anvilproject.github.io/acr-harmonized-data-model/EnumAssayType,EnumAssayType
Assay,assay_type,OBI:0003240,An organism detection assay that detects microorganisms in a cerebrospinal fluid specimen.,cerebrospinal fluid microbiology assay,OBI:0003240,https://anvilproject.github.io/acr-harmonized-data-model/EnumAssayType,EnumAssayType
Assay,assay_type,OBI:0003241,An organism detection assay that detects microorganisms in an endotracheal aspirate specimen.,endotracheal tube aspirate microbiology assay,OBI:0003241,https://anvilproject.github.io/acr-harmonized-data-model/EnumAssayType,EnumAssayType
Assay,assay_type,OBI:0003242,An organism detection assay that detects microorganisms in an induced sputum specimen.,induced sputum microbiology assay,OBI:0003242,https://anvilproject.github.io/acr-harmonized-data-model/EnumAssayType,EnumAssayType
Assay,assay_type,OBI:0003282,An organism detection assay that detects microorganisms in a lung specimen.,lung microbiology assay,OBI:0003282,https://anvilproject.github.io/acr-harmonized-data-model/EnumAssayType,EnumAssayType
Assay,assay_type,OBI:0003283,An organism detection assay that detects microorganisms in a pleural fluid specimen.,pleural fluid microbiology assay,OBI:0003283,https://anvilproject.github.io/acr-harmonized-data-model/EnumAssayType,EnumAssayType
Assay,assay_type,OBI:0003284,An organism detection assay that detects microorganisms in an umbilical cord blood specimen.,umbilical cord blood microbiology assay,OBI:0003284,https://anvilproject.github.io/acr-harmonized-data-model/EnumAssayType,EnumAssayType
Assay,assay_type,OBI:0003285,An organism detection assay that detects microorganisms in a nasopharyngeal or oropharyngeal swab specimen.,nasopharyngeal or oropharyngeal swab microbiology assay,OBI:0003285,https://anvilproject.github.io/acr-harmonized-data-model/EnumAssayType,EnumAssayType
Assay,assay_type,OBI:0003286,An organism detection assay that detects microorganisms in a urine specimen.,urine microbiology assay,OBI:0003286,https://anvilproject.github.io/acr-harmonized-data-model/EnumAssayType,EnumAssayType
Assay,assay_type,OBI:0003287,A real time polymerase chain reaction assay in which multiple DNA sequences are amplified in a single cycle.,multiplex real time polymerase chain reaction assay,OBI:0003287,https://anvilproject.github.io/acr-harmonized-data-model/EnumAssayType,EnumAssayType
Assay,assay_type,OBI:0003288,A real time reverse-transcription polymerase chain reaction assay in which multiple DNA sequences are amplified in a single cycle.,multiplex real time reverse-transcription polymerase chain reaction assay,OBI:0003288,https://anvilproject.github.io/acr-harmonized-data-model/EnumAssayType,EnumAssayType
Assay,assay_type,OBI:0003290,"An assay that evaluates host-to-mosquito transmission of a parasite organism by feeding a specimen of host blood infected with the parasite organism to a collection of mosquitoes through a mosquito membrane feeding device and, after a given time, dissecting the mosquitoes and counting the number of parasite organisms within them.",mosquito membrane feeding assay,OBI:0003290,https://anvilproject.github.io/acr-harmonized-data-model/EnumAssayType,EnumAssayType
Assay,assay_type,OBI:0003292,A cytometric bead array assay that detects epitope specific granulysin release by T cells.,cytometric bead array assay measuring epitope specific granulysin release by T cells,OBI:0003292,https://anvilproject.github.io/acr-harmonized-data-model/EnumAssayType,EnumAssayType
Assay,assay_type,OBI:0003293,A cytometric bead array assay that detects epitope specific perforin release by T cells.,cytometric bead array assay measuring epitope specific perforin release by T cells,OBI:0003293,https://anvilproject.github.io/acr-harmonized-data-model/EnumAssayType,EnumAssayType
Assay,assay_type,OBI:0003294,A microscopy assay that uses staining to identify acid-fast organisms in a specimen and does not require heating.,modified acid-fast stain microscopy assay,OBI:0003294,https://anvilproject.github.io/acr-harmonized-data-model/EnumAssayType,EnumAssayType
Assay,assay_type,OBI:0003296,"An assay that evaluates a blood specimen for antibodies currently being produced by lymphocytes in the specimen, by separating peripheral blood mononuclear cells, culturing them, and then collecting the supernatant containing the antibodies secreted from those cells.",antibodies from lymphocyte secretions assay,OBI:0003296,https://anvilproject.github.io/acr-harmonized-data-model/EnumAssayType,EnumAssayType
Assay,assay_type,OBI:0003297,"A DNA sequencing assay that uses tyramide signal amplification (TSA) to assess distance of DNA regions to a targeted nuclear compartment or protein, typically on a scale of 100-1000 nm.",tyramide signal amplification sequencing assay,OBI:0003297,https://anvilproject.github.io/acr-harmonized-data-model/EnumAssayType,EnumAssayType
Assay,assay_type,OBI:0003298,"An assay for identifying DNA binding sites for a protein by fusing it to Dam methylase, and expressing it so that bound DNA gets methylated. The methylated DNA can then be isolated and analyzed.",DNA adenine methyltransferase identification assay,OBI:0003298,https://anvilproject.github.io/acr-harmonized-data-model/EnumAssayType,EnumAssayType
Assay,assay_type,OBI:0003299,A DNA adenine methyltransferase identification (DamID) assay in which DamID-generated DNA fragments undergo high-throughput sequencing to determine a protein's DNA-binding site.,DamID-seq,OBI:0003299,https://anvilproject.github.io/acr-harmonized-data-model/EnumAssayType,EnumAssayType
Assay,assay_type,OBI:0003300,A DNA sequencing assay in which nucleoli are isolated and the DNA associated with them is sequenced to identify nucleoli-associating domains.,nucleolus-associated domain sequencing assay,OBI:0003300,https://anvilproject.github.io/acr-harmonized-data-model/EnumAssayType,EnumAssayType
Assay,assay_type,OBI:0003301,"A Hi-C assay in which DNase I is used for digesting DNA fragments rather than a restriction enzyme, which can result in a higher resolution of mapped chromosome contacts.",DNase Hi-C assay,OBI:0003301,https://anvilproject.github.io/acr-harmonized-data-model/EnumAssayType,EnumAssayType
Assay,assay_type,OBI:0003302,A Hi-C assay which uses micrococcal nuclease digestion in place of the restriction enzyme digestion step.,micro-C assay,OBI:0003302,https://anvilproject.github.io/acr-harmonized-data-model/EnumAssayType,EnumAssayType
Assay,assay_type,OBI:0003303,A Hi-C assay performed on massively multiplexed single-cell samples.,single cell combinatorial indexing Hi-C assay,OBI:0003303,https://anvilproject.github.io/acr-harmonized-data-model/EnumAssayType,EnumAssayType
Assay,assay_type,OBI:0003304,A Hi-C assay performed on isolated nuclei.,single nucleus Hi-C assay,OBI:0003304,https://anvilproject.github.io/acr-harmonized-data-model/EnumAssayType,EnumAssayType
Assay,assay_type,OBI:0003305,A Hi-C assay performed on a single cell.,single cell Hi-C assay,OBI:0003305,https://anvilproject.github.io/acr-harmonized-data-model/EnumAssayType,EnumAssayType
Assay,assay_type,OBI:0003306,"A Hi-C assay in which the sample that is sequenced is derived from a collection of cells, such as a tissue sample or entire cell culture, and therefore provides results representative of the aggregate of sample cells.",bulk Hi-C assay,OBI:0003306,https://anvilproject.github.io/acr-harmonized-data-model/EnumAssayType,EnumAssayType
Assay,assay_type,OBI:0003307,"A Hi-C assay that assesses interactions between multiple DNA fragments rather than only pairwise interactions as in traditional Hi-C. The experimental procedure of cross-linking, digestion, and ligation is performed similarly to traditional Hi-C, but after DNA is purified a long-read library is produced in which many ligated fragments may be contained in a single molecule. The library is then sequenced on a long read sequencer.",multi-contact Hi-C assay,OBI:0003307,https://anvilproject.github.io/acr-harmonized-data-model/EnumAssayType,EnumAssayType
Assay,assay_type,OBI:0003309,"A DNA sequencing assay designed to detect interacting genomic regions. Rather than the traditional Hi-C approach of digestion and proximity ligation, the procedure involves transposase-mediated insertion of an oligonucleotide linker between the pair of interacting regions.",transposase-mediated analysis of chromatin looping assay,OBI:0003309,https://anvilproject.github.io/acr-harmonized-data-model/EnumAssayType,EnumAssayType
Assay,assay_type,OBI:0003310,"A sequencing assay designed to detect multi-way interactions between nucleic acids. The procedure involves crosslinking nuclei, and then splitting the lysate among wells in a 96-well or other multi-well plate. A different barcode is ligated to the fragments in each well, and the lysates are pooled together again. This sequence of splitting, tagging, and re-combining is repeated several times so that fragments with the same sequences of barcodes represent fragments that have co-associated throughout the experiment. Finally, a sequencing library is constructed and high-throughput sequencing is performed.",split-pool recognition of interactions and tag extension assay,OBI:0003310,https://anvilproject.github.io/acr-harmonized-data-model/EnumAssayType,EnumAssayType
Assay,assay_type,OBI:0003311,A split-pool recognition of interactions and tag extension (SPRITE) assay that only assays interactions between regions of genomic DNA.,DNA split-pool recognition of interactions and tag extension assay,OBI:0003311,https://anvilproject.github.io/acr-harmonized-data-model/EnumAssayType,EnumAssayType
Assay,assay_type,OBI:0003312,"A split-pool recognition of interactions and tag extension (SPRITE) assay in which RNA in the cross-linked complexes is converted to cDNA before the initial splitting step, allowing analysis of RNA-DNA interactions.",RNA-DNA split-pool recognition of interactions and tag extension assay,OBI:0003312,https://anvilproject.github.io/acr-harmonized-data-model/EnumAssayType,EnumAssayType
Assay,assay_type,OBI:0003313,"A DNA sequencing assay designed to analyze 3D chromatin structure without relying on digestion and ligation. The procedure involves cryosectioning samples in random orientation, and then single nuclear profiles are isolated by laser microdissection. Each nuclear profile then undergoes high-throughput sequencing, and subsequent analysis can generate a matrix of inferred proximity between genomic regions.",genome architecture mapping assay,OBI:0003313,https://anvilproject.github.io/acr-harmonized-data-model/EnumAssayType,EnumAssayType
Assay,assay_type,OBI:0003314,"A nuclear ligation assay for probing RNA-DNA interactions in the nucleus. Nuclei are crosslinked, and RNA fragments are ligated to proximal DNA fragments via a special linker molecule. After reverse transcription, high-throughput sequencing is performed.",mapping RNA-genome interactions assay,OBI:0003314,https://anvilproject.github.io/acr-harmonized-data-model/EnumAssayType,EnumAssayType
Assay,assay_type,OBI:0003315,A T cell epitope specific cytokine production assay that detects amphiregulin production by T cells.,assay measuring epitope specific amphiregulin production by T cells,OBI:0003315,https://anvilproject.github.io/acr-harmonized-data-model/EnumAssayType,EnumAssayType
Assay,assay_type,OBI:0003316,An enzyme-linked immunosorbent assay that detects amphiregulin production by T cells.,ELISA measuring epitope specific amphiregulin production by T cells,OBI:0003316,https://anvilproject.github.io/acr-harmonized-data-model/EnumAssayType,EnumAssayType
Assay,assay_type,OBI:0003321,A blood microbiology assay that detects a microorganism in a venous blood specimen.,venous blood microbiology assay,OBI:0003321,https://anvilproject.github.io/acr-harmonized-data-model/EnumAssayType,EnumAssayType
Assay,assay_type,OBI:0003323,A B cell epitope assay that measures the binding of an antibody receptor to an epitope using a high throughput multiplexed assay.,high throughput multiplexed assay measuring binding of a B cell epitope:antibody complex,OBI:0003323,https://anvilproject.github.io/acr-harmonized-data-model/EnumAssayType,EnumAssayType
Assay,assay_type,OBI:0003324,A T cell epitope assay that measures the binding of T cell receptor to an epitope using a high throughput multiplexed assay.,high throughput multiplexed assay measuring binding of a T cell epitope:MHC:TCR complex,OBI:0003324,https://anvilproject.github.io/acr-harmonized-data-model/EnumAssayType,EnumAssayType
Assay,assay_type,OBI:0003325,A MHC ligand assay that detects the binding of a ligand to an MHC molecule using a high throughput multiplexed assay.,high throughput multiplexed assay measuring binding of a MHC:ligand complex,OBI:0003325,https://anvilproject.github.io/acr-harmonized-data-model/EnumAssayType,EnumAssayType
Assay,assay_type,OBI:0003326,A MHC ligand assay that determines what ligands are processed and loaded onto MHC molecules by eluting ligands and identifying them using a high throughput multiplexed assay.,high throughput multiplexed assay measuring MHC ligand processing and presentation,OBI:0003326,https://anvilproject.github.io/acr-harmonized-data-model/EnumAssayType,EnumAssayType
Assay,assay_type,OBI:0003368,"An assay (A) that is part of another assay (B), where the target entities of A and B are disjoint, and the target entity of A is a proxy for the target of assay B.",detection technique,OBI:0003368,https://anvilproject.github.io/acr-harmonized-data-model/EnumAssayType,EnumAssayType
Assay,assay_type,OBI:0003372,A T cell epitope specific cytokine production assay that detects lymphotactin production by T cells.,assay measuring epitope specific lymphotactin production by T cells,OBI:0003372,https://anvilproject.github.io/acr-harmonized-data-model/EnumAssayType,EnumAssayType
Assay,assay_type,OBI:0003373,An enzyme-linked immunosorbent assay that detects lymphotactin production by T cells.,ELISA measuring epitope specific lymphotactin production by T cells,OBI:0003373,https://anvilproject.github.io/acr-harmonized-data-model/EnumAssayType,EnumAssayType
Assay,assay_type,OBI:0003375,"An assay that combines electrophysiological, transcriptomic, and morphological characterization of individual neurons. In this approach, patch-clamp is used to generate an electrophysiological recording of the neuron, then the neuron's cytoplasm and/or nucleus is collected and processed for RNAseq, and finally the cell is simultaneously filled with a dye that allows for subsequent morphological reconstruction.",patch-seq assay,OBI:0003375,https://anvilproject.github.io/acr-harmonized-data-model/EnumAssayType,EnumAssayType
Assay,assay_type,OBI:0003376,"A single-cell transcription profiling by RNA sequencing assay that analyzes mRNA transcripts from droplets of individual cells. The process involves the following steps: (1) prepare a single-cell suspension from a tissue; (2) co-encapsulate each cell with a distinctly barcoded microparticle (bead) in a nanoliter-scale droplet; (3) lyse cells after they have been isolated in droplets; (4) capture a cell’s mRNAs on its companion microparticle, forming STAMPs (single-cell transcriptomes attached to microparticles); (5) reverse-transcribe, amplify, and sequence.",droplet-based single-cell RNA sequencing assay,OBI:0003376,https://anvilproject.github.io/acr-harmonized-data-model/EnumAssayType,EnumAssayType
Assay,assay_type,OBI:0003377,"An assay that uses combinatorial indexing to generate a library of cDNA and open chromatin gDNA fragments by tagmenting a single nuclei and open chromatin, and encapsulating those in a droplet including both an oligo-dT-containing barcoded bead and a splint oligonucleotide, which links the tagmented gDNA fragments to the bead which capture both mRNAs and open chromatin fragments.",single-nucleus chromatin accessibility and mRNA expression sequencing 2 assay,OBI:0003377,https://anvilproject.github.io/acr-harmonized-data-model/EnumAssayType,EnumAssayType
Assay,assay_type,OBI:0003378,"A single cell transcription profiling by RNA sequencing assay wherein cells are lysed and their recovered RNA is hybridized to an oligo(dT) that primes a reverse transcription reaction, the outcome of which are cDNA’s that have PCR handles on both ends. The cDNA's are then amplified using PCR, and the products are sequenced.",switching mechanism at the 5' end of RNA template sequencing assay,OBI:0003378,https://anvilproject.github.io/acr-harmonized-data-model/EnumAssayType,EnumAssayType
Assay,assay_type,OBI:0003379,A single cell transcription profiling by RNA sequencing assay that is a variation on the switching mechanism at the 5' end of RNA template sequencing assay (SMARTseq) that allows the generation of full-length cDNA and sequencing libraries by using standard reagents.,switching mechanism at the 5' end of RNA template sequencing 2 assay,OBI:0003379,https://anvilproject.github.io/acr-harmonized-data-model/EnumAssayType,EnumAssayType
Assay,assay_type,OBI:0003381,A blood microbiology assay that detects microorganisms in a placental blood specimen.,placental blood microbiology assay,OBI:0003381,https://anvilproject.github.io/acr-harmonized-data-model/EnumAssayType,EnumAssayType
Assay,assay_type,OBI:0003412,"A DNA sequencing assay that uses microfluidics to partition and barcode high molecular weight DNA such that short reads derived from fragments of the large piece of DNA can be assembled within the context of the high molecular weight piece of DNA they are derived from, facilitating the use of short read data to sequence and assemble large genomes.",linked-read sequencing assay,OBI:0003412,https://anvilproject.github.io/acr-harmonized-data-model/EnumAssayType,EnumAssayType
Assay,assay_type,OBI:0003418,An antigen specific antibodies assay that has a blood specimen as evaluant.,antigen specific antibodies in blood assay,OBI:0003418,https://anvilproject.github.io/acr-harmonized-data-model/EnumAssayType,EnumAssayType
Assay,assay_type,OBI:0003419,An antigen specific antibodies assay that has a milk specimen as evaluant.,antigen specific antibodies in milk assay,OBI:0003419,https://anvilproject.github.io/acr-harmonized-data-model/EnumAssayType,EnumAssayType
Assay,assay_type,OBI:0003422,An assay in which the level of catalytic activity of an enzyme is determined.,enzymatic activity level assay,OBI:0003422,https://anvilproject.github.io/acr-harmonized-data-model/EnumAssayType,EnumAssayType
Assay,assay_type,OBI:0003423,An enzymatic activity level assay that measures the activity of 5'-nucleotidase in a sample.,5'-nucleotidase activity level assay,OBI:0003423,https://anvilproject.github.io/acr-harmonized-data-model/EnumAssayType,EnumAssayType
Assay,assay_type,OBI:0003424,An enzymatic activity level assay that measures the activity of alanine aminotransferase in a sample.,alanine aminotransferase activity level assay,OBI:0003424,https://anvilproject.github.io/acr-harmonized-data-model/EnumAssayType,EnumAssayType
Assay,assay_type,OBI:0003425,An enzymatic activity level assay that measures the activity of alkaline phosphatase in a sample.,alkaline phosphatase activity level assay,OBI:0003425,https://anvilproject.github.io/acr-harmonized-data-model/EnumAssayType,EnumAssayType
Assay,assay_type,OBI:0003426,An enzymatic activity level assay that measures the activity of amylase in a sample.,amylase activity level assay,OBI:0003426,https://anvilproject.github.io/acr-harmonized-data-model/EnumAssayType,EnumAssayType
Assay,assay_type,OBI:0003427,An enzymatic activity level assay that measures the activity of aspartate aminotransferase in a sample.,aspartate aminotransferase activity level assay,OBI:0003427,https://anvilproject.github.io/acr-harmonized-data-model/EnumAssayType,EnumAssayType
Assay,assay_type,OBI:0003428,An enzymatic activity level assay that measures the activity of cholinesterase in a sample.,cholinesterase activity level assay,OBI:0003428,https://anvilproject.github.io/acr-harmonized-data-model/EnumAssayType,EnumAssayType
Assay,assay_type,OBI:0003429,An enzymatic activity level assay that measures the activity of creatine kinase in a sample.,creatine kinase activity level assay,OBI:0003429,https://anvilproject.github.io/acr-harmonized-data-model/EnumAssayType,EnumAssayType
Assay,assay_type,OBI:0003430,An enzymatic activity level assay that measures the activity of gamma-glutamyltransferase in a sample.,gamma-glutamyltransferase activity level assay,OBI:0003430,https://anvilproject.github.io/acr-harmonized-data-model/EnumAssayType,EnumAssayType
Assay,assay_type,OBI:0003431,An enzymatic activity level assay that measures the activity of glutamate dehydrogenase in a sample.,glutamate dehydrogenase activity level assay,OBI:0003431,https://anvilproject.github.io/acr-harmonized-data-model/EnumAssayType,EnumAssayType
Assay,assay_type,OBI:0003432,An enzymatic activity level assay that measures the activity of isocitrate dehydrogenase in a sample.,isocitrate dehydrogenase activity level assay,OBI:0003432,https://anvilproject.github.io/acr-harmonized-data-model/EnumAssayType,EnumAssayType
Assay,assay_type,OBI:0003433,An enzymatic activity level assay that measures the activity of lactate dehydrogenase in a sample.,lactate dehydrogenase activity level assay,OBI:0003433,https://anvilproject.github.io/acr-harmonized-data-model/EnumAssayType,EnumAssayType
Assay,assay_type,OBI:0003434,An enzymatic activity level assay that measures the activity of sorbitol dehydrogenase in a sample.,sorbitol dehydrogenase activity level assay,OBI:0003434,https://anvilproject.github.io/acr-harmonized-data-model/EnumAssayType,EnumAssayType
Assay,assay_type,OBI:0003435,An enzymatic activity level assay that measures the activity of Acyl-CoA oxidase in a sample.,acyl-CoA oxidase activity level assay,OBI:0003435,https://anvilproject.github.io/acr-harmonized-data-model/EnumAssayType,EnumAssayType
Assay,assay_type,OBI:0003436,An enzymatic activity level assay that measures the activity of N-acetyl-beta-glucosaminidase in a sample.,N-acetyl-beta-glucosaminidase activity level assay,OBI:0003436,https://anvilproject.github.io/acr-harmonized-data-model/EnumAssayType,EnumAssayType
Assay,assay_type,OBI:0003437,An enzymatic activity level assay that measures the activity of ribonuclease in a sample.,ribonuclease activity level assay,OBI:0003437,https://anvilproject.github.io/acr-harmonized-data-model/EnumAssayType,EnumAssayType
Assay,assay_type,OBI:0003438,An enzymatic activity level assay that measures the activity of galactosidase in a sample.,galactosidase activity level assay,OBI:0003438,https://anvilproject.github.io/acr-harmonized-data-model/EnumAssayType,EnumAssayType
Assay,assay_type,OBI:0003457,An epitope protection from infectious challenge experiment that determines the success of the epitope intervention based on increased survival of the host compared to controls.,epitope protection from infectious challenge experiment based on survival,OBI:0003457,https://anvilproject.github.io/acr-harmonized-data-model/EnumAssayType,EnumAssayType
Assay,assay_type,OBI:0003458,An epitope protection from tumor challenge experiment in which the readout is a reduction in the presence of malignant cells in the host compared to controls.,epitope protection from tumor challenge experiment based on burden,OBI:0003458,https://anvilproject.github.io/acr-harmonized-data-model/EnumAssayType,EnumAssayType
Assay,assay_type,OBI:0003459,An epitope protection from tumor challenge experiment that determines the success of the epitope intervention based on increased survival of the host compared to controls.,epitope protection from tumor challenge experiment based on survival,OBI:0003459,https://anvilproject.github.io/acr-harmonized-data-model/EnumAssayType,EnumAssayType
Assay,assay_type,OBI:0003460,An in vivo assay measuring T cell epitope specific protection from pathogen challenge.,in vivo assay measuring T cell epitope specific protection from pathogen challenge,OBI:0003460,https://anvilproject.github.io/acr-harmonized-data-model/EnumAssayType,EnumAssayType
Assay,assay_type,OBI:0003461,An in vivo assay measuring T cell epitope specific protection from tumor challenge.,in vivo assay measuring T cell epitope specific protection from tumor challenge,OBI:0003461,https://anvilproject.github.io/acr-harmonized-data-model/EnumAssayType,EnumAssayType
Assay,assay_type,OBI:0003462,"An in vivo assay measuring T cell epitope specific protection from a challenge other than pathogen, infection, or tumor.",in vivo assay measuring T cell epitope specific protection from other challenge,OBI:0003462,https://anvilproject.github.io/acr-harmonized-data-model/EnumAssayType,EnumAssayType
Assay,assay_type,OBI:0003463,An in vivo assay measuring T cell epitope specific protection from tumor challenge using survival.,in vivo assay measuring T cell epitope specific survival after tumor challenge,OBI:0003463,https://anvilproject.github.io/acr-harmonized-data-model/EnumAssayType,EnumAssayType
Assay,assay_type,OBI:0003464,An in vivo assay measuring T cell epitope specific protection from pathogen challenge using survival.,in vivo assay measuring T cell epitope specific survival after pathogen challenge,OBI:0003464,https://anvilproject.github.io/acr-harmonized-data-model/EnumAssayType,EnumAssayType
Assay,assay_type,OBI:0003465,An in vivo assay measuring B cell epitope specific protection from pathogen challenge.,in vivo assay measuring B cell epitope specific protection from pathogen challenge,OBI:0003465,https://anvilproject.github.io/acr-harmonized-data-model/EnumAssayType,EnumAssayType
Assay,assay_type,OBI:0003466,An in vivo assay measuring B cell epitope specific protection from tumor challenge.,in vivo assay measuring B cell epitope specific protection from tumor challenge,OBI:0003466,https://anvilproject.github.io/acr-harmonized-data-model/EnumAssayType,EnumAssayType
Assay,assay_type,OBI:0003467,"An in vivo assay measuring B cell epitope specific protection from a challenge other than pathogen, infection, or tumor.",in vivo assay measuring B cell epitope specific protection from other challenge,OBI:0003467,https://anvilproject.github.io/acr-harmonized-data-model/EnumAssayType,EnumAssayType
Assay,assay_type,OBI:0003468,An in vivo assay measuring B cell epitope specific protection from pathogen challenge using survival.,in vivo assay measuring B cell epitope specific survival after pathogen challenge,OBI:0003468,https://anvilproject.github.io/acr-harmonized-data-model/EnumAssayType,EnumAssayType
Assay,assay_type,OBI:0003469,An in vivo assay measuring B cell epitope specific protection from tumor challenge using survival.,in vivo assay measuring B cell epitope specific survival after tumor challenge,OBI:0003469,https://anvilproject.github.io/acr-harmonized-data-model/EnumAssayType,EnumAssayType
Assay,assay_type,OBI:0003470,An in vivo assay measuring a T cell epitope specific protection from a pathogen challenge after adoptive transfer of epitope specific antibodies or B cells.,in vivo assay measuring T cell epitope specific protection from pathogen challenge resulting from the adoptive transfer of epitope specific T cells,OBI:0003470,https://anvilproject.github.io/acr-harmonized-data-model/EnumAssayType,EnumAssayType
Assay,assay_type,OBI:0003471,An in vivo assay measuring T cell epitope specific protection from pathogen challenge resulting from the adoptive transfer of epitope specific T cells using survival.,in vivo assay measuring T cell epitope specific pathogen protection from challenge resulting from the adoptive transfer of epitope specific T cells based on survival,OBI:0003471,https://anvilproject.github.io/acr-harmonized-data-model/EnumAssayType,EnumAssayType
Assay,assay_type,OBI:0003472,An in vivo assay measuring a T cell epitope specific protection from a tumor challenge after adoptive transfer of epitope specific T cells.,in vivo assay measuring T cell epitope specific protection from tumor challenge resulting from the adoptive transfer of epitope specific T cells,OBI:0003472,https://anvilproject.github.io/acr-harmonized-data-model/EnumAssayType,EnumAssayType
Assay,assay_type,OBI:0003473,An in vivo assay measuring T cell epitope specific protection from tumor challenge resulting from the adoptive transfer of epitope specific T cells using survival.,in vivo assay measuring T cell epitope specific protection from tumor challenge resulting from the adoptive transfer of epitope specific T cells based on survival,OBI:0003473,https://anvilproject.github.io/acr-harmonized-data-model/EnumAssayType,EnumAssayType
Assay,assay_type,OBI:0003474,An in vivo assay measuring a T cell epitope specific protection from other challenge after adoptive transfer of epitope specific T cells.,in vivo assay measuring T cell epitope specific protection from other challenge resulting from the adoptive transfer of epitope specific T cells,OBI:0003474,https://anvilproject.github.io/acr-harmonized-data-model/EnumAssayType,EnumAssayType
Assay,assay_type,OBI:0003475,An in vivo assay measuring a B cell epitope specific protection from a pathogen challenge after adoptive transfer of epitope specific antibodies or B cells.,in vivo assay measuring B cell epitope specific protection from pathogen challenge resulting from the adoptive transfer of epitope specific antibodies or B cells,OBI:0003475,https://anvilproject.github.io/acr-harmonized-data-model/EnumAssayType,EnumAssayType
Assay,assay_type,OBI:0003476,An in vivo assay measuring B cell epitope specific protection from pathogen challenge resulting from the adoptive transfer of epitope specific antibodies or B cells using survival.,in vivo assay measuring B cell epitope specific pathogen protection from challenge resulting from the adoptive transfer of epitope specific antibodies or B cells based on survival,OBI:0003476,https://anvilproject.github.io/acr-harmonized-data-model/EnumAssayType,EnumAssayType
Assay,assay_type,OBI:0003477,An in vivo assay measuring a B cell epitope specific protection from a tumor challenge after adoptive transfer of epitope specific antibodies or B cells.,in vivo assay measuring B cell epitope specific protection from tumor challenge resulting from the adoptive transfer of epitope specific antibodies or B cells,OBI:0003477,https://anvilproject.github.io/acr-harmonized-data-model/EnumAssayType,EnumAssayType
Assay,assay_type,OBI:0003478,An in vivo assay measuring B cell epitope specific protection from tumor challenge resulting from the adoptive transfer of epitope specific antibodies or B cells using survival.,in vivo assay measuring B cell epitope specific protection from tumor challenge resulting from the adoptive transfer of epitope specific antibodies or B cells based on survival,OBI:0003478,https://anvilproject.github.io/acr-harmonized-data-model/EnumAssayType,EnumAssayType
Assay,assay_type,OBI:0003479,An in vivo assay measuring a B cell epitope specific protection from other challenge after adoptive transfer of epitope specific antibodies or B cells.,in vivo assay measuring B cell epitope specific protection from other challenge resulting from the adoptive transfer of epitope specific antibodies or B cells,OBI:0003479,https://anvilproject.github.io/acr-harmonized-data-model/EnumAssayType,EnumAssayType
Assay,assay_type,OBI:0003480,An organism detection assay that identifies bacteria based on the differential retention of a crystal violet-iodine complex within the cell wall.,Gram stain assay,OBI:0003480,https://anvilproject.github.io/acr-harmonized-data-model/EnumAssayType,EnumAssayType
Assay,assay_type,OBI:0003484,A T cell epitope specific cytokine production assay that detects interleukin-25 production by T cells.,assay measuring epitope specific interleukin-25 production by T cells,OBI:0003484,https://anvilproject.github.io/acr-harmonized-data-model/EnumAssayType,EnumAssayType
Assay,assay_type,OBI:0003485,A detection of specific nucleic acid polymers with complementary probes that detects interleukin-25 production by T cells.,detection of specific nucleic acids with complementary probes assay measuring epitope specific interleukin-25 production by T cells,OBI:0003485,https://anvilproject.github.io/acr-harmonized-data-model/EnumAssayType,EnumAssayType
Assay,assay_type,OBI:0003486,A flow cytometry assay that detects interleukin-25 production by T cells.,intracellular cytokine staining assay measuring epitope specific interleukin-25 production by T cells,OBI:0003486,https://anvilproject.github.io/acr-harmonized-data-model/EnumAssayType,EnumAssayType
Assay,assay_type,OBI:0003487,An enzyme-linked immunosorbent assay that detects interleukin-25 production by T cells.,ELISA measuring epitope specific interleukin-25 production by T cells,OBI:0003487,https://anvilproject.github.io/acr-harmonized-data-model/EnumAssayType,EnumAssayType
Assay,assay_type,OBI:0003488,A reporter cell line analyte detection bioassay that detects tumor necrosis factor superfamily cytokine production by T cells.,cell culture analyte detection bioassay measuring epitope specific tumor necrosis factor superfamily cytokine production by T cells,OBI:0003488,https://anvilproject.github.io/acr-harmonized-data-model/EnumAssayType,EnumAssayType
Assay,assay_type,OBI:0003498,An assay that detects a type of organism and/or the quantity of individuals of a type of organism.,organism detection assay,OBI:0003498,https://anvilproject.github.io/acr-harmonized-data-model/EnumAssayType,EnumAssayType
Assay,assay_type,OBI:0003501,A physical examination of an organism's ability to perform functional activities.,functional assessment of individual,OBI:0003501,https://anvilproject.github.io/acr-harmonized-data-model/EnumAssayType,EnumAssayType
Assay,assay_type,OBI:0003502,An observational assessment of the loss of facial muscle tissue due to inactivity or disease.,facial atrophy assessment,OBI:0003502,https://anvilproject.github.io/acr-harmonized-data-model/EnumAssayType,EnumAssayType
Assay,assay_type,OBI:0003503,An observational assessment of the loss of muscle tissue related to tongue movement due to inactivity or disease.,tongue atrophy assessment,OBI:0003503,https://anvilproject.github.io/acr-harmonized-data-model/EnumAssayType,EnumAssayType
Assay,assay_type,OBI:0003504,A functional assessment of an individual's ability to cough forcefully.,forced cough assessment,OBI:0003504,https://anvilproject.github.io/acr-harmonized-data-model/EnumAssayType,EnumAssayType
Assay,assay_type,OBI:0003505,A functional assessment of an individual's ability to understandably repeat spoken sentences.,speech test assessment,OBI:0003505,https://anvilproject.github.io/acr-harmonized-data-model/EnumAssayType,EnumAssayType
Assay,assay_type,OBI:0003506,A functional assessment of an individual's ability to touch index fingers together in front of the sternum without oscillation for a specified duration of time,finger to finger assessment,OBI:0003506,https://anvilproject.github.io/acr-harmonized-data-model/EnumAssayType,EnumAssayType
Assay,assay_type,OBI:0003507,A functional assessment of an individual's ability to touch their own nose and then touch an examiners finger in front of them and then touch their own nose once more.,nose to finger assessment,OBI:0003507,https://anvilproject.github.io/acr-harmonized-data-model/EnumAssayType,EnumAssayType
Assay,assay_type,OBI:0003508,A functional assessment of an individual's ability to accurately touch a moving target with their finger and then touch their own chin a number of times in a row.,dysmetria assessment,OBI:0003508,https://anvilproject.github.io/acr-harmonized-data-model/EnumAssayType,EnumAssayType
Assay,assay_type,OBI:0003509,A functional assessment of an individual's ability to alternate the forearm between pronation and suppination as quickly as possible during a specified duration of time,rapid alternating hands assessment,OBI:0003509,https://anvilproject.github.io/acr-harmonized-data-model/EnumAssayType,EnumAssayType
Assay,assay_type,OBI:0003510,A functional assessment of an individual's ability to touch their finger-tip to thumb as many times as possible during a specified duration of time.,finger taps assessment,OBI:0003510,https://anvilproject.github.io/acr-harmonized-data-model/EnumAssayType,EnumAssayType
Assay,assay_type,OBI:0003511,A functional assessment of an individual's ability to slide their heel back and forth along their contralateral tibia from the patella to the ankle with the contralateral leg extended.,heel along shin assessment,OBI:0003511,https://anvilproject.github.io/acr-harmonized-data-model/EnumAssayType,EnumAssayType
Assay,assay_type,OBI:0003512,A functional assessment of an individual's ability to tap their heel to the midpoint of the contralateral shin a number of times.,heel to shin assessment,OBI:0003512,https://anvilproject.github.io/acr-harmonized-data-model/EnumAssayType,EnumAssayType
Assay,assay_type,OBI:0003513,An observational assesment of an individual's muscle tissue loss due to inactivity or disease.,muscle atrophy assessment,OBI:0003513,https://anvilproject.github.io/acr-harmonized-data-model/EnumAssayType,EnumAssayType
Assay,assay_type,OBI:0003514,A functional assessment of an individual's ability to perform muscle movement to overcome gravity or physical resistence.,muscle weakness assessment,OBI:0003514,https://anvilproject.github.io/acr-harmonized-data-model/EnumAssayType,EnumAssayType
Assay,assay_type,OBI:0003515,A functional assessment of an individual's ability to sense vibration.,vibratory sense assessment,OBI:0003515,https://anvilproject.github.io/acr-harmonized-data-model/EnumAssayType,EnumAssayType
Assay,assay_type,OBI:0003516,A functional assessment of an individual's ability to sense the position of a finger or toe that has been manipulated by minimal random movements.,position sense assessment,OBI:0003516,https://anvilproject.github.io/acr-harmonized-data-model/EnumAssayType,EnumAssayType
Assay,assay_type,OBI:0003517,A functional assessment of an individual's muscle contraction when a muscle is triggered by a signal from a muscle spindle in response to a stimulus applied to a specific trigger point on the body.,deep tendon reflex assessment,OBI:0003517,https://anvilproject.github.io/acr-harmonized-data-model/EnumAssayType,EnumAssayType
Assay,assay_type,OBI:0003518,"The functional assessment of an individual's ability to maintain balance, posture or upright stability.",limits of stability assessment,OBI:0003518,https://anvilproject.github.io/acr-harmonized-data-model/EnumAssayType,EnumAssayType
Assay,assay_type,OBI:0003519,A limits of stability assessment designed to assess an individual's ability to maintain unsupported posture while sitting over a given time period.,sitting posture assessment,OBI:0003519,https://anvilproject.github.io/acr-harmonized-data-model/EnumAssayType,EnumAssayType
Assay,assay_type,OBI:0003520,A limits of stability assessment designed to assess an individual's ability to maintain a stable stance with feet 20 cm apart.,stance feet apart assessment,OBI:0003520,https://anvilproject.github.io/acr-harmonized-data-model/EnumAssayType,EnumAssayType
Assay,assay_type,OBI:0003521,A limits of stability assessment designed to assess an individual's ability to maintain a stable stance with their eyes closed.,"stance feet apart assessment, with eyes closed",OBI:0003521,https://anvilproject.github.io/acr-harmonized-data-model/EnumAssayType,EnumAssayType
Assay,assay_type,OBI:0003522,A limits of stability assessment designed to assess an individual's ability to maintain a stable stance with feet together.,stance feet together assessment,OBI:0003522,https://anvilproject.github.io/acr-harmonized-data-model/EnumAssayType,EnumAssayType
Assay,assay_type,OBI:0003523,A limits of stability assessment designed to assess an individual's ability to maintain a stable stance with feet together and eyes closed.,"stance feet together assessment, with eyes closed",OBI:0003523,https://anvilproject.github.io/acr-harmonized-data-model/EnumAssayType,EnumAssayType
Assay,assay_type,OBI:0003524,A limits of stability assessment designed to assess an individual's ability to maintain a stable stance with feet in tandem placement.,tandem stance assessment,OBI:0003524,https://anvilproject.github.io/acr-harmonized-data-model/EnumAssayType,EnumAssayType
Assay,assay_type,OBI:0003525,A limits of stability assessment designed to assess an individual's ability to maintain a stable stance on one foot.,stance on one foot assessment,OBI:0003525,https://anvilproject.github.io/acr-harmonized-data-model/EnumAssayType,EnumAssayType
Assay,assay_type,OBI:0003526,A limits of stability assessment designed to assess an individual's ability to maintain balance while walking in a straight line placing steps in tandem.,tandem walk assessment,OBI:0003526,https://anvilproject.github.io/acr-harmonized-data-model/EnumAssayType,EnumAssayType
Assay,assay_type,OBI:0003527,A limits of stability assessment designed to assess an individual's manner or pattern of walking.,gait assessment,OBI:0003527,https://anvilproject.github.io/acr-harmonized-data-model/EnumAssayType,EnumAssayType
Assay,assay_type,OBI:0003528,A functional assessment of an individual's lower cranial nerve function via proxy of facial muscle performance.,bulbar assessment,OBI:0003528,https://anvilproject.github.io/acr-harmonized-data-model/EnumAssayType,EnumAssayType
Assay,assay_type,OBI:0003529,A functional assessment of an individual's ability to articulate spoken words.,spontaneous speech assessment,OBI:0003529,https://anvilproject.github.io/acr-harmonized-data-model/EnumAssayType,EnumAssayType
Assay,assay_type,OBI:0003530,A functional assessment of an individual's ability to coordinate limb movement.,limb coordination assessment,OBI:0003530,https://anvilproject.github.io/acr-harmonized-data-model/EnumAssayType,EnumAssayType
Assay,assay_type,OBI:0003531,A limb coordination assessment designed to assess an individual's ability to coordinate upper limb movement.,upper limb coordination assessment,OBI:0003531,https://anvilproject.github.io/acr-harmonized-data-model/EnumAssayType,EnumAssayType
Assay,assay_type,OBI:0003532,A limb coordination assessment designed to assess an individual's ability to coordinate lower limb movement.,lower limb coordination assessment,OBI:0003532,https://anvilproject.github.io/acr-harmonized-data-model/EnumAssayType,EnumAssayType
Assay,assay_type,OBI:0003533,A functional assesment of an individual's nerve performance. Specifically the nerves connecting the sensory and motor structures with the central nervous system.,nervous system functionality assessment,OBI:0003533,https://anvilproject.github.io/acr-harmonized-data-model/EnumAssayType,EnumAssayType
Assay,assay_type,OBI:0003534,A functional assessment of an individual's ability to maintain upright body posture.,upright stability assessment,OBI:0003534,https://anvilproject.github.io/acr-harmonized-data-model/EnumAssayType,EnumAssayType
Assay,assay_type,OBI:0003535,A deep tendon reflex assessment of an individual's reaction to stimulus applied to a knee joint.,deep tendon reflex assessment of the knee joint,OBI:0003535,https://anvilproject.github.io/acr-harmonized-data-model/EnumAssayType,EnumAssayType
Assay,assay_type,OBI:0003536,A physical examination of an organism through visual assesment.,observational assessment of individual,OBI:0003536,https://anvilproject.github.io/acr-harmonized-data-model/EnumAssayType,EnumAssayType
Assay,assay_type,OBI:0003537,A deep tendon reflex assessment of an individual's reaction to stimulus applied to an ankle joint.,deep tendon reflex assessment of the ankle joint,OBI:0003537,https://anvilproject.github.io/acr-harmonized-data-model/EnumAssayType,EnumAssayType
Assay,assay_type,OBI:0003538,A deep tendon reflex assessment of an individual's reaction to stimulus applied to a tendon of biceps brachii.,deep tendon reflex assessment of the tendon of biceps brachii,OBI:0003538,https://anvilproject.github.io/acr-harmonized-data-model/EnumAssayType,EnumAssayType
Assay,assay_type,OBI:0003539,A deep tendon reflex assessment of an individual's reaction to stimulus applied to a brachioradialis.,deep tendon reflex assessment of the brachioradialis,OBI:0003539,https://anvilproject.github.io/acr-harmonized-data-model/EnumAssayType,EnumAssayType
Assay,assay_type,OBI:0003540,A mass spectrometry assay that uses two or more analyzers separated by a region in which ions can be induced to fragment by transfer of energy (frequently by collision with other molecules).,tandem mass spectrometry assay,OBI:0003540,https://anvilproject.github.io/acr-harmonized-data-model/EnumAssayType,EnumAssayType
Assay,assay_type,OBI:0003541,An enzyme-linked immunosorbent assay that detects the IgM antibody that binds Orientia tsutsugamushi.,ELISA measuring Orientia tsutsugamushi IgM antibody,OBI:0003541,https://anvilproject.github.io/acr-harmonized-data-model/EnumAssayType,EnumAssayType
Assay,assay_type,OBI:0003542,A microarray assay that detects the IgM antibody that binds Dengue.,microarray assay measuring Dengue IgM antibody,OBI:0003542,https://anvilproject.github.io/acr-harmonized-data-model/EnumAssayType,EnumAssayType
Assay,assay_type,OBI:0003543,A microarray assay that detects NS1.,microarray assay measuring NS1,OBI:0003543,https://anvilproject.github.io/acr-harmonized-data-model/EnumAssayType,EnumAssayType
Assay,assay_type,OBI:0003544,Analytical chromatography that detects the IgM antibody that binds Chikungunya.,analytical chromatography measuring Chikungunya IgM antibody,OBI:0003544,https://anvilproject.github.io/acr-harmonized-data-model/EnumAssayType,EnumAssayType
Assay,assay_type,OBI:0003545,An enzyme-linked immunosorbent assay that detects the IgM antibody that binds Chikungunya.,ELISA measuring Chikungunya IgM antibody,OBI:0003545,https://anvilproject.github.io/acr-harmonized-data-model/EnumAssayType,EnumAssayType
Assay,assay_type,OBI:0003546,An enzyme-linked immunosorbent assay that uses a microarray as the solid support and detects the IgM antibody that binds Chikungunya.,microarray ELISA measuring Chikungunya IgM antibody,OBI:0003546,https://anvilproject.github.io/acr-harmonized-data-model/EnumAssayType,EnumAssayType
Assay,assay_type,OBI:0003552,A chromosome conformation capture assay in which proximity ligation is conducted in nuclei prior to chromatin shearing and immunoprecipitation. Immunopreciptation with an antibody that targets a transcription factor or histone modification allows for selection and enrichment of specific genomic regions for investigation of long-range chromosomal interactions.,proximity ligation-assisted ChIP-seq,OBI:0003552,https://anvilproject.github.io/acr-harmonized-data-model/EnumAssayType,EnumAssayType
Assay,assay_type,OBI:0003576,An organism detection assay that detects microorganisms in a skin of body specimen.,skin of body microbiology assay,OBI:0003576,https://anvilproject.github.io/acr-harmonized-data-model/EnumAssayType,EnumAssayType
Assay,assay_type,OBI:0003578,An organism detection assay that detects microorganisms in a bone marrow specimen.,bone marrow microbiology assay,OBI:0003578,https://anvilproject.github.io/acr-harmonized-data-model/EnumAssayType,EnumAssayType
Assay,assay_type,OBI:0003580,An organism detection assay that detects microorganisms in a nasal aspirate specimen.,nasal aspirate microbiology assay,OBI:0003580,https://anvilproject.github.io/acr-harmonized-data-model/EnumAssayType,EnumAssayType
Assay,assay_type,OBI:0003582,A cell proliferation assay that uses carboxyfluorescein succinimidyl ester staining to detect cell division.,cell proliferation assay using carboxyfluorescein succinimidyl ester staining,OBI:0003582,https://anvilproject.github.io/acr-harmonized-data-model/EnumAssayType,EnumAssayType
Assay,assay_type,OBI:0003583,A cytometry assay which measures the number of living cells in a population.,cell viability assay,OBI:0003583,https://anvilproject.github.io/acr-harmonized-data-model/EnumAssayType,EnumAssayType
Assay,assay_type,OBI:0003584,A cell viability assay that uses Annexin V staining to detect apoptotic cells.,cell viability assay using Annexin V staining,OBI:0003584,https://anvilproject.github.io/acr-harmonized-data-model/EnumAssayType,EnumAssayType
Assay,assay_type,OBI:0003587,An assay that has cell culture as an input.,cell culture assay,OBI:0003587,https://anvilproject.github.io/acr-harmonized-data-model/EnumAssayType,EnumAssayType
Assay,assay_type,OBI:0003589,An antigen specific antibodies assay that is meant to detect antibodies that bind to Epstein-Barr virus (EBV) antigens in a serum sample.,serum anti-Epstein-Barr virus antibody level assay,OBI:0003589,https://anvilproject.github.io/acr-harmonized-data-model/EnumAssayType,EnumAssayType
Assay,assay_type,OBI:0003590,A CMV antibody assay that has serum as an input.,serum anti-cytomegalovirus antibody level assay,OBI:0003590,https://anvilproject.github.io/acr-harmonized-data-model/EnumAssayType,EnumAssayType
Assay,assay_type,OBI:0003598,A B cell receptor repertoire sequencing assay that determines the sequence of DNA or RNA molecules that encode the repertoire of B cell receptors that can be traced to a single cell of origin.,single cell B cell receptor repertoire sequencing assay,OBI:0003598,https://anvilproject.github.io/acr-harmonized-data-model/EnumAssayType,EnumAssayType
Assay,assay_type,OBI:0003599,A T cell receptor repertoire sequencing assay that determines the sequence of DNA or RNA molecules that encode the repertoire of T cell receptors that can be traced to a single cell of origin.,single cell T cell receptor repertoire sequencing assay,OBI:0003599,https://anvilproject.github.io/acr-harmonized-data-model/EnumAssayType,EnumAssayType
Assay,assay_type,OBI:0003601,An assay that measures the change in frequency of a quartz crystal resonator resulting from the addition or removal of a small mass of a ligand specifically binding at the surface of the resonator.,quartz crystal microbalance assay,OBI:0003601,https://anvilproject.github.io/acr-harmonized-data-model/EnumAssayType,EnumAssayType
Assay,assay_type,OBI:0003602,A quartz crystal microbalance assay that measures the dissociation constant [KD] of an antigen binding with an antibody.,quartz crystal microbalance assay measuring the dissociation constant [KD] of a B cell epitope:antibody complex,OBI:0003602,https://anvilproject.github.io/acr-harmonized-data-model/EnumAssayType,EnumAssayType
Assay,assay_type,OBI:0003604,A fluorescence in-situ hybridization assay that uses combinatorial FISH labeling with error resistant encoding schemes for highly multiplexed single-molecule imaging.,multiplexed error-robust fluorescence in situ hybridization assay,OBI:0003604,https://anvilproject.github.io/acr-harmonized-data-model/EnumAssayType,EnumAssayType
Assay,assay_type,OBI:0003605,"A fluorescence in-situ hybridization assay that detects single RNA molecules in fixed cells, allowing for both the quantification and localization at the single-cell level and single-molecule resolution.",single molecule fluorescence in situ hybridization,OBI:0003605,https://anvilproject.github.io/acr-harmonized-data-model/EnumAssayType,EnumAssayType
Assay,assay_type,OBI:0003612,An electron-microscopy 3D molecular structure determination assay that characterizes the 3-dimensional molecular structrue of a T cell epitope:MHC:TCR complex.,electron microscopy assay determining the 3D structure of a T cell epitope:MHC:TCR complex,OBI:0003612,https://anvilproject.github.io/acr-harmonized-data-model/EnumAssayType,EnumAssayType
Assay,assay_type,OBI:0003613,An electron-microscopy 3D molecular structure determination assay that characterizes the 3-dimensional molecular structrue of a MHC:ligand complex.,electron microscopy assay determining the 3D structure of a MHC:ligand complex,OBI:0003613,https://anvilproject.github.io/acr-harmonized-data-model/EnumAssayType,EnumAssayType
Assay,assay_type,OBI:0003659,An assay in which cells expressing a Cas system are infected with a library of guide RNAs with the intent of causing a perturbation at the target of the guide RNAs.,in vitro CRISPR screen assay,OBI:0003659,https://anvilproject.github.io/acr-harmonized-data-model/EnumAssayType,EnumAssayType
Assay,assay_type,OBI:0003660,An in vitro CRISPR screen assay that uses single-cell RNA-Seq to detect induced changes in gene expression.,in vitro CRISPR screen using single-cell RNA-seq,OBI:0003660,https://anvilproject.github.io/acr-harmonized-data-model/EnumAssayType,EnumAssayType
Assay,assay_type,OBI:0003661,An in vitro CRISPR screen assay that uses flow cytometry to detect induced changes in gene expression of the targeted genes.,in vitro CRISPR screen using flow cytometry,OBI:0003661,https://anvilproject.github.io/acr-harmonized-data-model/EnumAssayType,EnumAssayType
Assay,assay_type,OBI:0003662,A DNA methylation profiling by high throughput sequencing assay that measures the cytosine DNA methylation and gene expression signature of single nuclei.,single-nucleus methylcytosine and transcriptome sequencing assay,OBI:0003662,https://anvilproject.github.io/acr-harmonized-data-model/EnumAssayType,EnumAssayType
Assay,assay_type,OBI:0003686,"An assay that determines which regions of a DNA molecule are in the form of euchromatin and thus able to make direct physical contact with (i.e. are accessible to) other molecules such as RNA polymerase, transcription factors, etc.",chromatin accessibility assay,OBI:0003686,https://anvilproject.github.io/acr-harmonized-data-model/EnumAssayType,EnumAssayType
Assay,assay_type,OBI:0003687,A DNA methylation profiling assay in which chromatin stencils are created by treating nuclei with m6A methyltransferase (MTase) and then sequenced using single-molecule circular consensus sequencing to identify regions of accessible DNA at nucleotide resolution.,m6A-MTase sequencing assay,OBI:0003687,https://anvilproject.github.io/acr-harmonized-data-model/EnumAssayType,EnumAssayType
Assay,assay_type,OBI:0003709,A nervous system functionality assessment of learning or memory in an organism,assessment of learning and/or memory response in an organism,OBI:0003709,https://anvilproject.github.io/acr-harmonized-data-model/EnumAssayType,EnumAssayType
Assay,assay_type,OBI:0003710,A nervous system functionality assessment of auditory startle response in an organism in an anechoic chamber by exposing to sound.,assessment of startle response in an organism,OBI:0003710,https://anvilproject.github.io/acr-harmonized-data-model/EnumAssayType,EnumAssayType
Assay,assay_type,OBI:0003711,A nervous system functionality assessment that uses the grip strength of a lab animal to measure neuromuscular function.,grip strength assay,OBI:0003711,https://anvilproject.github.io/acr-harmonized-data-model/EnumAssayType,EnumAssayType
Assay,assay_type,OBI:0003712,A physical examination to assess behavior quality in a live organism.,assay of organismal behavior,OBI:0003712,https://anvilproject.github.io/acr-harmonized-data-model/EnumAssayType,EnumAssayType
Assay,assay_type,OBI:0003713,A physical examination of an organism that provides information about some developmental process in that organism.,organism development assay,OBI:0003713,https://anvilproject.github.io/acr-harmonized-data-model/EnumAssayType,EnumAssayType
Assay,assay_type,OBI:0003714,A physical examination of an organism that provides information about some reproductive process in that organism.,reproductive assay,OBI:0003714,https://anvilproject.github.io/acr-harmonized-data-model/EnumAssayType,EnumAssayType
Assay,assay_type,OBI:0003715,"An assay of a organism to measure basic physiological functions such as breathing, pulse, etc. (phylum bilateral).",vital sign assay,OBI:0003715,https://anvilproject.github.io/acr-harmonized-data-model/EnumAssayType,EnumAssayType
Assay,assay_type,OBI:0003716,A vital sign assay that determines the blood pressure (force of blood against the artery walls) of an organism.,blood pressure assay,OBI:0003716,https://anvilproject.github.io/acr-harmonized-data-model/EnumAssayType,EnumAssayType
Assay,assay_type,OBI:0003717,A pulse rate assay that measures beat to beat variability in heart beats.,heart rate variability assay,OBI:0003717,https://anvilproject.github.io/acr-harmonized-data-model/EnumAssayType,EnumAssayType
Assay,assay_type,OBI:0003718,A vital sign assay that measures the heart beat rate of an organism.,pulse rate assay,OBI:0003718,https://anvilproject.github.io/acr-harmonized-data-model/EnumAssayType,EnumAssayType
Assay,assay_type,OBI:0003719,A vital sign assay that measures the quality of respiration / respiratory system of an organism,respiratory assay,OBI:0003719,https://anvilproject.github.io/acr-harmonized-data-model/EnumAssayType,EnumAssayType
Assay,assay_type,OBI:0003720,A cytometry assay that monitors the differentiation stage of cells in culture.,cell differentiation assay,OBI:0003720,https://anvilproject.github.io/acr-harmonized-data-model/EnumAssayType,EnumAssayType
Assay,assay_type,OBI:0003721,A cytometry assay that measures DNA damage in cells.,cell based DNA damage assay,OBI:0003721,https://anvilproject.github.io/acr-harmonized-data-model/EnumAssayType,EnumAssayType
Assay,assay_type,OBI:0003722,A cytometry assay to determine the number of natural killer cells in a specimen,natural killer cell count assay,OBI:0003722,https://anvilproject.github.io/acr-harmonized-data-model/EnumAssayType,EnumAssayType
Assay,assay_type,OBI:0003723,A cytometry assay that measures the percentage of natural killer cells in a specimen.,natural killer cell percentage assay,OBI:0003723,https://anvilproject.github.io/acr-harmonized-data-model/EnumAssayType,EnumAssayType
Assay,assay_type,OBI:0003724,A cytometry assay to count the number of mature sperm in a specimen.,sperm count assay,OBI:0003724,https://anvilproject.github.io/acr-harmonized-data-model/EnumAssayType,EnumAssayType
Assay,assay_type,OBI:0003725,An assay that obtains data from one or more participants by using a survey or questionnaire,survey administration assay,OBI:0003725,https://anvilproject.github.io/acr-harmonized-data-model/EnumAssayType,EnumAssayType
Assay,assay_type,OBI:0003734,"A clinical assay that produces a data item indicating whether an organism has ever had a particular disease, lifestyle factor, immune exposure, or medical procedure.",clinical history collection assay,OBI:0003734,https://anvilproject.github.io/acr-harmonized-data-model/EnumAssayType,EnumAssayType
Assay,assay_type,OBI:0003735,An assay that measures the severity of a disease in an organism.,disease severity assay,OBI:0003735,https://anvilproject.github.io/acr-harmonized-data-model/EnumAssayType,EnumAssayType
Assay,assay_type,OBI:0003736,An assay that produces information about a genetic characteristic of an organism.,genetic characteristic assay,OBI:0003736,https://anvilproject.github.io/acr-harmonized-data-model/EnumAssayType,EnumAssayType
Assay,assay_type,OBI:0003738,An assay that classifies an organism's blood within one or more blood group classification systems by identifying antigens present in the blood.,blood type assay,OBI:0003738,https://anvilproject.github.io/acr-harmonized-data-model/EnumAssayType,EnumAssayType
Assay,assay_type,OBI:0003741,A mass spectrometry assay where a sample mixture is first separated by capillary electrophoresis before being analysed by mass spectrometry.,capillary electrophoresis mass spectrometry assay,OBI:0003741,https://anvilproject.github.io/acr-harmonized-data-model/EnumAssayType,EnumAssayType
Assay,assay_type,OBI:0003750,A cell differentiation assay that detects neurite outgrowth and/or branching,neurite outgrowth assay,OBI:0003750,https://anvilproject.github.io/acr-harmonized-data-model/EnumAssayType,EnumAssayType
Assay,assay_type,OBI:0003751,A cell differentiation assay that measures differentiation of neurons.,neuronal differentiation assay,OBI:0003751,https://anvilproject.github.io/acr-harmonized-data-model/EnumAssayType,EnumAssayType
Assay,assay_type,OBI:0003752,A cell differentiation assay that measures differentiation of oligodendrocytes.,oligodendrocyte differentiation assay,OBI:0003752,https://anvilproject.github.io/acr-harmonized-data-model/EnumAssayType,EnumAssayType
Assay,assay_type,OBI:0003753,A cell differentiation assay that measures synapse formation and maturation using antibodies to protein found in synaptic puncta.,regulation of synapse maturation assay,OBI:0003753,https://anvilproject.github.io/acr-harmonized-data-model/EnumAssayType,EnumAssayType
Assay,assay_type,OBI:0003754,A cell based DNA damage assay that uses several constructed bacterial strains to detect mutations.,Ames assay,OBI:0003754,https://anvilproject.github.io/acr-harmonized-data-model/EnumAssayType,EnumAssayType
Assay,assay_type,OBI:0003755,A cell based DNA damage assay in eukaryotic cells that detects cytoplasmic micronuclei.,micronucleus assay,OBI:0003755,https://anvilproject.github.io/acr-harmonized-data-model/EnumAssayType,EnumAssayType
Assay,assay_type,OBI:0003756,A cell based DNA damage assay in eukaryotic cells that detects loss of function through mutation of the X-linked (single-copy) Pig-a gene.,PIG-a assay,OBI:0003756,https://anvilproject.github.io/acr-harmonized-data-model/EnumAssayType,EnumAssayType
Assay,assay_type,OBI:0003757,A cell viability assay using the NAD(P)H-aided conversion of resazurin to resorufin by metabolically active cells.,cell viability assay based on detection of resorufin,OBI:0003757,https://anvilproject.github.io/acr-harmonized-data-model/EnumAssayType,EnumAssayType
Assay,assay_type,OBI:0003758,A cell death assay that uses fluorescence imaging-based detection of caspases involved in apoptosis,cell death assay using caspase abundance to detect apoptosis,OBI:0003758,https://anvilproject.github.io/acr-harmonized-data-model/EnumAssayType,EnumAssayType
Assay,assay_type,OBI:0003759,A cell viability assay which measures the number or proportion of dead cells in a population.,cell death assay,OBI:0003759,https://anvilproject.github.io/acr-harmonized-data-model/EnumAssayType,EnumAssayType
Assay,assay_type,OBI:0003760,A cell viability assay based on detection of resorufin that uses fluorescence to quantify resorufin,cell viability assay based on detection of resorufin using fluorescence to qualtify the presence of resorufin.,OBI:0003760,https://anvilproject.github.io/acr-harmonized-data-model/EnumAssayType,EnumAssayType
Assay,assay_type,OBI:0003761,A cell death assay that measures the release of intracellular LDH.,cell death assay detecting lactate dehydrogenase (LDH) release,OBI:0003761,https://anvilproject.github.io/acr-harmonized-data-model/EnumAssayType,EnumAssayType
Assay,assay_type,OBI:0003762,A cell death assay detecting lactate dehydrogenase (LDH) release by absorbance of substrate,cell death assay detecting lactate dehydrogenase (LDH) release using absorbance detection.,OBI:0003762,https://anvilproject.github.io/acr-harmonized-data-model/EnumAssayType,EnumAssayType
Assay,assay_type,OBI:0003763,A histological assay that measures the number of corpora lutea (UBERON:0002512) in the ovary of an organism; corpora lutea develop from the postovulatory follicle.,ovulation assessment in rodent assay,OBI:0003763,https://anvilproject.github.io/acr-harmonized-data-model/EnumAssayType,EnumAssayType
Assay,assay_type,OBI:0003764,An assay that performs a macroscopic assessment of a material anatomical entity using the sense of sight.,macroscopic examination of material anatomical entity assay,OBI:0003764,https://anvilproject.github.io/acr-harmonized-data-model/EnumAssayType,EnumAssayType
Assay,assay_type,OBI:0003765,A macroscopic examination of material anatomical entity assay performed on a post-mortem anatomical specimen.,pathological macroscopic examination of specimen assay,OBI:0003765,https://anvilproject.github.io/acr-harmonized-data-model/EnumAssayType,EnumAssayType
Assay,assay_type,OBI:0003766,A histological assay that evaluates cells in the vaginal endometrium to assess the estrous cycle phase the subject was in at the time of specimen collection.,estrous cycle assay based on tissue morphology,OBI:0003766,https://anvilproject.github.io/acr-harmonized-data-model/EnumAssayType,EnumAssayType
Assay,assay_type,OBI:0003767,An organism development assay performed with a late embryo stage subject.,organism development assay in late embryo,OBI:0003767,https://anvilproject.github.io/acr-harmonized-data-model/EnumAssayType,EnumAssayType
Assay,assay_type,OBI:0003768,A histological assay that measures the number of implantation sites in an organism.,pregnancy assessment based on tissue morphology assay,OBI:0003768,https://anvilproject.github.io/acr-harmonized-data-model/EnumAssayType,EnumAssayType
Assay,assay_type,OBI:0003769,A cell death assay that uses the Trypan blue vital dye to stain cells which have lost membrane integrity.,cell death assay using  vital dye,OBI:0003769,https://anvilproject.github.io/acr-harmonized-data-model/EnumAssayType,EnumAssayType
Assay,assay_type,OBI:0003770,A cytometry assay that uses a distance measurement assay to determine the length of a neurite.,neurite length assay,OBI:0003770,https://anvilproject.github.io/acr-harmonized-data-model/EnumAssayType,EnumAssayType
Assay,assay_type,OBI:0003771,"A cytometry assay that measures the degree of arborization, or branching, in neuronal processes",neurite degree of arborization assay,OBI:0003771,https://anvilproject.github.io/acr-harmonized-data-model/EnumAssayType,EnumAssayType
Assay,assay_type,OBI:0003772,A cytometry assay that measures the number of neurites in a cultured specimen.,neurite count assay,OBI:0003772,https://anvilproject.github.io/acr-harmonized-data-model/EnumAssayType,EnumAssayType
Assay,assay_type,OBI:0003773,A cytometry assay that measures the number of neurons in a sample,neuron count assay,OBI:0003773,https://anvilproject.github.io/acr-harmonized-data-model/EnumAssayType,EnumAssayType
Assay,assay_type,OBI:0003774,A regulation of synapse maturation assay that determines the number of  synaptic puncta in the cell body compartment of a neuron.,cell-body-associated presynaptic puncta count assay,OBI:0003774,https://anvilproject.github.io/acr-harmonized-data-model/EnumAssayType,EnumAssayType
Assay,assay_type,OBI:0003775,A regulation of synapse maturation assay that determines the number of synaptic puncta in the dendritic compartment of a neuron.,dendrite-associated presynaptic puncta count assay,OBI:0003775,https://anvilproject.github.io/acr-harmonized-data-model/EnumAssayType,EnumAssayType
Assay,assay_type,OBI:0003776,A regulation of synapse maturation assay that determines the number of synaptic puncta in a culture and normalizes it by the number of neurons in the culture.,synapse per neuron assay,OBI:0003776,https://anvilproject.github.io/acr-harmonized-data-model/EnumAssayType,EnumAssayType
Assay,assay_type,OBI:0003777,An assay that measures the absorbance quality of the evaluant,absorbance quality detection assay,OBI:0003777,https://anvilproject.github.io/acr-harmonized-data-model/EnumAssayType,EnumAssayType
Assay,assay_type,OBI:0003778,The analyte assay that measures the abundance of a hormone in a specimen.,hormone assay,OBI:0003778,https://anvilproject.github.io/acr-harmonized-data-model/EnumAssayType,EnumAssayType
Assay,assay_type,OBI:0003779,An analyte assay that detects a substance by measuring the release of light triggered by a chemical reaction.,chemiluminescent assay,OBI:0003779,https://anvilproject.github.io/acr-harmonized-data-model/EnumAssayType,EnumAssayType
Assay,assay_type,OBI:0003780,A chemiluminescent assay that detects a substance by measuring the release of light triggered by an electrochemical reaction.,electrochemiluminescence assay,OBI:0003780,https://anvilproject.github.io/acr-harmonized-data-model/EnumAssayType,EnumAssayType
Assay,assay_type,OBI:0003781,A mass spectrometry assay that identifies and measures proteins.,proteomics by mass spectrometry assay,OBI:0003781,https://anvilproject.github.io/acr-harmonized-data-model/EnumAssayType,EnumAssayType
Assay,assay_type,OBI:0003782,A mass spectrometry assay that identifies and measures metabolites.,metabolomics by mass spectrometry assay,OBI:0003782,https://anvilproject.github.io/acr-harmonized-data-model/EnumAssayType,EnumAssayType
Assay,assay_type,OBI:0003788,An assay performed on single cells that simultaneously measures transcript expression via single-cell RNA sequencing and profiles surface proteins via sequencing of DNA-barcodes attached to antibodies recognizing particular surface proteins from individual cells.,cellular indexing of transcriptomes and epitopes by sequencing,OBI:0003788,https://anvilproject.github.io/acr-harmonized-data-model/EnumAssayType,EnumAssayType
Assay,assay_type,OBI:0003789,An assay that determines the sequence of a DNA or RNA molecules that encode the repertoire of B cell receptors or T cell receptors within an input sample.,immune receptor repertoire profiling assay,OBI:0003789,https://anvilproject.github.io/acr-harmonized-data-model/EnumAssayType,EnumAssayType
Assay,assay_type,OBI:0003790,An assay measuring antibody-dependent complement-dependent cytotoxicity.,antibody-dependent complement deposition assay,OBI:0003790,https://anvilproject.github.io/acr-harmonized-data-model/EnumAssayType,EnumAssayType
Assay,assay_type,OBI:0003791,An analyte assay measuring bacterial flagellin in a plasma sample.,bacterial flagellin detection in plasma assay,OBI:0003791,https://anvilproject.github.io/acr-harmonized-data-model/EnumAssayType,EnumAssayType
Assay,assay_type,OBI:0003792,An analyte assay measuring bacterial flagellin in a feces sample.,bacterial flagellin detection in feces assay,OBI:0003792,https://anvilproject.github.io/acr-harmonized-data-model/EnumAssayType,EnumAssayType
Assay,assay_type,OBI:0003793,An analyte assay measuring bacterial lipopolysaccharide in a plasma sample.,bacterial lipopolysaccharide detection in plasma assay,OBI:0003793,https://anvilproject.github.io/acr-harmonized-data-model/EnumAssayType,EnumAssayType
Assay,assay_type,OBI:0003794,An analyte assay measuring bacterial lipopolysaccharide in a feces sample.,bacterial lipopolysaccharide detection in feces assay,OBI:0003794,https://anvilproject.github.io/acr-harmonized-data-model/EnumAssayType,EnumAssayType
Assay,assay_type,OBI:0003795,An analyte assay measuring adenosine deaminase activity in a sample.,adenosine deaminase activity assay,OBI:0003795,https://anvilproject.github.io/acr-harmonized-data-model/EnumAssayType,EnumAssayType
Assay,assay_type,OBI:0003796,An assay that measures neutralization of a pathogen.,pathogen neutralization assay,OBI:0003796,https://anvilproject.github.io/acr-harmonized-data-model/EnumAssayType,EnumAssayType
Assay,assay_type,OBI:0003797,A pathogen neutralization assay measuring neutralization of bacteria.,bacterial neutralization assay,OBI:0003797,https://anvilproject.github.io/acr-harmonized-data-model/EnumAssayType,EnumAssayType
Assay,assay_type,OBI:0003798,An analyte assay measuring the number of discrete viral plaques.,viral plaque assay,OBI:0003798,https://anvilproject.github.io/acr-harmonized-data-model/EnumAssayType,EnumAssayType
Assay,assay_type,OBI:0003799,An analyte assay that uses beads to measure the concentration of an analyte with a flow cytometer.,analyte detection by flow based bead assay,OBI:0003799,https://anvilproject.github.io/acr-harmonized-data-model/EnumAssayType,EnumAssayType
Assay,assay_type,OBI:0003801,A histological assay with urine evaluant that measures opacity of the urine,urine opacity assay,OBI:0003801,https://anvilproject.github.io/acr-harmonized-data-model/EnumAssayType,EnumAssayType
Assay,assay_type,OBI:0003802,A histological assay with urine evaluant that measures color.,urine color assay,OBI:0003802,https://anvilproject.github.io/acr-harmonized-data-model/EnumAssayType,EnumAssayType
Assay,assay_type,OBI:0003803,A histological assay with urine sediment as evaluant.,urine histological assay,OBI:0003803,https://anvilproject.github.io/acr-harmonized-data-model/EnumAssayType,EnumAssayType
Assay,assay_type,OBI:0003804,An assay that measures the color of the evaluant,color detection assay,OBI:0003804,https://anvilproject.github.io/acr-harmonized-data-model/EnumAssayType,EnumAssayType
Assay,assay_type,OBI:0003805,An assay that measures the opacity of the evaluant,opacity determination assay,OBI:0003805,https://anvilproject.github.io/acr-harmonized-data-model/EnumAssayType,EnumAssayType
Assay,assay_type,OBI:0003811,An estrous cycle assay based on tissue morphology that determines the number of estrous cycles observed in a defined time.,estrous cycle count assay,OBI:0003811,https://anvilproject.github.io/acr-harmonized-data-model/EnumAssayType,EnumAssayType
Assay,assay_type,OBI:0003812,An estrous cycle assay based on tissue morphology that determines the average length of a full estrous cycle observed in a defined time.,estrous cycle duration assay,OBI:0003812,https://anvilproject.github.io/acr-harmonized-data-model/EnumAssayType,EnumAssayType
Assay,assay_type,OBI:0003813,An organism development assay in late embryo that evaluates only the external surface structure of the organism,organism development assay in late embryo based on examination of surface structure,OBI:0003813,https://anvilproject.github.io/acr-harmonized-data-model/EnumAssayType,EnumAssayType
Assay,assay_type,OBI:0003814,An organism development assay in late embryo that evaluates the skeletal system of the organism,organism development assay in late embryo based on examination of skeletal system,OBI:0003814,https://anvilproject.github.io/acr-harmonized-data-model/EnumAssayType,EnumAssayType
Assay,assay_type,OBI:0003815,An organism development assay in late embryo that evaluates the anatomical system of the organism,organism development assay in late embryo based on examination of anatomical system,OBI:0003815,https://anvilproject.github.io/acr-harmonized-data-model/EnumAssayType,EnumAssayType
Assay,assay_type,OBI:0003816,An assay that measures the space between two entities.,distance measurement assay,OBI:0003816,https://anvilproject.github.io/acr-harmonized-data-model/EnumAssayType,EnumAssayType
Assay,assay_type,OBI:0003817,An assay that measures the distance between two points.,length measurement assay,OBI:0003817,https://anvilproject.github.io/acr-harmonized-data-model/EnumAssayType,EnumAssayType
Assay,assay_type,OBI:0003818,A length measurement assay that measures the length of a neonate or fetus from crown of head to base of torso (rump),crown rump length,OBI:0003818,https://anvilproject.github.io/acr-harmonized-data-model/EnumAssayType,EnumAssayType
Assay,assay_type,OBI:0003819,An assay that measures the distance traveled in a defined period of time.,path length assay,OBI:0003819,https://anvilproject.github.io/acr-harmonized-data-model/EnumAssayType,EnumAssayType
Assay,assay_type,OBI:0003820,A distance measurement assay in which the migration of cells in culture is monitored by measuring the distance between the start position and the cell's location when observed.,cell migration assay,OBI:0003820,https://anvilproject.github.io/acr-harmonized-data-model/EnumAssayType,EnumAssayType
Assay,assay_type,OBI:0003821,A cell migration assay that measures migration of an oligodendrocyte,oligodendrocyte migration assay,OBI:0003821,https://anvilproject.github.io/acr-harmonized-data-model/EnumAssayType,EnumAssayType
Assay,assay_type,OBI:0003822,A cell migration assay that measures migration of a radial glia cell,radial glial migration assay,OBI:0003822,https://anvilproject.github.io/acr-harmonized-data-model/EnumAssayType,EnumAssayType
Assay,assay_type,OBI:0003823,A cell migration assay that measures migration of a neuron,neuron migration assay,OBI:0003823,https://anvilproject.github.io/acr-harmonized-data-model/EnumAssayType,EnumAssayType
Assay,assay_type,OBI:0003824,A cell migration assay that measures migration of a neural crest cell,neural crest cell migration assay,OBI:0003824,https://anvilproject.github.io/acr-harmonized-data-model/EnumAssayType,EnumAssayType
Assay,assay_type,OBI:0003825,An assay that measures the acidity of a specimen on the pH scale.,acidity quality assay,OBI:0003825,https://anvilproject.github.io/acr-harmonized-data-model/EnumAssayType,EnumAssayType
Assay,assay_type,OBI:0003826,An assay that measures the specific gravity of a sample.,specific gravity assay,OBI:0003826,https://anvilproject.github.io/acr-harmonized-data-model/EnumAssayType,EnumAssayType
Assay,assay_type,OBI:0003827,An assay to determine the speed of an evaluant.,speed measurement assay,OBI:0003827,https://anvilproject.github.io/acr-harmonized-data-model/EnumAssayType,EnumAssayType
Assay,assay_type,OBI:0003828,An assay to measure the velocity of an evaluant,velocity measurement assay,OBI:0003828,https://anvilproject.github.io/acr-harmonized-data-model/EnumAssayType,EnumAssayType
Assay,assay_type,OBI:0003829,An assay that measures the luminescence of the evaluant,luminescence detection assay,OBI:0003829,https://anvilproject.github.io/acr-harmonized-data-model/EnumAssayType,EnumAssayType
Assay,assay_type,OBI:0003830,A cell viability assay that uses an ATP bioluminescence assay to detect ATP in the living cell,cell viability assay using luciferase to detect ATP in the cell,OBI:0003830,https://anvilproject.github.io/acr-harmonized-data-model/EnumAssayType,EnumAssayType
Assay,assay_type,OBI:0003831,An assay that measures the number of elements in a portion of a population,population count assay,OBI:0003831,https://anvilproject.github.io/acr-harmonized-data-model/EnumAssayType,EnumAssayType
Assay,assay_type,OBI:0003832,A hematology assay that measures the fragility of red blood cells by observing spillage of hemoglobin from burst cells.,hemolysis assay,OBI:0003832,https://anvilproject.github.io/acr-harmonized-data-model/EnumAssayType,EnumAssayType
Assay,assay_type,OBI:0003833,An electrophysiology assay that measures action potential events in neurons during a time period.,neuron action potential rate assay,OBI:0003833,https://anvilproject.github.io/acr-harmonized-data-model/EnumAssayType,EnumAssayType
Assay,assay_type,OBI:0003834,An electrophysiology assay that measures the number of action potential bursts in neurons during a time period.,neuron burst rate assay,OBI:0003834,https://anvilproject.github.io/acr-harmonized-data-model/EnumAssayType,EnumAssayType
Assay,assay_type,OBI:0003835,An electrophysiology assay that measures the elapsed time between consecutive action potential bursts in neurons.,neuron interburst interval assay,OBI:0003835,https://anvilproject.github.io/acr-harmonized-data-model/EnumAssayType,EnumAssayType
Assay,assay_type,OBI:0003836,An electrophysiology assay that measures the time elapsed between the first action potential in a neuron burst and the last in that burst.,neuron burst duration assay,OBI:0003836,https://anvilproject.github.io/acr-harmonized-data-model/EnumAssayType,EnumAssayType
Assay,assay_type,OBI:0003837,An electrophysiology assay that measures the time elapsed between the peaks of consecutive action potential spikes in a neuron burst.,action potential interval assay,OBI:0003837,https://anvilproject.github.io/acr-harmonized-data-model/EnumAssayType,EnumAssayType
Assay,assay_type,OBI:0003838,An electrophysiology assay that measures the number of action potential spikes occurring within a neuron burst,rate of action potentials in neuron burst assay,OBI:0003838,https://anvilproject.github.io/acr-harmonized-data-model/EnumAssayType,EnumAssayType
Assay,assay_type,OBI:0003839,A mass measurement assay with evaluant an individual organism.,body mass assay,OBI:0003839,https://anvilproject.github.io/acr-harmonized-data-model/EnumAssayType,EnumAssayType
Assay,assay_type,OBI:0003840,A body mass assay that measures the change in body mass for a subject over a period of time.,body mass change assay,OBI:0003840,https://anvilproject.github.io/acr-harmonized-data-model/EnumAssayType,EnumAssayType
Assay,assay_type,OBI:0003841,A body weight assay with evaluant individual organism specimen with quality dead.,body weight assay at death,OBI:0003841,https://anvilproject.github.io/acr-harmonized-data-model/EnumAssayType,EnumAssayType
Assay,assay_type,OBI:0003842,A mass measurement assay with evaluant tissue or bodily fluid specimen.,tissue mass assay,OBI:0003842,https://anvilproject.github.io/acr-harmonized-data-model/EnumAssayType,EnumAssayType
Assay,assay_type,OBI:0003843,A mass measurement assay with evaluant tissue expressed as a percentage of the body weight of the organism from which the specimen was derived.,tissue mass percent of body mass assay,OBI:0003843,https://anvilproject.github.io/acr-harmonized-data-model/EnumAssayType,EnumAssayType
Assay,assay_type,OBI:0003844,An age determination assay which determines the age of the subject at the time of the change from a state where it did not have a developmental stage marker to one in which it does.,developmental marker age of attainment assessment,OBI:0003844,https://anvilproject.github.io/acr-harmonized-data-model/EnumAssayType,EnumAssayType
Assay,assay_type,OBI:0003850,A protein assay that measures the abundance of cytochrome P450 in a specimen.,cytochrome P450 assay,OBI:0003850,https://anvilproject.github.io/acr-harmonized-data-model/EnumAssayType,EnumAssayType
Assay,assay_type,OBI:0003851,An analyte assay to measure the abundance of one or more growth factors in a volume of sample.,growth factor assay,OBI:0003851,https://anvilproject.github.io/acr-harmonized-data-model/EnumAssayType,EnumAssayType
Assay,assay_type,OBI:0003852,A fluorescence imaging-based cell morphology assay that uses Hoechst dye 33342,Hoechst dye assay,OBI:0003852,https://anvilproject.github.io/acr-harmonized-data-model/EnumAssayType,EnumAssayType
Assay,assay_type,OBI:0003853,An immune response assay to assess the hypersensitivity response in an organism or cell culture.,hypersensitivity assay,OBI:0003853,https://anvilproject.github.io/acr-harmonized-data-model/EnumAssayType,EnumAssayType
Assay,assay_type,OBI:0003882,A type of light microscopy assay where the images are taken with a resolution higher than the diffraction limit.,super-resolution microscopy assay,OBI:0003882,https://anvilproject.github.io/acr-harmonized-data-model/EnumAssayType,EnumAssayType
Assay,assay_type,OBI:0003885,A single-nucleotide-resolution ribonucleic acid structure mapping assay that determines nucleic acid secondary structure at the nucleotide resolution scale using 1-methyl-7-nitroisatoic anhydride as reagent and chemical probe,1M7 RNA structure mapping assay,OBI:0003885,https://anvilproject.github.io/acr-harmonized-data-model/EnumAssayType,EnumAssayType
Assay,assay_type,OBI:0003886,A single-nucleotide-resolution ribonucleic acid structure mapping assay that determines nucleic acid secondary structure at the nucleotide resolution scale using 2-methylnicotinic acid imidazolide as reagent and chemical probe,NAI RNA structure mapping assay,OBI:0003886,https://anvilproject.github.io/acr-harmonized-data-model/EnumAssayType,EnumAssayType
Assay,assay_type,OBI:0003887,A single-nucleotide-resolution ribonucleic acid structure mapping assay that determines nucleic acid secondary structure at the nucleotide resolution scale using 2-(azidomethyl)nicotinic acid imidazolide as reagent and chemical probe,NAI-N3 RNA structure mapping assay,OBI:0003887,https://anvilproject.github.io/acr-harmonized-data-model/EnumAssayType,EnumAssayType
Assay,assay_type,OBI:0003888,A single-nucleotide-resolution ribonucleic acid structure mapping assay that determines nucleic acid secondary structure at the nucleotide resolution scale using 2-aminopyridine-3-carboxylic acid imidazolide as reagent and chemical probe,2A3 RNA structure mapping assay,OBI:0003888,https://anvilproject.github.io/acr-harmonized-data-model/EnumAssayType,EnumAssayType
Assay,assay_type,OBI:0003889,A single-nucleotide-resolution ribonucleic acid structure mapping assay that determines nucleic acid secondary structure at the nucleotide resolution scale using indoline-5-carboxylic acid imidazolide as reagent and chemical probe,I5 RNA structure mapping assay,OBI:0003889,https://anvilproject.github.io/acr-harmonized-data-model/EnumAssayType,EnumAssayType
Assay,assay_type,OBI:0003890,A single-nucleotide-resolution ribonucleic acid structure mapping assay that determines nucleic acid secondary structure at the nucleotide resolution scale using 1-methylimidazole-4-carboxylic acid imidazolide as reagent and chemical probe,1M4 RNA structure mapping assay,OBI:0003890,https://anvilproject.github.io/acr-harmonized-data-model/EnumAssayType,EnumAssayType
Assay,assay_type,OBI:0003891,A single-nucleotide-resolution ribonucleic acid structure mapping assay that determines nucleic acid secondary structure at the nucleotide resolution scale using 6-aminopyridine-3-carboxylic acid imidazolide as reagent and chemical probe,6A3 RNA structure mapping assay,OBI:0003891,https://anvilproject.github.io/acr-harmonized-data-model/EnumAssayType,EnumAssayType
Assay,assay_type,OBI:0003892,A single-nucleotide-resolution ribonucleic acid structure mapping assay that determines nucleic acid secondary structure at the nucleotide resolution scale using benzotriazole-5-carboxylic acid imidazolide as reagent and chemical probe,B5 RNA structure mapping assay,OBI:0003892,https://anvilproject.github.io/acr-harmonized-data-model/EnumAssayType,EnumAssayType
Assay,assay_type,OBI:0003893,A single-nucleotide-resolution ribonucleic acid structure mapping assay that determines nucleic acid secondary structure at the nucleotide resolution scale using nicotinic acid imidazolide as reagent and chemical probe,NIC RNA structure mapping assay,OBI:0003893,https://anvilproject.github.io/acr-harmonized-data-model/EnumAssayType,EnumAssayType
Assay,assay_type,OBI:0003894,A single-nucleotide-resolution ribonucleic acid structure mapping assay that determines nucleic acid secondary structure at the nucleotide resolution scale using benzoyl cyanide as reagent and chemical probe,BzCN RNA structure mapping assay,OBI:0003894,https://anvilproject.github.io/acr-harmonized-data-model/EnumAssayType,EnumAssayType
Assay,assay_type,OBI:0003895,A single-nucleotide-resolution ribonucleic acid structure mapping assay that determines nucleic acid secondary structure at the nucleotide resolution scale using 1-methyl-6-nitroisatoic anhydride as reagent and chemical probe,1M6 RNA structure mapping assay,OBI:0003895,https://anvilproject.github.io/acr-harmonized-data-model/EnumAssayType,EnumAssayType
Assay,assay_type,OBI:0003896,A single-nucleotide-resolution ribonucleic acid structure mapping assay that determines nucleic acid secondary structure at the nucleotide resolution scale using 5-nitroisatoic anhydride as reagent and chemical probe,5NIA RNA structure mapping assay,OBI:0003896,https://anvilproject.github.io/acr-harmonized-data-model/EnumAssayType,EnumAssayType
Assay,assay_type,OBI:0003897,An assay that measures the number of cells in a portion of a cell culture or tissue or bodily fluid,cell count assay,OBI:0003897,https://anvilproject.github.io/acr-harmonized-data-model/EnumAssayType,EnumAssayType
Assay,assay_type,OBI:0003898,A hematology assay that measures the percentage of classes of leukocytes in a sample.,differential leukocyte count assay,OBI:0003898,https://anvilproject.github.io/acr-harmonized-data-model/EnumAssayType,EnumAssayType
Assay,assay_type,OBI:0003899,An electrophysiology assay that measures heart activity using electrodes placed to detect electrical signals from the heart.,electrocardiogram assay,OBI:0003899,https://anvilproject.github.io/acr-harmonized-data-model/EnumAssayType,EnumAssayType
Assay,assay_type,OBI:0003900,An assay which uses an implanted telemeter to measure physiological data in a living organism and transmit the measures via radio waves to a recording device.,telemeter sensor detection assay,OBI:0003900,https://anvilproject.github.io/acr-harmonized-data-model/EnumAssayType,EnumAssayType
Assay,assay_type,OBI:0003901,A multi-unit recording assay using a multi-electrode array (MEA) on the surface of a well on a cell culture plate.,multi-electrode array assay,OBI:0003901,https://anvilproject.github.io/acr-harmonized-data-model/EnumAssayType,EnumAssayType
Assay,assay_type,OBI:0003902,An extracellular electrophysiology recording assay to measure the integrity of a cell monolayer,transepithelial / transendothelial electrical resistance (TEER) assay,OBI:0003902,https://anvilproject.github.io/acr-harmonized-data-model/EnumAssayType,EnumAssayType
Assay,assay_type,OBI:0003903,A multi-electrode array assay that measures the number of electrodes in a well where the mean rate of action potentials is at least 5 spikes per minute.,count of multi-electrode plate electrodes detecting action potential assay,OBI:0003903,https://anvilproject.github.io/acr-harmonized-data-model/EnumAssayType,EnumAssayType
Assay,assay_type,OBI:0003904,A multi-electrode array assay that measures the number of electrodes in a well where the burst rate is at least 0.5 bursts per minute.,count of multi-electrode plate electrodes detecting neuron burst assay,OBI:0003904,https://anvilproject.github.io/acr-harmonized-data-model/EnumAssayType,EnumAssayType
Assay,assay_type,OBI:0003905,An multi-electrode assay that measures the number of events when multiple electrodes simultaneously detect an action potential during a time period.,neural network spike rate assay,OBI:0003905,https://anvilproject.github.io/acr-harmonized-data-model/EnumAssayType,EnumAssayType
Assay,assay_type,OBI:0003906,A multi-electrode assay that measures the mean duration of events when multiple electrodes detect an action potential,neural network spike duration assay,OBI:0003906,https://anvilproject.github.io/acr-harmonized-data-model/EnumAssayType,EnumAssayType
Assay,assay_type,OBI:0003907,"A multi-electrode array assay that measures the average number of electrodes detecting a network spike, measured at the peak of a network spike.",count of multi-electrode plate electrodes detecting spike peak assay,OBI:0003907,https://anvilproject.github.io/acr-harmonized-data-model/EnumAssayType,EnumAssayType
Assay,assay_type,OBI:0003908,"A multi-electrode assay that measures the average interval between network spikes, events where multiple electrodes simultaneously detect an action potential.",mean interspike interval in network spike,OBI:0003908,https://anvilproject.github.io/acr-harmonized-data-model/EnumAssayType,EnumAssayType
Assay,assay_type,OBI:0003909,An analyte assay that measures the abundance of bile acid in a volume of sample.,bile acid concentration assay,OBI:0003909,https://anvilproject.github.io/acr-harmonized-data-model/EnumAssayType,EnumAssayType
Assay,assay_type,OBI:0003910,An analyte assay that measures the abundance of urea nitrogen.,urea nitrogen assay,OBI:0003910,https://anvilproject.github.io/acr-harmonized-data-model/EnumAssayType,EnumAssayType
Assay,assay_type,OBI:0003911,A urea nitrogen assay that measures the abundance of urea nitrogen in a specimen,urea nitrogen concentration assay,OBI:0003911,https://anvilproject.github.io/acr-harmonized-data-model/EnumAssayType,EnumAssayType
Assay,assay_type,OBI:0003912,An in vitro CRISPR screen assay that uses single-cell ATAC-Seq to detect induced changes in chromatin accessibility,in vitro CRISPR screen using single-cell ATAC-seq,OBI:0003912,https://anvilproject.github.io/acr-harmonized-data-model/EnumAssayType,EnumAssayType
Assay,assay_type,OBI:0003913,A single-cell transcription profiling by RNA sequencing assay in which mRNA transcripts are metabolically labeled with 4-thiouridine to investigate temporal RNA dynamics.,single-cell metabolically labeled new RNA tagging sequencing,OBI:0003913,https://anvilproject.github.io/acr-harmonized-data-model/EnumAssayType,EnumAssayType
Assay,assay_type,OBI:0003914,A massively parallel reporter assay in which libraries of reporter constructs are transfected into samples and then measured via single cell transcriptomic methods to enable discovery of cell-specific transcriptional regulatory activity,single cell massively parallel reporter assay,OBI:0003914,https://anvilproject.github.io/acr-harmonized-data-model/EnumAssayType,EnumAssayType
Assay,assay_type,OBI:0003915,"A single-cell transcription profiling by RNA sequencing assay that involves single cell combinatorial indexing ('sci-') to profile the transcriptomes of single cells or nuclei in an ultra high-throughput manor via changes to the method, as compared to sci-RNA-seq, that include extraction of nuclei directly from fresh tissue, use of hairpin ligation for the third level of indexing, optimization of enxymatic reactions, and use of dilution instead of FACS sorting.",ultra high throughput single-cell combinatorial indexing RNA sequencing 3 assay,OBI:0003915,https://anvilproject.github.io/acr-harmonized-data-model/EnumAssayType,EnumAssayType
Assay,assay_type,OBI:0302736,A cell based DNA damage assay that measures DNA damage (DNA breakage) in eucaryotic cells exposed to a challenge by determining the size and shape of DNA migration by detecting fluorescently labeled DNA from a cell placed in an electric field using gel electrophoresis,DNA damage comet assay,OBI:0302736,https://anvilproject.github.io/acr-harmonized-data-model/EnumAssayType,EnumAssayType
Assay,assay_type,OBI:0302737,"An assay that identifies DNA sequence variation (mutation, deletion, insertions) in target DNA sequences amplified using polymerase chain reaction using gel electrophoresis and denaturating conditions",PCR-SSCP assay,OBI:0302737,https://anvilproject.github.io/acr-harmonized-data-model/EnumAssayType,EnumAssayType
Assay,assay_type,OBI:0600002,"An assay that determines the grade (severity/stage) of a tumor sample, used in cancer biology to describe abnormalities/qualities of tumor cells or tissues. Values can be described by terms from NCI Thesaurus.",tumor grading,OBI:0600002,https://anvilproject.github.io/acr-harmonized-data-model/EnumAssayType,EnumAssayType
Assay,assay_type,OBI:0600017,An assay that detects the presence or a quality of a molecular label which is a proxy for the detection of the molecular target to which the label is attached,assay detecting a molecular label,OBI:0600017,https://anvilproject.github.io/acr-harmonized-data-model/EnumAssayType,EnumAssayType
Assay,assay_type,OBI:0600020,"An assay that uses visual examination of cells or tissue (or images of them) to make an assessment regarding a quality of the cells or tissue. This assay can include steps of staining, imaging, and judgement.",histological assay,OBI:0600020,https://anvilproject.github.io/acr-harmonized-data-model/EnumAssayType,EnumAssayType
Assay,assay_type,OBI:0600025,An assay that detects a specified substance,substance detection assay,OBI:0600025,https://anvilproject.github.io/acr-harmonized-data-model/EnumAssayType,EnumAssayType
Assay,assay_type,OBI:0600026,An assay that measures the mass of a material at two or more time points,longitudinal mass measurement assay,OBI:0600026,https://anvilproject.github.io/acr-harmonized-data-model/EnumAssayType,EnumAssayType
Assay,assay_type,OBI:0600031,A cytometry assay in which cells are cultured on a surface coated with a capture antibody binding a secretory material of interest which subsequently gets stained resulting in a spot for each cell producing the secretory material of interest.,enzyme-linked immunospot assay,OBI:0600031,https://anvilproject.github.io/acr-harmonized-data-model/EnumAssayType,EnumAssayType
Assay,assay_type,OBI:0600045,An assay that determines the 3-dimensional configuration of an input material.,3D structure determination assay,OBI:0600045,https://anvilproject.github.io/acr-harmonized-data-model/EnumAssayType,EnumAssayType
Assay,assay_type,OBI:0600047,An assay the uses chemical or biochemical means to infer the sequence of a biomaterial,sequencing assay,OBI:0600047,https://anvilproject.github.io/acr-harmonized-data-model/EnumAssayType,EnumAssayType
Assay,assay_type,OBI:1110013,An enzyme-linked immunospot assay that detects interleukin-2 production by T cells.,ELISPOT assay measuring epitope specific interleukin-2 production by T cells,OBI:1110013,https://anvilproject.github.io/acr-harmonized-data-model/EnumAssayType,EnumAssayType
Assay,assay_type,OBI:1110037,A T cell epitope assay that measures the binding of T cell receptor to an epitope.,assay measuring binding of a T cell epitope:MHC:TCR complex,OBI:1110037,https://anvilproject.github.io/acr-harmonized-data-model/EnumAssayType,EnumAssayType
Assay,assay_type,OBI:1110059,An enzyme-linked immunospot assay that detects interferon-gamma production by T cells.,ELISPOT assay measuring epitope specific interferon-gamma production by T cells,OBI:1110059,https://anvilproject.github.io/acr-harmonized-data-model/EnumAssayType,EnumAssayType
Assay,assay_type,OBI:1110124,"An assay that detects the binding of a MHC:epitope complex with a T cell receptor, and produces a qualitative measurement of the binding as an output.",assay measuring qualitative binding of a T cell epitope:MHC:TCR complex,OBI:1110124,https://anvilproject.github.io/acr-harmonized-data-model/EnumAssayType,EnumAssayType
Assay,assay_type,OBI:1110125,A MHC ligand assay that determines what ligands are processed and loaded onto MHC molecules by eluting ligands and identifying them.,assay measuring MHC ligand processing and presentation,OBI:1110125,https://anvilproject.github.io/acr-harmonized-data-model/EnumAssayType,EnumAssayType
Assay,assay_type,OBI:1110126,A MHC ligand assay that detects the binding of a ligand to an MHC molecule.,assay measuring binding of a MHC:ligand complex,OBI:1110126,https://anvilproject.github.io/acr-harmonized-data-model/EnumAssayType,EnumAssayType
Assay,assay_type,OBI:1110127,A B cell epitope assay that measures the binding of an antibody receptor to an epitope.,assay measuring binding of a B cell epitope:antibody complex,OBI:1110127,https://anvilproject.github.io/acr-harmonized-data-model/EnumAssayType,EnumAssayType
Assay,assay_type,OBI:1110128,"An assay that detects the binding of an epitope to an adaptive immune receptor, or an immune process resulting from such a binding event, or characterizes the structrue of the complex resulting from such a binding event.",immune epitope assay,OBI:1110128,https://anvilproject.github.io/acr-harmonized-data-model/EnumAssayType,EnumAssayType
Assay,assay_type,OBI:1110129,A T cell epitope assay that detects cytokine production by T cells.,assay measuring epitope specific cytokine production by T cells,OBI:1110129,https://anvilproject.github.io/acr-harmonized-data-model/EnumAssayType,EnumAssayType
Assay,assay_type,OBI:1110130,A T cell epitope dependent biological activity assay that detects the killing of an antigen presenting cell (APC) by a T cell whose TCR recognizes an epitope presented by the APC.,assay measuring epitope specific T cell killing,OBI:1110130,https://anvilproject.github.io/acr-harmonized-data-model/EnumAssayType,EnumAssayType
Assay,assay_type,OBI:1110131,A T cell epitope dependent biological activity assay that detects T cell proliferation.,assay measuring epitope specific proliferation of T cells,OBI:1110131,https://anvilproject.github.io/acr-harmonized-data-model/EnumAssayType,EnumAssayType
Assay,assay_type,OBI:1110150,A chromium release assay that detects the killing of an antigen presenting cell (APC) by a T cell whose TCR recognizes an epitope presented by the APC.,51 chromium assay measuring epitope specific T cell killing,OBI:1110150,https://anvilproject.github.io/acr-harmonized-data-model/EnumAssayType,EnumAssayType
Assay,assay_type,OBI:1110151,An enzyme-linked immunosorbent assay that detects interferon-gamma production by T cells.,ELISA measuring epitope specific interferon-gamma production by T cells,OBI:1110151,https://anvilproject.github.io/acr-harmonized-data-model/EnumAssayType,EnumAssayType
Assay,assay_type,OBI:1110152,An enzyme-linked immunosorbent assay that detects interleukin-2 production by T cells.,ELISA measuring epitope specific interleukin-2 production by T cells,OBI:1110152,https://anvilproject.github.io/acr-harmonized-data-model/EnumAssayType,EnumAssayType
Assay,assay_type,OBI:1110153,An enzyme-linked immunosorbent assay that detects interleukin-4 production by T cells.,ELISA measuring epitope specific interleukin-4 production by T cells,OBI:1110153,https://anvilproject.github.io/acr-harmonized-data-model/EnumAssayType,EnumAssayType
Assay,assay_type,OBI:1110154,An enzyme-linked immunosorbent assay that detects interleukin-5 production by T cells.,ELISA measuring epitope specific interleukin-5 production by T cells,OBI:1110154,https://anvilproject.github.io/acr-harmonized-data-model/EnumAssayType,EnumAssayType
Assay,assay_type,OBI:1110155,An enzyme-linked immunosorbent assay that detects tumor necrosis factor alpha production by T cells.,ELISA measuring epitope specific tumor necrosis factor alpha production by T cells,OBI:1110155,https://anvilproject.github.io/acr-harmonized-data-model/EnumAssayType,EnumAssayType
Assay,assay_type,OBI:1110156,An enzyme-linked immunosorbent assay that detects interleukin-10 production by T cells.,ELISA measuring epitope specific interleukin-10 production by T cells,OBI:1110156,https://anvilproject.github.io/acr-harmonized-data-model/EnumAssayType,EnumAssayType
Assay,assay_type,OBI:1110157,An enzyme-linked immunosorbent assay that detects granulocyte macrophage colony stimulating factor production by T cells.,ELISA measuring epitope specific granulocyte macrophage colony-stimulating factor production by T cells,OBI:1110157,https://anvilproject.github.io/acr-harmonized-data-model/EnumAssayType,EnumAssayType
Assay,assay_type,OBI:1110158,An enzyme-linked immunosorbent assay that detects interleukin-6 production by T cells.,ELISA measuring epitope specific interleukin-6 production by T cells,OBI:1110158,https://anvilproject.github.io/acr-harmonized-data-model/EnumAssayType,EnumAssayType
Assay,assay_type,OBI:1110159,An enzyme-linked immunosorbent assay that detects interleukin-13 production by T cells.,ELISA measuring epitope specific interleukin-13 production by T cells,OBI:1110159,https://anvilproject.github.io/acr-harmonized-data-model/EnumAssayType,EnumAssayType
Assay,assay_type,OBI:1110160,An enzyme-linked immunosorbent assay that detects interleukin-12 production by T cells.,ELISA measuring epitope specific interleukin-12 production by T cells,OBI:1110160,https://anvilproject.github.io/acr-harmonized-data-model/EnumAssayType,EnumAssayType
Assay,assay_type,OBI:1110161,An enzyme-linked immunosorbent assay that detects interleukin-1 beta production by T cells.,ELISA measuring epitope specific interleukin-1 beta production by T cells,OBI:1110161,https://anvilproject.github.io/acr-harmonized-data-model/EnumAssayType,EnumAssayType
Assay,assay_type,OBI:1110162,An enzyme-linked immunosorbent assay that detects interleukin-17 production by T cells.,ELISA measuring epitope specific interleukin-17 production by T cells,OBI:1110162,https://anvilproject.github.io/acr-harmonized-data-model/EnumAssayType,EnumAssayType
Assay,assay_type,OBI:1110163,An enzyme-linked immunosorbent assay that detects interleukin-18 production by T cells.,ELISA measuring epitope specific interleukin-18 production by T cells,OBI:1110163,https://anvilproject.github.io/acr-harmonized-data-model/EnumAssayType,EnumAssayType
Assay,assay_type,OBI:1110167,An enzyme-linked immunospot assay that detects interleukin-4 production by T cells.,ELISPOT assay measuring epitope specific interleukin-4 production by T cells,OBI:1110167,https://anvilproject.github.io/acr-harmonized-data-model/EnumAssayType,EnumAssayType
Assay,assay_type,OBI:1110168,An enzyme-linked immunospot assay that detects tumor necrosis factor alpha production by T cells,ELISPOT assay measuring epitope specific tumor necrosis factor alpha production by T cells,OBI:1110168,https://anvilproject.github.io/acr-harmonized-data-model/EnumAssayType,EnumAssayType
Assay,assay_type,OBI:1110170,An enzyme-linked immunospot assay that detects interleukin-10 production by T cells.,ELISPOT assay measuring epitope specific interleukin-10 production by T cells,OBI:1110170,https://anvilproject.github.io/acr-harmonized-data-model/EnumAssayType,EnumAssayType
Assay,assay_type,OBI:1110171,An enzyme-linked immunospot assay that detects interleukin-13 production by T cells.,ELISPOT assay measuring epitope specific interleukin-13 production by T cells,OBI:1110171,https://anvilproject.github.io/acr-harmonized-data-model/EnumAssayType,EnumAssayType
Assay,assay_type,OBI:1110172,A flow cytometry assay that detects interferon-gamma production by T cells.,intracellular cytokine staining assay measuring epitope specific interferon-gamma production by T cells,OBI:1110172,https://anvilproject.github.io/acr-harmonized-data-model/EnumAssayType,EnumAssayType
Assay,assay_type,OBI:1110173,A flow cytometry assay that detects interleukin-2 production by T cells.,intracellular cytokine staining assay measuring epitope specific interleukin-2 production by T cells,OBI:1110173,https://anvilproject.github.io/acr-harmonized-data-model/EnumAssayType,EnumAssayType
Assay,assay_type,OBI:1110174,A flow cytometry assay that detects tumor necrosis factor alpha production by T cells.,intracellular cytokine staining assay measuring epitope specific tumor necrosis factor alpha production by T cells,OBI:1110174,https://anvilproject.github.io/acr-harmonized-data-model/EnumAssayType,EnumAssayType
Assay,assay_type,OBI:1110175,A flow cytometry assay that detects interleukin-4 production by T cells.,intracellular cytokine staining assay measuring epitope specific interleukin-4 production by T cells,OBI:1110175,https://anvilproject.github.io/acr-harmonized-data-model/EnumAssayType,EnumAssayType
Assay,assay_type,OBI:1110177,A flow cytometry assay that detects interleukin-10 production by T cells.,intracellular cytokine staining assay measuring epitope specific interleukin-10 production by T cells,OBI:1110177,https://anvilproject.github.io/acr-harmonized-data-model/EnumAssayType,EnumAssayType
Assay,assay_type,OBI:1110178,A flow cytometry assay that detects interleukin-17 production by T cells.,intracellular cytokine staining assay measuring epitope specific interleukin-17 production by T cells,OBI:1110178,https://anvilproject.github.io/acr-harmonized-data-model/EnumAssayType,EnumAssayType
Assay,assay_type,OBI:1110179,A MHC tetramer/multimer assay that measures the binding of an epitope:MHC complex binding with a T cell receptor.,MHC tetramer/multimer assay measuring binding of a T cell epitope:MHC:TCR complex,OBI:1110179,https://anvilproject.github.io/acr-harmonized-data-model/EnumAssayType,EnumAssayType
Assay,assay_type,OBI:1110180,A tritiated thymidine incorporation assay that detects T cell epitope specific proliferation in vitro.,3H-thymidine assay measuring epitope specific proliferation of T cells,OBI:1110180,https://anvilproject.github.io/acr-harmonized-data-model/EnumAssayType,EnumAssayType
Assay,assay_type,OBI:1110181,A BrdU incorporation assay that detects T cell epitope specific proliferation in vitro.,BrdU assay measuring epitope specific proliferation of T cells,OBI:1110181,https://anvilproject.github.io/acr-harmonized-data-model/EnumAssayType,EnumAssayType
Assay,assay_type,OBI:1110207,An assay that determines information about the production of the cytokine interferon gamma,assay detecting IFN-gamma production,OBI:1110207,https://anvilproject.github.io/acr-harmonized-data-model/EnumAssayType,EnumAssayType
Assay,assay_type,OBI:2100001,An analyte assay that measures the abundance of carbon dioxide,carbon dioxide assay,OBI:2100001,https://anvilproject.github.io/acr-harmonized-data-model/EnumAssayType,EnumAssayType
Assay,assay_type,OBI:2100002,An analyte assay that measures the abundance of sodium(1+),sodium(1+) assay,OBI:2100002,https://anvilproject.github.io/acr-harmonized-data-model/EnumAssayType,EnumAssayType
Assay,assay_type,OBI:2100003,An analyte assay that measures the abundance of creatinine,creatinine assay,OBI:2100003,https://anvilproject.github.io/acr-harmonized-data-model/EnumAssayType,EnumAssayType
Assay,assay_type,OBI:2100004,An analyte assay that measures the abundance of potassium(1+),potassium(1+) assay,OBI:2100004,https://anvilproject.github.io/acr-harmonized-data-model/EnumAssayType,EnumAssayType
Assay,assay_type,OBI:2100005,A cytometry assay that measures the count of basophils,basophil count assay,OBI:2100005,https://anvilproject.github.io/acr-harmonized-data-model/EnumAssayType,EnumAssayType
Assay,assay_type,OBI:2100006,A cytometry assay that measures the count of neutrophils,neutrophil count assay,OBI:2100006,https://anvilproject.github.io/acr-harmonized-data-model/EnumAssayType,EnumAssayType
Assay,assay_type,OBI:2100007,A cytometry assay that measures the count of eosinophils,eosinophil count assay,OBI:2100007,https://anvilproject.github.io/acr-harmonized-data-model/EnumAssayType,EnumAssayType
Assay,assay_type,OBI:2100008,A cytometry assay that measures the count of lymphocytes,lymphocyte count assay,OBI:2100008,https://anvilproject.github.io/acr-harmonized-data-model/EnumAssayType,EnumAssayType
Assay,assay_type,OBI:2100009,A cytometry assay that measures the count of monocytes,monocyte count assay,OBI:2100009,https://anvilproject.github.io/acr-harmonized-data-model/EnumAssayType,EnumAssayType
Assay,assay_type,OBI:2100010,An analyte assay that measures the abundance of chloride,chloride assay,OBI:2100010,https://anvilproject.github.io/acr-harmonized-data-model/EnumAssayType,EnumAssayType
Assay,assay_type,OBI:2100011,A cytometry assay that measures the count of erythrocytes,erythrocyte count assay,OBI:2100011,https://anvilproject.github.io/acr-harmonized-data-model/EnumAssayType,EnumAssayType
Assay,assay_type,OBI:2100012,A cytometry assay that measures the count of platelets,platelet count assay,OBI:2100012,https://anvilproject.github.io/acr-harmonized-data-model/EnumAssayType,EnumAssayType
Assay,assay_type,OBI:2100013,A cytometry assay that measures the count of leukocytes,leukocyte count assay,OBI:2100013,https://anvilproject.github.io/acr-harmonized-data-model/EnumAssayType,EnumAssayType
Assay,assay_type,OBI:2100014,An analyte assay that measures the abundance of hemoglobin,hemoglobin assay,OBI:2100014,https://anvilproject.github.io/acr-harmonized-data-model/EnumAssayType,EnumAssayType
Assay,assay_type,OBI:2100015,An analyte assay that measures the abundance of phosphate ion,phosphate ion assay,OBI:2100015,https://anvilproject.github.io/acr-harmonized-data-model/EnumAssayType,EnumAssayType
Assay,assay_type,OBI:2100016,An analyte assay that measures the abundance of alanine aminotransferase,alanine aminotransferase assay,OBI:2100016,https://anvilproject.github.io/acr-harmonized-data-model/EnumAssayType,EnumAssayType
Assay,assay_type,OBI:2100017,An analyte assay that measures the abundance of alkaline phosphatase (human),alkaline phosphatase (human) assay,OBI:2100017,https://anvilproject.github.io/acr-harmonized-data-model/EnumAssayType,EnumAssayType
Assay,assay_type,OBI:2100018,An analyte assay that measures the abundance of bilirubin IXalpha,bilirubin IXalpha assay,OBI:2100018,https://anvilproject.github.io/acr-harmonized-data-model/EnumAssayType,EnumAssayType
Assay,assay_type,OBI:2100019,An analyte assay that measures the abundance of aspartate aminotransferase (human),aspartate aminotransferase (human) assay,OBI:2100019,https://anvilproject.github.io/acr-harmonized-data-model/EnumAssayType,EnumAssayType
Assay,assay_type,OBI:2100020,An analyte assay that measures the abundance of glucose,glucose assay,OBI:2100020,https://anvilproject.github.io/acr-harmonized-data-model/EnumAssayType,EnumAssayType
Assay,assay_type,OBI:2100021,An analyte assay that measures the abundance of magnesium cation,magnesium cation assay,OBI:2100021,https://anvilproject.github.io/acr-harmonized-data-model/EnumAssayType,EnumAssayType
Assay,assay_type,OBI:2100022,An analyte assay that measures the abundance of albumin,albumin assay,OBI:2100022,https://anvilproject.github.io/acr-harmonized-data-model/EnumAssayType,EnumAssayType
Assay,assay_type,OBI:2100023,An analyte assay that measures the abundance of protein,protein assay,OBI:2100023,https://anvilproject.github.io/acr-harmonized-data-model/EnumAssayType,EnumAssayType
Assay,assay_type,OBI:2100024,An analyte assay that measures the abundance of calcium cation,calcium cation assay,OBI:2100024,https://anvilproject.github.io/acr-harmonized-data-model/EnumAssayType,EnumAssayType
Assay,assay_type,OBI:2100025,An analyte assay that measures the abundance of creatine kinase,creatine kinase assay,OBI:2100025,https://anvilproject.github.io/acr-harmonized-data-model/EnumAssayType,EnumAssayType
Assay,assay_type,OBI:2100026,A cytometry assay that measures the count of nucleate erythrocytes,nucleate erythrocyte count assay,OBI:2100026,https://anvilproject.github.io/acr-harmonized-data-model/EnumAssayType,EnumAssayType
Assay,assay_type,OBI:2100027,A cytometry assay that measures the count of segmented neutrophil of bone marrows,segmented neutrophil of bone marrow count assay,OBI:2100027,https://anvilproject.github.io/acr-harmonized-data-model/EnumAssayType,EnumAssayType
Assay,assay_type,OBI:2100028,An assay that measures lactate dehydrogenase complex,lactate dehydrogenase complex assay,OBI:2100028,https://anvilproject.github.io/acr-harmonized-data-model/EnumAssayType,EnumAssayType
Assay,assay_type,OBI:2100029,An analyte assay that measures the abundance of triglyceride,triglyceride assay,OBI:2100029,https://anvilproject.github.io/acr-harmonized-data-model/EnumAssayType,EnumAssayType
Assay,assay_type,OBI:2100030,An analyte assay that measures the abundance of high-density lipoprotein cholesterol,high-density lipoprotein cholesterol assay,OBI:2100030,https://anvilproject.github.io/acr-harmonized-data-model/EnumAssayType,EnumAssayType
Assay,assay_type,OBI:2100031,An analyte assay that measures the abundance of cholesterol,cholesterol assay,OBI:2100031,https://anvilproject.github.io/acr-harmonized-data-model/EnumAssayType,EnumAssayType
Assay,assay_type,OBI:2100032,An analyte assay that measures the abundance of low-density lipoprotein cholesterol,low-density lipoprotein cholesterol assay,OBI:2100032,https://anvilproject.github.io/acr-harmonized-data-model/EnumAssayType,EnumAssayType
Assay,assay_type,OBI:2100033,An analyte assay that measures the abundance of thyroid stimulating hormone,thyroid stimulating hormone assay,OBI:2100033,https://anvilproject.github.io/acr-harmonized-data-model/EnumAssayType,EnumAssayType
Assay,assay_type,OBI:2100034,An analyte assay that measures the abundance of prostate-specific antigen,prostate-specific antigen assay,OBI:2100034,https://anvilproject.github.io/acr-harmonized-data-model/EnumAssayType,EnumAssayType
Assay,assay_type,OBI:2100035,An analyte assay that measures the abundance of thyroxine,thyroxine assay,OBI:2100035,https://anvilproject.github.io/acr-harmonized-data-model/EnumAssayType,EnumAssayType
Assay,assay_type,OBI:2100036,An analyte assay that measures the abundance of elemental oxygen,elemental oxygen assay,OBI:2100036,https://anvilproject.github.io/acr-harmonized-data-model/EnumAssayType,EnumAssayType
Assay,assay_type,OBI:2100037,An analyte assay that measures the abundance of folic acids,folic acids assay,OBI:2100037,https://anvilproject.github.io/acr-harmonized-data-model/EnumAssayType,EnumAssayType
Assay,assay_type,OBI:2100038,A cytometry assay that measures the count of reticulocytes,reticulocyte count assay,OBI:2100038,https://anvilproject.github.io/acr-harmonized-data-model/EnumAssayType,EnumAssayType
Assay,assay_type,OBI:2100039,An assay that measures osmolality,osmolality assay,OBI:2100039,https://anvilproject.github.io/acr-harmonized-data-model/EnumAssayType,EnumAssayType
Assay,assay_type,OBI:2100040,An analyte assay that measures the abundance of methemoglobin,methemoglobin assay,OBI:2100040,https://anvilproject.github.io/acr-harmonized-data-model/EnumAssayType,EnumAssayType
Assay,assay_type,OBI:2100041,"An assay that measures cytosolic creatine kinase complex, MB-type","cytosolic creatine kinase complex, MB-type assay",OBI:2100041,https://anvilproject.github.io/acr-harmonized-data-model/EnumAssayType,EnumAssayType
Assay,assay_type,OBI:2100042,An assay that measures rac-lactic acid,rac-lactic acid assay,OBI:2100042,https://anvilproject.github.io/acr-harmonized-data-model/EnumAssayType,EnumAssayType
Assay,assay_type,OBI:2100043,An analyte assay that measures the abundance of hydrogencarbonate,hydrogencarbonate assay,OBI:2100043,https://anvilproject.github.io/acr-harmonized-data-model/EnumAssayType,EnumAssayType
Assay,assay_type,OBI:2100044,An analyte assay that measures the abundance of vancomycin,vancomycin assay,OBI:2100044,https://anvilproject.github.io/acr-harmonized-data-model/EnumAssayType,EnumAssayType
Assay,assay_type,OBI:2100045,An analyte assay that measures the abundance of tobramycin,tobramycin assay,OBI:2100045,https://anvilproject.github.io/acr-harmonized-data-model/EnumAssayType,EnumAssayType
Assay,assay_type,OBI:2100046,"An analyte assay that measures the abundance of 3,3',5'-triiodothyronine","3,3',5'-triiodothyronine assay",OBI:2100046,https://anvilproject.github.io/acr-harmonized-data-model/EnumAssayType,EnumAssayType
Assay,assay_type,OBI:2100047,An analyte assay that measures the abundance of C-reactive protein,C-reactive protein assay,OBI:2100047,https://anvilproject.github.io/acr-harmonized-data-model/EnumAssayType,EnumAssayType
Assay,assay_type,OBI:2100048,A cytometry assay that measures the count of megakaryocytes,megakaryocyte count assay,OBI:2100048,https://anvilproject.github.io/acr-harmonized-data-model/EnumAssayType,EnumAssayType
Assay,assay_type,OBI:2100049,A cytometry assay that measures the count of mesothelial cells,mesothelial cell count assay,OBI:2100049,https://anvilproject.github.io/acr-harmonized-data-model/EnumAssayType,EnumAssayType
Assay,assay_type,OBI:2100050,A cytometry assay that measures the count of macrophages,macrophage count assay,OBI:2100050,https://anvilproject.github.io/acr-harmonized-data-model/EnumAssayType,EnumAssayType
Assay,assay_type,OBI:2100051,An analyte assay that measures the abundance of 3-hydroxybutyric acid,3-hydroxybutyric acid assay,OBI:2100051,https://anvilproject.github.io/acr-harmonized-data-model/EnumAssayType,EnumAssayType
Assay,assay_type,OBI:2100052,An analyte assay that measures the abundance of carbon dioxide in venous blood as part of a panel5 order,panel5 venous blood carbon dioxide assay,OBI:2100052,https://anvilproject.github.io/acr-harmonized-data-model/EnumAssayType,EnumAssayType
Assay,assay_type,OBI:2100053,An analyte assay that measures the abundance of sodium in venous blood as part of a panel5 order,panel5 venous blood sodium assay,OBI:2100053,https://anvilproject.github.io/acr-harmonized-data-model/EnumAssayType,EnumAssayType
Assay,assay_type,OBI:2100054,An analyte assay that measures the abundance of creatinine in venous blood as part of a panel5 order,panel5 venous blood creatinine assay,OBI:2100054,https://anvilproject.github.io/acr-harmonized-data-model/EnumAssayType,EnumAssayType
Assay,assay_type,OBI:2100055,An analyte assay that measures the abundance of potassium in venous blood as part of a panel5 order,panel5 venous blood potassium assay,OBI:2100055,https://anvilproject.github.io/acr-harmonized-data-model/EnumAssayType,EnumAssayType
Assay,assay_type,OBI:2100056,A cytometry assay that measures the count of basophils in venous blood as part of a automated differential order,automated differential venous blood basophil count assay,OBI:2100056,https://anvilproject.github.io/acr-harmonized-data-model/EnumAssayType,EnumAssayType
Assay,assay_type,OBI:2100057,A cytometry assay that measures the count of neutrophils in venous blood as part of a automated differential order,automated differential venous blood neutrophil count assay,OBI:2100057,https://anvilproject.github.io/acr-harmonized-data-model/EnumAssayType,EnumAssayType
Assay,assay_type,OBI:2100058,A cytometry assay that measures the count of eosinophils in venous blood as part of a automated differential order,automated differential venous blood eosinophil count assay,OBI:2100058,https://anvilproject.github.io/acr-harmonized-data-model/EnumAssayType,EnumAssayType
Assay,assay_type,OBI:2100059,A cytometry assay that measures the count of lymphocytes in venous blood as part of a automated differential order,automated differential venous blood lymphocyte count assay,OBI:2100059,https://anvilproject.github.io/acr-harmonized-data-model/EnumAssayType,EnumAssayType
Assay,assay_type,OBI:2100060,A cytometry assay that measures the count of monocytes in venous blood as part of a automated differential order,automated differential venous blood monocyte count assay,OBI:2100060,https://anvilproject.github.io/acr-harmonized-data-model/EnumAssayType,EnumAssayType
Assay,assay_type,OBI:2100061,An analyte assay that measures the abundance of chloride in venous blood,venous blood chloride assay,OBI:2100061,https://anvilproject.github.io/acr-harmonized-data-model/EnumAssayType,EnumAssayType
Assay,assay_type,OBI:2100062,A cytometry assay that measures the count of RBCs in venous blood as part of a CBC with automated differential order,CBC with automated differential venous blood RBC count assay,OBI:2100062,https://anvilproject.github.io/acr-harmonized-data-model/EnumAssayType,EnumAssayType
Assay,assay_type,OBI:2100063,A cytometry assay that measures the count of platelets in venous blood as part of a CBC with automated differential order,CBC with automated differential venous blood platelet count assay,OBI:2100063,https://anvilproject.github.io/acr-harmonized-data-model/EnumAssayType,EnumAssayType
Assay,assay_type,OBI:2100064,A cytometry assay that measures the count of WBCs in venous blood as part of a CBC with automated differential order,CBC with automated differential venous blood WBC count assay,OBI:2100064,https://anvilproject.github.io/acr-harmonized-data-model/EnumAssayType,EnumAssayType
Assay,assay_type,OBI:2100065,A cytometry assay that measures the proportion of red blood cells in venous blood as part of a CBC with automated differential order,CBC with automated differential venous blood hematocrit assay,OBI:2100065,https://anvilproject.github.io/acr-harmonized-data-model/EnumAssayType,EnumAssayType
Assay,assay_type,OBI:2100066,An analyte assay that measures the abundance of hemoglobin in venous blood as part of a CBC with automated differential order,CBC with automated differential venous blood hemoglobin assay,OBI:2100066,https://anvilproject.github.io/acr-harmonized-data-model/EnumAssayType,EnumAssayType
Assay,assay_type,OBI:2100067,An analyte assay that measures the abundance of phosphate in venous blood,venous blood phosphate assay,OBI:2100067,https://anvilproject.github.io/acr-harmonized-data-model/EnumAssayType,EnumAssayType
Assay,assay_type,OBI:2100068,An analyte assay that measures the abundance of alanine aminotransferase in venous blood as part of a liver injury order,liver injury venous blood alanine aminotransferase assay,OBI:2100068,https://anvilproject.github.io/acr-harmonized-data-model/EnumAssayType,EnumAssayType
Assay,assay_type,OBI:2100069,An analyte assay that measures the abundance of human alkaline phosphatase in venous blood as part of a liver injury order,liver injury venous blood human alkaline phosphatase assay,OBI:2100069,https://anvilproject.github.io/acr-harmonized-data-model/EnumAssayType,EnumAssayType
Assay,assay_type,OBI:2100070,An analyte assay that measures the abundance of bilirubin in venous blood as part of a liver injury order,liver injury venous blood bilirubin assay,OBI:2100070,https://anvilproject.github.io/acr-harmonized-data-model/EnumAssayType,EnumAssayType
Assay,assay_type,OBI:2100071,An analyte assay that measures the abundance of human aspartate aminotransferase in venous blood as part of a liver injury order,liver injury venous blood human aspartate aminotransferase assay,OBI:2100071,https://anvilproject.github.io/acr-harmonized-data-model/EnumAssayType,EnumAssayType
Assay,assay_type,OBI:2100072,An analyte assay that measures the abundance of glucose in venous blood,venous blood glucose assay,OBI:2100072,https://anvilproject.github.io/acr-harmonized-data-model/EnumAssayType,EnumAssayType
Assay,assay_type,OBI:2100073,An analyte assay that measures the abundance of magnesium in venous blood,venous blood magnesium assay,OBI:2100073,https://anvilproject.github.io/acr-harmonized-data-model/EnumAssayType,EnumAssayType
Assay,assay_type,OBI:2100074,A cytometry assay that measures the count of RBCs in venous blood as part of a CBC order,CBC venous blood RBC count assay,OBI:2100074,https://anvilproject.github.io/acr-harmonized-data-model/EnumAssayType,EnumAssayType
Assay,assay_type,OBI:2100075,A cytometry assay that measures the count of WBCs in venous blood as part of a CBC order,CBC venous blood WBC count assay,OBI:2100075,https://anvilproject.github.io/acr-harmonized-data-model/EnumAssayType,EnumAssayType
Assay,assay_type,OBI:2100076,A cytometry assay that measures the proportion of red blood cells in venous blood as part of a CBC order,CBC venous blood hematocrit assay,OBI:2100076,https://anvilproject.github.io/acr-harmonized-data-model/EnumAssayType,EnumAssayType
Assay,assay_type,OBI:2100077,A cytometry assay that measures the count of platelets in venous blood as part of a CBC order,CBC venous blood platelet count assay,OBI:2100077,https://anvilproject.github.io/acr-harmonized-data-model/EnumAssayType,EnumAssayType
Assay,assay_type,OBI:2100078,An analyte assay that measures the abundance of hemoglobin in venous blood as part of a CBC order,CBC venous blood hemoglobin assay,OBI:2100078,https://anvilproject.github.io/acr-harmonized-data-model/EnumAssayType,EnumAssayType
Assay,assay_type,OBI:2100079,A cytometry assay that measures the count of leukocytes in venous blood as part of a corrected order,corrected venous blood leukocyte count assay,OBI:2100079,https://anvilproject.github.io/acr-harmonized-data-model/EnumAssayType,EnumAssayType
Assay,assay_type,OBI:2100080,An analyte assay that measures the abundance of bilirubin in venous blood as part of a liver evaluation order,liver evaluation venous blood bilirubin assay,OBI:2100080,https://anvilproject.github.io/acr-harmonized-data-model/EnumAssayType,EnumAssayType
Assay,assay_type,OBI:2100081,An analyte assay that measures the abundance of globulin in venous blood as part of a liver evaluation order,liver evaluation venous blood globulin assay,OBI:2100081,https://anvilproject.github.io/acr-harmonized-data-model/EnumAssayType,EnumAssayType
Assay,assay_type,OBI:2100082,An analyte assay that measures the abundance of albumin in venous blood as part of a liver evaluation order,liver evaluation venous blood albumin assay,OBI:2100082,https://anvilproject.github.io/acr-harmonized-data-model/EnumAssayType,EnumAssayType
Assay,assay_type,OBI:2100083,An analyte assay that measures the abundance of human aspartate aminotransferase in venous blood as part of a liver evaluation order,liver evaluation venous blood human aspartate aminotransferase assay,OBI:2100083,https://anvilproject.github.io/acr-harmonized-data-model/EnumAssayType,EnumAssayType
Assay,assay_type,OBI:2100084,An analyte assay that measures the abundance of alanine aminotransferase in venous blood as part of a liver evaluation order,liver evaluation venous blood alanine aminotransferase assay,OBI:2100084,https://anvilproject.github.io/acr-harmonized-data-model/EnumAssayType,EnumAssayType
Assay,assay_type,OBI:2100085,An analyte assay that measures the abundance of human alkaline phosphatase in venous blood as part of a liver evaluation order,liver evaluation venous blood human alkaline phosphatase assay,OBI:2100085,https://anvilproject.github.io/acr-harmonized-data-model/EnumAssayType,EnumAssayType
Assay,assay_type,OBI:2100086,An analyte assay that measures the abundance of protein in venous blood as part of a liver evaluation order,liver evaluation venous blood protein assay,OBI:2100086,https://anvilproject.github.io/acr-harmonized-data-model/EnumAssayType,EnumAssayType
Assay,assay_type,OBI:2100087,An analyte assay that measures the abundance of chloride in venous blood as part of a basic metabolic panel order,basic metabolic panel venous blood chloride assay,OBI:2100087,https://anvilproject.github.io/acr-harmonized-data-model/EnumAssayType,EnumAssayType
Assay,assay_type,OBI:2100088,An analyte assay that measures the abundance of potassium in venous blood as part of a basic metabolic panel order,basic metabolic panel venous blood potassium assay,OBI:2100088,https://anvilproject.github.io/acr-harmonized-data-model/EnumAssayType,EnumAssayType
Assay,assay_type,OBI:2100089,An analyte assay that measures the abundance of sodium in venous blood as part of a basic metabolic panel order,basic metabolic panel venous blood sodium assay,OBI:2100089,https://anvilproject.github.io/acr-harmonized-data-model/EnumAssayType,EnumAssayType
Assay,assay_type,OBI:2100090,An analyte assay that measures the abundance of creatinine in venous blood as part of a basic metabolic panel order,basic metabolic panel venous blood creatinine assay,OBI:2100090,https://anvilproject.github.io/acr-harmonized-data-model/EnumAssayType,EnumAssayType
Assay,assay_type,OBI:2100091,An analyte assay that measures the abundance of glucose in venous blood as part of a basic metabolic panel order,basic metabolic panel venous blood glucose assay,OBI:2100091,https://anvilproject.github.io/acr-harmonized-data-model/EnumAssayType,EnumAssayType
Assay,assay_type,OBI:2100092,An analyte assay that measures the abundance of calcium in venous blood as part of a basic metabolic panel order,basic metabolic panel venous blood calcium assay,OBI:2100092,https://anvilproject.github.io/acr-harmonized-data-model/EnumAssayType,EnumAssayType
Assay,assay_type,OBI:2100093,An analyte assay that measures the abundance of carbon dioxide in venous blood as part of a basic metabolic panel order,basic metabolic panel venous blood carbon dioxide assay,OBI:2100093,https://anvilproject.github.io/acr-harmonized-data-model/EnumAssayType,EnumAssayType
Assay,assay_type,OBI:2100094,An analyte assay that measures the abundance of creatine kinase in venous blood,venous blood creatine kinase assay,OBI:2100094,https://anvilproject.github.io/acr-harmonized-data-model/EnumAssayType,EnumAssayType
Assay,assay_type,OBI:2100095,An analyte assay that measures the abundance of calcium in venous blood,venous blood calcium assay,OBI:2100095,https://anvilproject.github.io/acr-harmonized-data-model/EnumAssayType,EnumAssayType
Assay,assay_type,OBI:2100096,An assay that measures ferritin in venous blood,venous blood ferritin assay,OBI:2100096,https://anvilproject.github.io/acr-harmonized-data-model/EnumAssayType,EnumAssayType
Assay,assay_type,OBI:2100097,An analyte assay that measures the abundance of calcium in venous blood as part of a total order,total venous blood calcium assay,OBI:2100097,https://anvilproject.github.io/acr-harmonized-data-model/EnumAssayType,EnumAssayType
Assay,assay_type,OBI:2100098,An analyte assay that measures the abundance of iron in venous blood,venous blood iron assay,OBI:2100098,https://anvilproject.github.io/acr-harmonized-data-model/EnumAssayType,EnumAssayType
Assay,assay_type,OBI:2100099,A cytometry assay that measures the count of band neutrophils in venous blood as part of a CBC with manual differential order,CBC with manual differential venous blood band neutrophil count assay,OBI:2100099,https://anvilproject.github.io/acr-harmonized-data-model/EnumAssayType,EnumAssayType
Assay,assay_type,OBI:2100100,A cytometry assay that measures the count of WBCs in venous blood as part of a CBC with manual differential order,CBC with manual differential venous blood WBC count assay,OBI:2100100,https://anvilproject.github.io/acr-harmonized-data-model/EnumAssayType,EnumAssayType
Assay,assay_type,OBI:2100101,A cytometry assay that measures the count of eosinophils in venous blood as part of a CBC with manual differential order,CBC with manual differential venous blood eosinophil count assay,OBI:2100101,https://anvilproject.github.io/acr-harmonized-data-model/EnumAssayType,EnumAssayType
Assay,assay_type,OBI:2100102,A cytometry assay that measures the count of lymphocytes in venous blood as part of a CBC with manual differential order,CBC with manual differential venous blood lymphocyte count assay,OBI:2100102,https://anvilproject.github.io/acr-harmonized-data-model/EnumAssayType,EnumAssayType
Assay,assay_type,OBI:2100103,A cytometry assay that measures the count of nucleated RBCs in venous blood as part of a CBC with manual differential order,CBC with manual differential venous blood nucleated RBC count assay,OBI:2100103,https://anvilproject.github.io/acr-harmonized-data-model/EnumAssayType,EnumAssayType
Assay,assay_type,OBI:2100104,A cytometry assay that measures the count of monocytes in venous blood as part of a CBC with manual differential order,CBC with manual differential venous blood monocyte count assay,OBI:2100104,https://anvilproject.github.io/acr-harmonized-data-model/EnumAssayType,EnumAssayType
Assay,assay_type,OBI:2100105,A cytometry assay that measures the count of segmented neutrophils in venous blood as part of a CBC with manual differential order,CBC with manual differential venous blood segmented neutrophil count assay,OBI:2100105,https://anvilproject.github.io/acr-harmonized-data-model/EnumAssayType,EnumAssayType
Assay,assay_type,OBI:2100106,A cytometry assay that measures the count of basophils in venous blood as part of a CBC with manual differential order,CBC with manual differential venous blood basophil count assay,OBI:2100106,https://anvilproject.github.io/acr-harmonized-data-model/EnumAssayType,EnumAssayType
Assay,assay_type,OBI:2100107,An analyte assay that measures the abundance of albumin in venous blood,venous blood albumin assay,OBI:2100107,https://anvilproject.github.io/acr-harmonized-data-model/EnumAssayType,EnumAssayType
Assay,assay_type,OBI:2100108,An analyte assay that measures the abundance of creatine kinase in venous blood as part of a cardiac enzymes order,cardiac enzymes venous blood creatine kinase assay,OBI:2100108,https://anvilproject.github.io/acr-harmonized-data-model/EnumAssayType,EnumAssayType
Assay,assay_type,OBI:2100109,An analyte assay that measures the abundance of haptoglobin in venous blood,venous blood haptoglobin assay,OBI:2100109,https://anvilproject.github.io/acr-harmonized-data-model/EnumAssayType,EnumAssayType
Assay,assay_type,OBI:2100110,An assay that measures lactate dehydrogenase in venous blood,venous blood lactate dehydrogenase assay,OBI:2100110,https://anvilproject.github.io/acr-harmonized-data-model/EnumAssayType,EnumAssayType
Assay,assay_type,OBI:2100111,An analyte assay that measures the abundance of prealbunin in venous blood,venous blood prealbunin assay,OBI:2100111,https://anvilproject.github.io/acr-harmonized-data-model/EnumAssayType,EnumAssayType
Assay,assay_type,OBI:2100112,An analyte assay that measures the abundance of triglyceride in venous blood as part of a lipid panel order,lipid panel venous blood triglyceride assay,OBI:2100112,https://anvilproject.github.io/acr-harmonized-data-model/EnumAssayType,EnumAssayType
Assay,assay_type,OBI:2100113,An analyte assay that measures the abundance of high density lipoprotein in venous blood as part of a lipid panel order,lipid panel venous blood high density lipoprotein assay,OBI:2100113,https://anvilproject.github.io/acr-harmonized-data-model/EnumAssayType,EnumAssayType
Assay,assay_type,OBI:2100114,An analyte assay that measures the abundance of cholesterol in venous blood as part of a lipid panel order,lipid panel venous blood cholesterol assay,OBI:2100114,https://anvilproject.github.io/acr-harmonized-data-model/EnumAssayType,EnumAssayType
Assay,assay_type,OBI:2100115,An analyte assay that measures the abundance of low density lipoprotein in venous blood as part of a lipid panel order,lipid panel venous blood low density lipoprotein assay,OBI:2100115,https://anvilproject.github.io/acr-harmonized-data-model/EnumAssayType,EnumAssayType
Assay,assay_type,OBI:2100116,An assay that measures hemoglobin A1c in venous blood,venous blood hemoglobin A1c assay,OBI:2100116,https://anvilproject.github.io/acr-harmonized-data-model/EnumAssayType,EnumAssayType
Assay,assay_type,OBI:2100117,An analyte assay that measures the abundance of uric acid in venous blood,venous blood uric acid assay,OBI:2100117,https://anvilproject.github.io/acr-harmonized-data-model/EnumAssayType,EnumAssayType
Assay,assay_type,OBI:2100118,An analyte assay that measures the abundance of protein in venous blood as part of a total order,total venous blood protein assay,OBI:2100118,https://anvilproject.github.io/acr-harmonized-data-model/EnumAssayType,EnumAssayType
Assay,assay_type,OBI:2100119,An analyte assay that measures the abundance of thyroid stimulating hormone in venous blood,venous blood thyroid stimulating hormone assay,OBI:2100119,https://anvilproject.github.io/acr-harmonized-data-model/EnumAssayType,EnumAssayType
Assay,assay_type,OBI:2100120,An analyte assay that measures the abundance of prostate specific antigen in venous blood,venous blood prostate specific antigen assay,OBI:2100120,https://anvilproject.github.io/acr-harmonized-data-model/EnumAssayType,EnumAssayType
Assay,assay_type,OBI:2100121,An assay that measures volume in urine as part of a 24 hour total order,24 hour total urine volume assay,OBI:2100121,https://anvilproject.github.io/acr-harmonized-data-model/EnumAssayType,EnumAssayType
Assay,assay_type,OBI:2100122,An analyte assay that measures the abundance of T4 in venous blood as part of a T4 uptake order,T4 uptake venous blood T4 assay,OBI:2100122,https://anvilproject.github.io/acr-harmonized-data-model/EnumAssayType,EnumAssayType
Assay,assay_type,OBI:2100123,An analyte assay that measures the abundance of glucose in arterial blood,arterial blood glucose assay,OBI:2100123,https://anvilproject.github.io/acr-harmonized-data-model/EnumAssayType,EnumAssayType
Assay,assay_type,OBI:2100124,A cytometry assay that measures the count of cells in venous blood as part of a CBC with manual differential order,CBC with manual differential venous blood cell count assay,OBI:2100124,https://anvilproject.github.io/acr-harmonized-data-model/EnumAssayType,EnumAssayType
Assay,assay_type,OBI:2100125,An analyte assay that measures the abundance of oxygen in arterial blood as part of a hemoglobin oxygen saturation order,hemoglobin oxygen saturation arterial blood oxygen assay,OBI:2100125,https://anvilproject.github.io/acr-harmonized-data-model/EnumAssayType,EnumAssayType
Assay,assay_type,OBI:2100126,An analyte assay that measures the abundance of hemoglobin in arterial blood as part of a hemoglobin oxygen saturation order,hemoglobin oxygen saturation arterial blood hemoglobin assay,OBI:2100126,https://anvilproject.github.io/acr-harmonized-data-model/EnumAssayType,EnumAssayType
Assay,assay_type,OBI:2100127,An analyte assay that measures the abundance of sodium in venous blood as part of a inpatient profile order,inpatient profile venous blood sodium assay,OBI:2100127,https://anvilproject.github.io/acr-harmonized-data-model/EnumAssayType,EnumAssayType
Assay,assay_type,OBI:2100128,An analyte assay that measures the abundance of creatinine in venous blood as part of a inpatient profile order,inpatient profile venous blood creatinine assay,OBI:2100128,https://anvilproject.github.io/acr-harmonized-data-model/EnumAssayType,EnumAssayType
Assay,assay_type,OBI:2100129,An analyte assay that measures the abundance of potassium in venous blood as part of a inpatient profile order,inpatient profile venous blood potassium assay,OBI:2100129,https://anvilproject.github.io/acr-harmonized-data-model/EnumAssayType,EnumAssayType
Assay,assay_type,OBI:2100130,An analyte assay that measures the abundance of carbon dioxide in venous blood as part of a inpatient profile order,inpatient profile venous blood carbon dioxide assay,OBI:2100130,https://anvilproject.github.io/acr-harmonized-data-model/EnumAssayType,EnumAssayType
Assay,assay_type,OBI:2100131,An analyte assay that measures the abundance of folic acid in venous blood,venous blood folic acid assay,OBI:2100131,https://anvilproject.github.io/acr-harmonized-data-model/EnumAssayType,EnumAssayType
Assay,assay_type,OBI:2100132,A cytometry assay that measures the count of reticulocytes in venous blood as part of a count order,count venous blood reticulocyte count assay,OBI:2100132,https://anvilproject.github.io/acr-harmonized-data-model/EnumAssayType,EnumAssayType
Assay,assay_type,OBI:2100133,An analyte assay that measures the abundance of potassium in venous blood,venous blood potassium assay,OBI:2100133,https://anvilproject.github.io/acr-harmonized-data-model/EnumAssayType,EnumAssayType
Assay,assay_type,OBI:2100134,An analyte assay that measures the abundance of carbon dioxide in venous blood,venous blood carbon dioxide assay,OBI:2100134,https://anvilproject.github.io/acr-harmonized-data-model/EnumAssayType,EnumAssayType
Assay,assay_type,OBI:2100135,An analyte assay that measures the abundance of transferrin in venous blood,venous blood transferrin assay,OBI:2100135,https://anvilproject.github.io/acr-harmonized-data-model/EnumAssayType,EnumAssayType
Assay,assay_type,OBI:2100136,An analyte assay that measures the abundance of sodium in venous blood,venous blood sodium assay,OBI:2100136,https://anvilproject.github.io/acr-harmonized-data-model/EnumAssayType,EnumAssayType
Assay,assay_type,OBI:2100137,An analyte assay that measures the abundance of sodium in urine as part of a random electrolytes order,random electrolytes urine sodium assay,OBI:2100137,https://anvilproject.github.io/acr-harmonized-data-model/EnumAssayType,EnumAssayType
Assay,assay_type,OBI:2100138,An analyte assay that measures the abundance of potassium in urine as part of a random electrolytes order,random electrolytes urine potassium assay,OBI:2100138,https://anvilproject.github.io/acr-harmonized-data-model/EnumAssayType,EnumAssayType
Assay,assay_type,OBI:2100139,An analyte assay that measures the abundance of creatinine in urine,urine creatinine assay,OBI:2100139,https://anvilproject.github.io/acr-harmonized-data-model/EnumAssayType,EnumAssayType
Assay,assay_type,OBI:2100140,An assay that measures osmolality in urine,urine osmolality assay,OBI:2100140,https://anvilproject.github.io/acr-harmonized-data-model/EnumAssayType,EnumAssayType
Assay,assay_type,OBI:2100141,An analyte assay that measures the abundance of oxygen in arterial blood as part of a cooximitery order,cooximitery arterial blood oxygen assay,OBI:2100141,https://anvilproject.github.io/acr-harmonized-data-model/EnumAssayType,EnumAssayType
Assay,assay_type,OBI:2100142,An analyte assay that measures the abundance of hemoglobin in arterial blood as part of a cooximitery order,cooximitery arterial blood hemoglobin assay,OBI:2100142,https://anvilproject.github.io/acr-harmonized-data-model/EnumAssayType,EnumAssayType
Assay,assay_type,OBI:2100143,An analyte assay that measures the abundance of methemoglobin in arterial blood as part of a cooximitery order,cooximitery arterial blood methemoglobin assay,OBI:2100143,https://anvilproject.github.io/acr-harmonized-data-model/EnumAssayType,EnumAssayType
Assay,assay_type,OBI:2100144,An analyte assay that measures the abundance of sodium in urine as part of a electrolytes order,electrolytes urine sodium assay,OBI:2100144,https://anvilproject.github.io/acr-harmonized-data-model/EnumAssayType,EnumAssayType
Assay,assay_type,OBI:2100145,An analyte assay that measures the abundance of potassium in urine as part of a electrolytes order,electrolytes urine potassium assay,OBI:2100145,https://anvilproject.github.io/acr-harmonized-data-model/EnumAssayType,EnumAssayType
Assay,assay_type,OBI:2100146,An assay that measures creatine kinase MB in arterial blood as part of a Biosite cardiac panel order,Biosite cardiac panel arterial blood creatine kinase MB assay,OBI:2100146,https://anvilproject.github.io/acr-harmonized-data-model/EnumAssayType,EnumAssayType
Assay,assay_type,OBI:2100147,An assay that measures fibrinogen in venous blood,venous blood fibrinogen assay,OBI:2100147,https://anvilproject.github.io/acr-harmonized-data-model/EnumAssayType,EnumAssayType
Assay,assay_type,OBI:2100148,An analyte assay that measures the abundance of carbon dioxide in venous blood as part of a comprehensive metabolic panel order,comprehensive metabolic panel venous blood carbon dioxide assay,OBI:2100148,https://anvilproject.github.io/acr-harmonized-data-model/EnumAssayType,EnumAssayType
Assay,assay_type,OBI:2100149,An analyte assay that measures the abundance of calcium in venous blood as part of a comprehensive metabolic panel order,comprehensive metabolic panel venous blood calcium assay,OBI:2100149,https://anvilproject.github.io/acr-harmonized-data-model/EnumAssayType,EnumAssayType
Assay,assay_type,OBI:2100150,An analyte assay that measures the abundance of potassium in venous blood as part of a comprehensive metabolic panel order,comprehensive metabolic panel venous blood potassium assay,OBI:2100150,https://anvilproject.github.io/acr-harmonized-data-model/EnumAssayType,EnumAssayType
Assay,assay_type,OBI:2100151,An analyte assay that measures the abundance of sodium in venous blood as part of a comprehensive metabolic panel order,comprehensive metabolic panel venous blood sodium assay,OBI:2100151,https://anvilproject.github.io/acr-harmonized-data-model/EnumAssayType,EnumAssayType
Assay,assay_type,OBI:2100152,An analyte assay that measures the abundance of glucose in venous blood as part of a comprehensive metabolic panel order,comprehensive metabolic panel venous blood glucose assay,OBI:2100152,https://anvilproject.github.io/acr-harmonized-data-model/EnumAssayType,EnumAssayType
Assay,assay_type,OBI:2100153,An analyte assay that measures the abundance of albumin in venous blood as part of a comprehensive metabolic panel order,comprehensive metabolic panel venous blood albumin assay,OBI:2100153,https://anvilproject.github.io/acr-harmonized-data-model/EnumAssayType,EnumAssayType
Assay,assay_type,OBI:2100154,An analyte assay that measures the abundance of human alkaline phosphatase in venous blood as part of a comprehensive metabolic panel order,comprehensive metabolic panel venous blood human alkaline phosphatase assay,OBI:2100154,https://anvilproject.github.io/acr-harmonized-data-model/EnumAssayType,EnumAssayType
Assay,assay_type,OBI:2100155,An analyte assay that measures the abundance of bilirubin in venous blood as part of a comprehensive metabolic panel order,comprehensive metabolic panel venous blood bilirubin assay,OBI:2100155,https://anvilproject.github.io/acr-harmonized-data-model/EnumAssayType,EnumAssayType
Assay,assay_type,OBI:2100156,An analyte assay that measures the abundance of chloride in venous blood as part of a comprehensive metabolic panel order,comprehensive metabolic panel venous blood chloride assay,OBI:2100156,https://anvilproject.github.io/acr-harmonized-data-model/EnumAssayType,EnumAssayType
Assay,assay_type,OBI:2100157,An analyte assay that measures the abundance of human aspartate aminotransferase in venous blood as part of a comprehensive metabolic panel order,comprehensive metabolic panel venous blood human aspartate aminotransferase assay,OBI:2100157,https://anvilproject.github.io/acr-harmonized-data-model/EnumAssayType,EnumAssayType
Assay,assay_type,OBI:2100158,An analyte assay that measures the abundance of protein in venous blood as part of a comprehensive metabolic panel order,comprehensive metabolic panel venous blood protein assay,OBI:2100158,https://anvilproject.github.io/acr-harmonized-data-model/EnumAssayType,EnumAssayType
Assay,assay_type,OBI:2100159,An analyte assay that measures the abundance of creatinine in venous blood as part of a comprehensive metabolic panel order,comprehensive metabolic panel venous blood creatinine assay,OBI:2100159,https://anvilproject.github.io/acr-harmonized-data-model/EnumAssayType,EnumAssayType
Assay,assay_type,OBI:2100160,An analyte assay that measures the abundance of alanine aminotransferase in venous blood as part of a comprehensive metabolic panel order,comprehensive metabolic panel venous blood alanine aminotransferase assay,OBI:2100160,https://anvilproject.github.io/acr-harmonized-data-model/EnumAssayType,EnumAssayType
Assay,assay_type,OBI:2100161,An assay that measures LDH in venous blood,venous blood LDH assay,OBI:2100161,https://anvilproject.github.io/acr-harmonized-data-model/EnumAssayType,EnumAssayType
Assay,assay_type,OBI:2100162,An assay that measures creatine kinase MB in venous blood,venous blood creatine kinase MB assay,OBI:2100162,https://anvilproject.github.io/acr-harmonized-data-model/EnumAssayType,EnumAssayType
Assay,assay_type,OBI:2100163,An assay that measures lactic acid in venous blood,venous blood lactic acid assay,OBI:2100163,https://anvilproject.github.io/acr-harmonized-data-model/EnumAssayType,EnumAssayType
Assay,assay_type,OBI:2100164,A cytometry assay that measures the proportion of red blood cells in venous blood,venous blood hematocrit assay,OBI:2100164,https://anvilproject.github.io/acr-harmonized-data-model/EnumAssayType,EnumAssayType
Assay,assay_type,OBI:2100165,An analyte assay that measures the abundance of creatinine in venous blood,venous blood creatinine assay,OBI:2100165,https://anvilproject.github.io/acr-harmonized-data-model/EnumAssayType,EnumAssayType
Assay,assay_type,OBI:2100166,An analyte assay that measures the abundance of oxygen in venous blood as part of a blood gas order,blood gas venous blood oxygen assay,OBI:2100166,https://anvilproject.github.io/acr-harmonized-data-model/EnumAssayType,EnumAssayType
Assay,assay_type,OBI:2100167,An analyte assay that measures the abundance of ionized calcium in venous blood as part of a ionized order,ionized venous blood ionized calcium assay,OBI:2100167,https://anvilproject.github.io/acr-harmonized-data-model/EnumAssayType,EnumAssayType
Assay,assay_type,OBI:2100168,An analyte assay that measures the abundance of carbon dioxide in venous blood as part of a blood gas order,blood gas venous blood carbon dioxide assay,OBI:2100168,https://anvilproject.github.io/acr-harmonized-data-model/EnumAssayType,EnumAssayType
Assay,assay_type,OBI:2100169,An analyte assay that measures the abundance of bicarbonate in venous blood as part of a blood gas order,blood gas venous blood bicarbonate assay,OBI:2100169,https://anvilproject.github.io/acr-harmonized-data-model/EnumAssayType,EnumAssayType
Assay,assay_type,OBI:2100170,An analyte assay that measures the abundance of creatinine in arterial blood,arterial blood creatinine assay,OBI:2100170,https://anvilproject.github.io/acr-harmonized-data-model/EnumAssayType,EnumAssayType
Assay,assay_type,OBI:2100171,An analyte assay that measures the abundance of tacrolimus in venous blood,venous blood tacrolimus assay,OBI:2100171,https://anvilproject.github.io/acr-harmonized-data-model/EnumAssayType,EnumAssayType
Assay,assay_type,OBI:2100172,An analyte assay that measures the abundance of vancomycin in venous blood as part of a random order,random venous blood vancomycin assay,OBI:2100172,https://anvilproject.github.io/acr-harmonized-data-model/EnumAssayType,EnumAssayType
Assay,assay_type,OBI:2100173,An analyte assay that measures the abundance of mycophenolic acid in venous blood,venous blood mycophenolic acid assay,OBI:2100173,https://anvilproject.github.io/acr-harmonized-data-model/EnumAssayType,EnumAssayType
Assay,assay_type,OBI:2100174,An analyte assay that measures the abundance of carbon dioxide in arterial blood as part of a non-vented blood gas order,non-vented blood gas arterial blood carbon dioxide assay,OBI:2100174,https://anvilproject.github.io/acr-harmonized-data-model/EnumAssayType,EnumAssayType
Assay,assay_type,OBI:2100175,An analyte assay that measures the abundance of oxygen in arterial blood as part of a non-vented blood gas order,non-vented blood gas arterial blood oxygen assay,OBI:2100175,https://anvilproject.github.io/acr-harmonized-data-model/EnumAssayType,EnumAssayType
Assay,assay_type,OBI:2100176,An analyte assay that measures the abundance of bicarbonate in arterial blood as part of a non-vented blood gas order,non-vented blood gas arterial blood bicarbonate assay,OBI:2100176,https://anvilproject.github.io/acr-harmonized-data-model/EnumAssayType,EnumAssayType
Assay,assay_type,OBI:2100177,An assay that measures IgG in venous blood as part of a quantitative order,quantitative venous blood IgG assay,OBI:2100177,https://anvilproject.github.io/acr-harmonized-data-model/EnumAssayType,EnumAssayType
Assay,assay_type,OBI:2100178,An assay that measures IgM in venous blood as part of a quantitative order,quantitative venous blood IgM assay,OBI:2100178,https://anvilproject.github.io/acr-harmonized-data-model/EnumAssayType,EnumAssayType
Assay,assay_type,OBI:2100179,An assay that measures IgA in venous blood as part of a quantitative order,quantitative venous blood IgA assay,OBI:2100179,https://anvilproject.github.io/acr-harmonized-data-model/EnumAssayType,EnumAssayType
Assay,assay_type,OBI:2100180,An analyte assay that measures the abundance of sodium in arterial blood,arterial blood sodium assay,OBI:2100180,https://anvilproject.github.io/acr-harmonized-data-model/EnumAssayType,EnumAssayType
Assay,assay_type,OBI:2100181,An analyte assay that measures the abundance of potassium in arterial blood,arterial blood potassium assay,OBI:2100181,https://anvilproject.github.io/acr-harmonized-data-model/EnumAssayType,EnumAssayType
Assay,assay_type,OBI:2100182,An analyte assay that measures the abundance of calcium in arterial blood as part of a ionized order,ionized arterial blood calcium assay,OBI:2100182,https://anvilproject.github.io/acr-harmonized-data-model/EnumAssayType,EnumAssayType
Assay,assay_type,OBI:2100183,An analyte assay that measures the abundance of bicarbonate in arterial blood as part of a vented blood gas order,vented blood gas arterial blood bicarbonate assay,OBI:2100183,https://anvilproject.github.io/acr-harmonized-data-model/EnumAssayType,EnumAssayType
Assay,assay_type,OBI:2100184,An analyte assay that measures the abundance of oxygen in arterial blood as part of a vented blood gas order,vented blood gas arterial blood oxygen assay,OBI:2100184,https://anvilproject.github.io/acr-harmonized-data-model/EnumAssayType,EnumAssayType
Assay,assay_type,OBI:2100185,An analyte assay that measures the abundance of carbon dioxide in arterial blood as part of a vented blood gas order,vented blood gas arterial blood carbon dioxide assay,OBI:2100185,https://anvilproject.github.io/acr-harmonized-data-model/EnumAssayType,EnumAssayType
Assay,assay_type,OBI:2100186,A cytometry assay that measures the proportion of red blood cells in arterial blood,arterial blood hematocrit assay,OBI:2100186,https://anvilproject.github.io/acr-harmonized-data-model/EnumAssayType,EnumAssayType
Assay,assay_type,OBI:2100187,An analyte assay that measures the abundance of chloride in arterial blood,arterial blood chloride assay,OBI:2100187,https://anvilproject.github.io/acr-harmonized-data-model/EnumAssayType,EnumAssayType
Assay,assay_type,OBI:2100188,An analyte assay that measures the abundance of hemoglobin in arterial blood,arterial blood hemoglobin assay,OBI:2100188,https://anvilproject.github.io/acr-harmonized-data-model/EnumAssayType,EnumAssayType
Assay,assay_type,OBI:2100189,A cytometry assay that measures the proportion of red blood cells in venous blood as part of a GEM premier blood gas order,GEM premier blood gas venous blood hematocrit assay,OBI:2100189,https://anvilproject.github.io/acr-harmonized-data-model/EnumAssayType,EnumAssayType
Assay,assay_type,OBI:2100190,An analyte assay that measures the abundance of ionized calcium in venous blood as part of a GEM premier blood gas order,GEM premier blood gas venous blood ionized calcium assay,OBI:2100190,https://anvilproject.github.io/acr-harmonized-data-model/EnumAssayType,EnumAssayType
Assay,assay_type,OBI:2100191,An analyte assay that measures the abundance of potassium in venous blood as part of a GEM premier blood gas order,GEM premier blood gas venous blood potassium assay,OBI:2100191,https://anvilproject.github.io/acr-harmonized-data-model/EnumAssayType,EnumAssayType
Assay,assay_type,OBI:2100192,An analyte assay that measures the abundance of oxygen in venous blood as part of a GEM premier blood gas order,GEM premier blood gas venous blood oxygen assay,OBI:2100192,https://anvilproject.github.io/acr-harmonized-data-model/EnumAssayType,EnumAssayType
Assay,assay_type,OBI:2100193,An analyte assay that measures the abundance of hemoglobin in venous blood as part of a GEM premier blood gas order,GEM premier blood gas venous blood hemoglobin assay,OBI:2100193,https://anvilproject.github.io/acr-harmonized-data-model/EnumAssayType,EnumAssayType
Assay,assay_type,OBI:2100194,An analyte assay that measures the abundance of bicarbonate in venous blood as part of a GEM premier blood gas order,GEM premier blood gas venous blood bicarbonate assay,OBI:2100194,https://anvilproject.github.io/acr-harmonized-data-model/EnumAssayType,EnumAssayType
Assay,assay_type,OBI:2100195,An analyte assay that measures the abundance of glucose in venous blood as part of a GEM premier blood gas order,GEM premier blood gas venous blood glucose assay,OBI:2100195,https://anvilproject.github.io/acr-harmonized-data-model/EnumAssayType,EnumAssayType
Assay,assay_type,OBI:2100196,An analyte assay that measures the abundance of sodium in venous blood as part of a GEM premier blood gas order,GEM premier blood gas venous blood sodium assay,OBI:2100196,https://anvilproject.github.io/acr-harmonized-data-model/EnumAssayType,EnumAssayType
Assay,assay_type,OBI:2100197,An assay that measures lactic acid in venous blood as part of a GEM premier blood gas order,GEM premier blood gas venous blood lactic acid assay,OBI:2100197,https://anvilproject.github.io/acr-harmonized-data-model/EnumAssayType,EnumAssayType
Assay,assay_type,OBI:2100198,An analyte assay that measures the abundance of carbon dioxide in venous blood as part of a GEM premier blood gas order,GEM premier blood gas venous blood carbon dioxide assay,OBI:2100198,https://anvilproject.github.io/acr-harmonized-data-model/EnumAssayType,EnumAssayType
Assay,assay_type,OBI:2100199,An analyte assay that measures the abundance of tobramycin in venous blood as part of a trough order,trough venous blood tobramycin assay,OBI:2100199,https://anvilproject.github.io/acr-harmonized-data-model/EnumAssayType,EnumAssayType
Assay,assay_type,OBI:2100200,An analyte assay that measures the abundance of tobramycin in venous blood as part of a random order,random venous blood tobramycin assay,OBI:2100200,https://anvilproject.github.io/acr-harmonized-data-model/EnumAssayType,EnumAssayType
Assay,assay_type,OBI:2100201,A cytometry assay that measures the count of metamyelocytes in venous blood as part of a CBC with manual differential order,CBC with manual differential venous blood metamyelocyte count assay,OBI:2100201,https://anvilproject.github.io/acr-harmonized-data-model/EnumAssayType,EnumAssayType
Assay,assay_type,OBI:2100202,An assay that measures lactic acid in arterial blood,arterial blood lactic acid assay,OBI:2100202,https://anvilproject.github.io/acr-harmonized-data-model/EnumAssayType,EnumAssayType
Assay,assay_type,OBI:2100203,An analyte assay that measures the abundance of 25-hydroxyvitamin D2 in venous blood,venous blood 25-hydroxyvitamin D2 assay,OBI:2100203,https://anvilproject.github.io/acr-harmonized-data-model/EnumAssayType,EnumAssayType
Assay,assay_type,OBI:2100204,An analyte assay that measures the abundance of digoxin in venous blood,venous blood digoxin assay,OBI:2100204,https://anvilproject.github.io/acr-harmonized-data-model/EnumAssayType,EnumAssayType
Assay,assay_type,OBI:2100205,An analyte assay that measures the abundance of protein in urine,urine protein assay,OBI:2100205,https://anvilproject.github.io/acr-harmonized-data-model/EnumAssayType,EnumAssayType
Assay,assay_type,OBI:2100206,An analyte assay that measures the abundance of tobramycin in venous blood,venous blood tobramycin assay,OBI:2100206,https://anvilproject.github.io/acr-harmonized-data-model/EnumAssayType,EnumAssayType
Assay,assay_type,OBI:2100207,A cytometry assay that measures the count of myelocytes in venous blood as part of a CBC with manual differential order,CBC with manual differential venous blood myelocyte count assay,OBI:2100207,https://anvilproject.github.io/acr-harmonized-data-model/EnumAssayType,EnumAssayType
Assay,assay_type,OBI:2100208,An analyte assay that measures the abundance of beta-globin in venous blood as part of a SPEP protein electrophoresis order,SPEP protein electrophoresis venous blood beta-globin assay,OBI:2100208,https://anvilproject.github.io/acr-harmonized-data-model/EnumAssayType,EnumAssayType
Assay,assay_type,OBI:2100209,An analyte assay that measures the abundance of albumin in venous blood as part of a SPEP protein electrophoresis order,SPEP protein electrophoresis venous blood albumin assay,OBI:2100209,https://anvilproject.github.io/acr-harmonized-data-model/EnumAssayType,EnumAssayType
Assay,assay_type,OBI:2100210,An analyte assay that measures the abundance of protein in venous blood as part of a SPEP protein electrophoresis order,SPEP protein electrophoresis venous blood protein assay,OBI:2100210,https://anvilproject.github.io/acr-harmonized-data-model/EnumAssayType,EnumAssayType
Assay,assay_type,OBI:2100211,An analyte assay that measures the abundance of vancomycin in venous blood as part of a trough order,trough venous blood vancomycin assay,OBI:2100211,https://anvilproject.github.io/acr-harmonized-data-model/EnumAssayType,EnumAssayType
Assay,assay_type,OBI:2100212,An analyte assay that measures the abundance of protein in venous blood as part of a hepatic panel order,hepatic panel venous blood protein assay,OBI:2100212,https://anvilproject.github.io/acr-harmonized-data-model/EnumAssayType,EnumAssayType
Assay,assay_type,OBI:2100213,An analyte assay that measures the abundance of bilirubin in venous blood as part of a hepatic panel order,hepatic panel venous blood bilirubin assay,OBI:2100213,https://anvilproject.github.io/acr-harmonized-data-model/EnumAssayType,EnumAssayType
Assay,assay_type,OBI:2100214,An analyte assay that measures the abundance of alanine aminotransferase in venous blood as part of a hepatic panel order,hepatic panel venous blood alanine aminotransferase assay,OBI:2100214,https://anvilproject.github.io/acr-harmonized-data-model/EnumAssayType,EnumAssayType
Assay,assay_type,OBI:2100215,An analyte assay that measures the abundance of human aspartate aminotransferase in venous blood as part of a hepatic panel order,hepatic panel venous blood human aspartate aminotransferase assay,OBI:2100215,https://anvilproject.github.io/acr-harmonized-data-model/EnumAssayType,EnumAssayType
Assay,assay_type,OBI:2100216,An analyte assay that measures the abundance of albumin in venous blood as part of a hepatic panel order,hepatic panel venous blood albumin assay,OBI:2100216,https://anvilproject.github.io/acr-harmonized-data-model/EnumAssayType,EnumAssayType
Assay,assay_type,OBI:2100217,An analyte assay that measures the abundance of human alkaline phosphatase in venous blood as part of a hepatic panel order,hepatic panel venous blood human alkaline phosphatase assay,OBI:2100217,https://anvilproject.github.io/acr-harmonized-data-model/EnumAssayType,EnumAssayType
Assay,assay_type,OBI:2100218,An assay that measures glomerular filtration in venous blood as part of a estimated order,estimated venous blood glomerular filtration assay,OBI:2100218,https://anvilproject.github.io/acr-harmonized-data-model/EnumAssayType,EnumAssayType
Assay,assay_type,OBI:2100219,An analyte assay that measures the abundance of creatinine in venous blood as part of a DT60 order,DT60 venous blood creatinine assay,OBI:2100219,https://anvilproject.github.io/acr-harmonized-data-model/EnumAssayType,EnumAssayType
Assay,assay_type,OBI:2100220,An analyte assay that measures the abundance of glucose in venous blood as part of a fasting order,fasting venous blood glucose assay,OBI:2100220,https://anvilproject.github.io/acr-harmonized-data-model/EnumAssayType,EnumAssayType
Assay,assay_type,OBI:2100221,An analyte assay that measures the abundance of amikacin in venous blood as part of a random order,random venous blood amikacin assay,OBI:2100221,https://anvilproject.github.io/acr-harmonized-data-model/EnumAssayType,EnumAssayType
Assay,assay_type,OBI:2100222,An analyte assay that measures the abundance of ammonia in venous blood,venous blood ammonia assay,OBI:2100222,https://anvilproject.github.io/acr-harmonized-data-model/EnumAssayType,EnumAssayType
Assay,assay_type,OBI:2100223,An analyte assay that measures the abundance of GGT in venous blood,venous blood GGT assay,OBI:2100223,https://anvilproject.github.io/acr-harmonized-data-model/EnumAssayType,EnumAssayType
Assay,assay_type,OBI:2100224,An analyte assay that measures the abundance of phosphate in venous blood as part of a chem11 order,chem11 venous blood phosphate assay,OBI:2100224,https://anvilproject.github.io/acr-harmonized-data-model/EnumAssayType,EnumAssayType
Assay,assay_type,OBI:2100225,An analyte assay that measures the abundance of potassium in venous blood as part of a chem11 order,chem11 venous blood potassium assay,OBI:2100225,https://anvilproject.github.io/acr-harmonized-data-model/EnumAssayType,EnumAssayType
Assay,assay_type,OBI:2100226,An analyte assay that measures the abundance of calcium in venous blood as part of a chem11 order,chem11 venous blood calcium assay,OBI:2100226,https://anvilproject.github.io/acr-harmonized-data-model/EnumAssayType,EnumAssayType
Assay,assay_type,OBI:2100227,An analyte assay that measures the abundance of glucose in venous blood as part of a chem11 order,chem11 venous blood glucose assay,OBI:2100227,https://anvilproject.github.io/acr-harmonized-data-model/EnumAssayType,EnumAssayType
Assay,assay_type,OBI:2100228,An analyte assay that measures the abundance of carbon dioxide in venous blood as part of a chem11 order,chem11 venous blood carbon dioxide assay,OBI:2100228,https://anvilproject.github.io/acr-harmonized-data-model/EnumAssayType,EnumAssayType
Assay,assay_type,OBI:2100229,An analyte assay that measures the abundance of albumin in venous blood as part of a chem11 order,chem11 venous blood albumin assay,OBI:2100229,https://anvilproject.github.io/acr-harmonized-data-model/EnumAssayType,EnumAssayType
Assay,assay_type,OBI:2100230,An analyte assay that measures the abundance of sodium in venous blood as part of a chem11 order,chem11 venous blood sodium assay,OBI:2100230,https://anvilproject.github.io/acr-harmonized-data-model/EnumAssayType,EnumAssayType
Assay,assay_type,OBI:2100231,An analyte assay that measures the abundance of magnesium in venous blood as part of a chem11 order,chem11 venous blood magnesium assay,OBI:2100231,https://anvilproject.github.io/acr-harmonized-data-model/EnumAssayType,EnumAssayType
Assay,assay_type,OBI:2100232,An analyte assay that measures the abundance of creatinine in venous blood as part of a chem11 order,chem11 venous blood creatinine assay,OBI:2100232,https://anvilproject.github.io/acr-harmonized-data-model/EnumAssayType,EnumAssayType
Assay,assay_type,OBI:2100233,An analyte assay that measures the abundance of chloride in venous blood as part of a chem11 order,chem11 venous blood chloride assay,OBI:2100233,https://anvilproject.github.io/acr-harmonized-data-model/EnumAssayType,EnumAssayType
Assay,assay_type,OBI:2100234,An assay that measures IgE in venous blood as part of a total order,total venous blood IgE assay,OBI:2100234,https://anvilproject.github.io/acr-harmonized-data-model/EnumAssayType,EnumAssayType
Assay,assay_type,OBI:2100235,An analyte assay that measures the abundance of human aspartate aminotransferase in venous blood as part of a chem16 order,chem16 venous blood human aspartate aminotransferase assay,OBI:2100235,https://anvilproject.github.io/acr-harmonized-data-model/EnumAssayType,EnumAssayType
Assay,assay_type,OBI:2100236,An analyte assay that measures the abundance of creatinine in venous blood as part of a chem16 order,chem16 venous blood creatinine assay,OBI:2100236,https://anvilproject.github.io/acr-harmonized-data-model/EnumAssayType,EnumAssayType
Assay,assay_type,OBI:2100237,An analyte assay that measures the abundance of magnesium in venous blood as part of a chem16 order,chem16 venous blood magnesium assay,OBI:2100237,https://anvilproject.github.io/acr-harmonized-data-model/EnumAssayType,EnumAssayType
Assay,assay_type,OBI:2100238,An analyte assay that measures the abundance of carbon dioxide in venous blood as part of a chem16 order,chem16 venous blood carbon dioxide assay,OBI:2100238,https://anvilproject.github.io/acr-harmonized-data-model/EnumAssayType,EnumAssayType
Assay,assay_type,OBI:2100239,An analyte assay that measures the abundance of glucose in venous blood as part of a chem16 order,chem16 venous blood glucose assay,OBI:2100239,https://anvilproject.github.io/acr-harmonized-data-model/EnumAssayType,EnumAssayType
Assay,assay_type,OBI:2100240,An analyte assay that measures the abundance of calcium in venous blood as part of a chem16 order,chem16 venous blood calcium assay,OBI:2100240,https://anvilproject.github.io/acr-harmonized-data-model/EnumAssayType,EnumAssayType
Assay,assay_type,OBI:2100241,An analyte assay that measures the abundance of triglyceride in venous blood as part of a chem16 order,chem16 venous blood triglyceride assay,OBI:2100241,https://anvilproject.github.io/acr-harmonized-data-model/EnumAssayType,EnumAssayType
Assay,assay_type,OBI:2100242,An analyte assay that measures the abundance of sodium in venous blood as part of a chem16 order,chem16 venous blood sodium assay,OBI:2100242,https://anvilproject.github.io/acr-harmonized-data-model/EnumAssayType,EnumAssayType
Assay,assay_type,OBI:2100243,An analyte assay that measures the abundance of phosphate in venous blood as part of a chem16 order,chem16 venous blood phosphate assay,OBI:2100243,https://anvilproject.github.io/acr-harmonized-data-model/EnumAssayType,EnumAssayType
Assay,assay_type,OBI:2100244,An analyte assay that measures the abundance of human alkaline phosphatase in venous blood as part of a chem16 order,chem16 venous blood human alkaline phosphatase assay,OBI:2100244,https://anvilproject.github.io/acr-harmonized-data-model/EnumAssayType,EnumAssayType
Assay,assay_type,OBI:2100245,An analyte assay that measures the abundance of albumin in venous blood as part of a chem16 order,chem16 venous blood albumin assay,OBI:2100245,https://anvilproject.github.io/acr-harmonized-data-model/EnumAssayType,EnumAssayType
Assay,assay_type,OBI:2100246,An analyte assay that measures the abundance of bilirubin in venous blood as part of a chem16 order,chem16 venous blood bilirubin assay,OBI:2100246,https://anvilproject.github.io/acr-harmonized-data-model/EnumAssayType,EnumAssayType
Assay,assay_type,OBI:2100247,An analyte assay that measures the abundance of chloride in venous blood as part of a chem16 order,chem16 venous blood chloride assay,OBI:2100247,https://anvilproject.github.io/acr-harmonized-data-model/EnumAssayType,EnumAssayType
Assay,assay_type,OBI:2100248,An analyte assay that measures the abundance of alanine aminotransferase in venous blood as part of a chem16 order,chem16 venous blood alanine aminotransferase assay,OBI:2100248,https://anvilproject.github.io/acr-harmonized-data-model/EnumAssayType,EnumAssayType
Assay,assay_type,OBI:2100249,An analyte assay that measures the abundance of potassium in venous blood as part of a chem16 order,chem16 venous blood potassium assay,OBI:2100249,https://anvilproject.github.io/acr-harmonized-data-model/EnumAssayType,EnumAssayType
Assay,assay_type,OBI:2100250,An analyte assay that measures the abundance of glucose in arterial blood as part of a POC chem8 order,POC chem8 arterial blood glucose assay,OBI:2100250,https://anvilproject.github.io/acr-harmonized-data-model/EnumAssayType,EnumAssayType
Assay,assay_type,OBI:2100251,An analyte assay that measures the abundance of ionized calcium in arterial blood as part of a POC chem8 order,POC chem8 arterial blood ionized calcium assay,OBI:2100251,https://anvilproject.github.io/acr-harmonized-data-model/EnumAssayType,EnumAssayType
Assay,assay_type,OBI:2100252,An analyte assay that measures the abundance of potassium in arterial blood as part of a POC chem8 order,POC chem8 arterial blood potassium assay,OBI:2100252,https://anvilproject.github.io/acr-harmonized-data-model/EnumAssayType,EnumAssayType
Assay,assay_type,OBI:2100253,An analyte assay that measures the abundance of sodium in arterial blood as part of a POC chem8 order,POC chem8 arterial blood sodium assay,OBI:2100253,https://anvilproject.github.io/acr-harmonized-data-model/EnumAssayType,EnumAssayType
Assay,assay_type,OBI:2100254,An analyte assay that measures the abundance of creatinine in arterial blood as part of a POC chem8 order,POC chem8 arterial blood creatinine assay,OBI:2100254,https://anvilproject.github.io/acr-harmonized-data-model/EnumAssayType,EnumAssayType
Assay,assay_type,OBI:2100255,A cytometry assay that measures the proportion of red blood cells in arterial blood as part of a POC chem8 order,POC chem8 arterial blood hematocrit assay,OBI:2100255,https://anvilproject.github.io/acr-harmonized-data-model/EnumAssayType,EnumAssayType
Assay,assay_type,OBI:2100256,An analyte assay that measures the abundance of chloride in arterial blood as part of a POC chem8 order,POC chem8 arterial blood chloride assay,OBI:2100256,https://anvilproject.github.io/acr-harmonized-data-model/EnumAssayType,EnumAssayType
Assay,assay_type,OBI:2100257,An analyte assay that measures the abundance of tobramycin in venous blood as part of a peak order,peak venous blood tobramycin assay,OBI:2100257,https://anvilproject.github.io/acr-harmonized-data-model/EnumAssayType,EnumAssayType
Assay,assay_type,OBI:2100258,An analyte assay that measures the abundance of creatinine in urine as part of a 24 hour order,24 hour urine creatinine assay,OBI:2100258,https://anvilproject.github.io/acr-harmonized-data-model/EnumAssayType,EnumAssayType
Assay,assay_type,OBI:2100259,An analyte assay that measures the abundance of PTH in venous blood as part of a intact order,intact venous blood PTH assay,OBI:2100259,https://anvilproject.github.io/acr-harmonized-data-model/EnumAssayType,EnumAssayType
Assay,assay_type,OBI:2100260,An analyte assay that measures the abundance of PSA in venous blood as part of a total order,total venous blood PSA assay,OBI:2100260,https://anvilproject.github.io/acr-harmonized-data-model/EnumAssayType,EnumAssayType
Assay,assay_type,OBI:2100261,An analyte assay that measures the abundance of T3 in venous blood as part of a total order,total venous blood T3 assay,OBI:2100261,https://anvilproject.github.io/acr-harmonized-data-model/EnumAssayType,EnumAssayType
Assay,assay_type,OBI:2100262,An analyte assay that measures the abundance of protein in urine as part of a 24 hour order,24 hour urine protein assay,OBI:2100262,https://anvilproject.github.io/acr-harmonized-data-model/EnumAssayType,EnumAssayType
Assay,assay_type,OBI:2100263,An analyte assay that measures the abundance of cholesterol in venous blood as part of a total order,total venous blood cholesterol assay,OBI:2100263,https://anvilproject.github.io/acr-harmonized-data-model/EnumAssayType,EnumAssayType
Assay,assay_type,OBI:2100264,An analyte assay that measures the abundance of triglyceride in venous blood,venous blood triglyceride assay,OBI:2100264,https://anvilproject.github.io/acr-harmonized-data-model/EnumAssayType,EnumAssayType
Assay,assay_type,OBI:2100265,A cytometry assay that measures the count of cells in cerebrospinal fluid as part of a tube 4 count order,tube 4 count cerebrospinal fluid cell count assay,OBI:2100265,https://anvilproject.github.io/acr-harmonized-data-model/EnumAssayType,EnumAssayType
Assay,assay_type,OBI:2100266,An analyte assay that measures the abundance of protein in cerebrospinal fluid,cerebrospinal fluid protein assay,OBI:2100266,https://anvilproject.github.io/acr-harmonized-data-model/EnumAssayType,EnumAssayType
Assay,assay_type,OBI:2100267,An analyte assay that measures the abundance of glucose in cerebrospinal fluid,cerebrospinal fluid glucose assay,OBI:2100267,https://anvilproject.github.io/acr-harmonized-data-model/EnumAssayType,EnumAssayType
Assay,assay_type,OBI:2100268,A cytometry assay that measures the count of cells in cerebrospinal fluid as part of a tube 1 count order,tube 1 count cerebrospinal fluid cell count assay,OBI:2100268,https://anvilproject.github.io/acr-harmonized-data-model/EnumAssayType,EnumAssayType
Assay,assay_type,OBI:2100269,An analyte assay that measures the abundance of dehydroepiandrosterone in venous blood,venous blood dehydroepiandrosterone assay,OBI:2100269,https://anvilproject.github.io/acr-harmonized-data-model/EnumAssayType,EnumAssayType
Assay,assay_type,OBI:2100270,An analyte assay that measures the abundance of cortisol in venous blood,venous blood cortisol assay,OBI:2100270,https://anvilproject.github.io/acr-harmonized-data-model/EnumAssayType,EnumAssayType
Assay,assay_type,OBI:2100271,An analyte assay that measures the abundance of sodium in arterial blood as part of a ABL90 panel order,ABL90 panel arterial blood sodium assay,OBI:2100271,https://anvilproject.github.io/acr-harmonized-data-model/EnumAssayType,EnumAssayType
Assay,assay_type,OBI:2100272,An analyte assay that measures the abundance of oxygen in arterial blood as part of a ABL90 panel order,ABL90 panel arterial blood oxygen assay,OBI:2100272,https://anvilproject.github.io/acr-harmonized-data-model/EnumAssayType,EnumAssayType
Assay,assay_type,OBI:2100273,An analyte assay that measures the abundance of glucose in arterial blood as part of a ABL90 panel order,ABL90 panel arterial blood glucose assay,OBI:2100273,https://anvilproject.github.io/acr-harmonized-data-model/EnumAssayType,EnumAssayType
Assay,assay_type,OBI:2100274,An assay that measures lactic acid in arterial blood as part of a ABL90 panel order,ABL90 panel arterial blood lactic acid assay,OBI:2100274,https://anvilproject.github.io/acr-harmonized-data-model/EnumAssayType,EnumAssayType
Assay,assay_type,OBI:2100275,An analyte assay that measures the abundance of hemoglobin in arterial blood as part of a ABL90 panel order,ABL90 panel arterial blood hemoglobin assay,OBI:2100275,https://anvilproject.github.io/acr-harmonized-data-model/EnumAssayType,EnumAssayType
Assay,assay_type,OBI:2100276,An analyte assay that measures the abundance of chloride in arterial blood as part of a ABL90 panel order,ABL90 panel arterial blood chloride assay,OBI:2100276,https://anvilproject.github.io/acr-harmonized-data-model/EnumAssayType,EnumAssayType
Assay,assay_type,OBI:2100277,An analyte assay that measures the abundance of carbon dioxide in arterial blood as part of a ABL90 panel order,ABL90 panel arterial blood carbon dioxide assay,OBI:2100277,https://anvilproject.github.io/acr-harmonized-data-model/EnumAssayType,EnumAssayType
Assay,assay_type,OBI:2100278,A cytometry assay that measures the proportion of red blood cells in arterial blood as part of a ABL90 panel order,ABL90 panel arterial blood hematocrit assay,OBI:2100278,https://anvilproject.github.io/acr-harmonized-data-model/EnumAssayType,EnumAssayType
Assay,assay_type,OBI:2100279,An analyte assay that measures the abundance of calcium in arterial blood as part of a ABL90 panel order,ABL90 panel arterial blood calcium assay,OBI:2100279,https://anvilproject.github.io/acr-harmonized-data-model/EnumAssayType,EnumAssayType
Assay,assay_type,OBI:2100280,An assay that measures temperature in arterial blood as part of a ABL90 panel order,ABL90 panel arterial blood temperature assay,OBI:2100280,https://anvilproject.github.io/acr-harmonized-data-model/EnumAssayType,EnumAssayType
Assay,assay_type,OBI:2100281,An analyte assay that measures the abundance of bicarbonate in arterial blood as part of a ABL90 panel order,ABL90 panel arterial blood bicarbonate assay,OBI:2100281,https://anvilproject.github.io/acr-harmonized-data-model/EnumAssayType,EnumAssayType
Assay,assay_type,OBI:2100282,An analyte assay that measures the abundance of potassium in arterial blood as part of a ABL90 panel order,ABL90 panel arterial blood potassium assay,OBI:2100282,https://anvilproject.github.io/acr-harmonized-data-model/EnumAssayType,EnumAssayType
Assay,assay_type,OBI:2100283,A cytometry assay that measures the count of promyelocytes in venous blood as part of a CBC with manual differential order,CBC with manual differential venous blood promyelocyte count assay,OBI:2100283,https://anvilproject.github.io/acr-harmonized-data-model/EnumAssayType,EnumAssayType
Assay,assay_type,OBI:2100284,An analyte assay that measures the abundance of glucose in venous blood as part of a ABL90 panel order,ABL90 panel venous blood glucose assay,OBI:2100284,https://anvilproject.github.io/acr-harmonized-data-model/EnumAssayType,EnumAssayType
Assay,assay_type,OBI:2100285,An analyte assay that measures the abundance of hemoglobin in venous blood as part of a ABL90 panel order,ABL90 panel venous blood hemoglobin assay,OBI:2100285,https://anvilproject.github.io/acr-harmonized-data-model/EnumAssayType,EnumAssayType
Assay,assay_type,OBI:2100286,An analyte assay that measures the abundance of ionized calcium in venous blood as part of a ABL90 panel order,ABL90 panel venous blood ionized calcium assay,OBI:2100286,https://anvilproject.github.io/acr-harmonized-data-model/EnumAssayType,EnumAssayType
Assay,assay_type,OBI:2100287,An analyte assay that measures the abundance of carbon dioxide in venous blood as part of a ABL90 panel order,ABL90 panel venous blood carbon dioxide assay,OBI:2100287,https://anvilproject.github.io/acr-harmonized-data-model/EnumAssayType,EnumAssayType
Assay,assay_type,OBI:2100288,A cytometry assay that measures the proportion of red blood cells in venous blood as part of a ABL90 panel order,ABL90 panel venous blood hematocrit assay,OBI:2100288,https://anvilproject.github.io/acr-harmonized-data-model/EnumAssayType,EnumAssayType
Assay,assay_type,OBI:2100289,An analyte assay that measures the abundance of sodium in venous blood as part of a ABL90 panel order,ABL90 panel venous blood sodium assay,OBI:2100289,https://anvilproject.github.io/acr-harmonized-data-model/EnumAssayType,EnumAssayType
Assay,assay_type,OBI:2100290,An analyte assay that measures the abundance of oxygen in venous blood as part of a ABL90 panel order,ABL90 panel venous blood oxygen assay,OBI:2100290,https://anvilproject.github.io/acr-harmonized-data-model/EnumAssayType,EnumAssayType
Assay,assay_type,OBI:2100291,An analyte assay that measures the abundance of bicarbonate in venous blood as part of a ABL90 panel order,ABL90 panel venous blood bicarbonate assay,OBI:2100291,https://anvilproject.github.io/acr-harmonized-data-model/EnumAssayType,EnumAssayType
Assay,assay_type,OBI:2100292,An assay that measures lactic acid in venous blood as part of a ABL90 panel order,ABL90 panel venous blood lactic acid assay,OBI:2100292,https://anvilproject.github.io/acr-harmonized-data-model/EnumAssayType,EnumAssayType
Assay,assay_type,OBI:2100293,An analyte assay that measures the abundance of chloride in venous blood as part of a ABL90 panel order,ABL90 panel venous blood chloride assay,OBI:2100293,https://anvilproject.github.io/acr-harmonized-data-model/EnumAssayType,EnumAssayType
Assay,assay_type,OBI:2100294,An analyte assay that measures the abundance of T4 in venous blood,venous blood T4 assay,OBI:2100294,https://anvilproject.github.io/acr-harmonized-data-model/EnumAssayType,EnumAssayType
Assay,assay_type,OBI:2100295,An analyte assay that measures the abundance of T4 in venous blood as part of a free order,free venous blood T4 assay,OBI:2100295,https://anvilproject.github.io/acr-harmonized-data-model/EnumAssayType,EnumAssayType
Assay,assay_type,OBI:2100296,An analyte assay that measures the abundance of potassium in venous blood as part of a ABL90 panel order,ABL90 panel venous blood potassium assay,OBI:2100296,https://anvilproject.github.io/acr-harmonized-data-model/EnumAssayType,EnumAssayType
Assay,assay_type,OBI:2100297,An analyte assay that measures the abundance of sodium in urine,urine sodium assay,OBI:2100297,https://anvilproject.github.io/acr-harmonized-data-model/EnumAssayType,EnumAssayType
Assay,assay_type,OBI:2100298,An analyte assay that measures the abundance of albumin in venous blood as part of a bone profile order,bone profile venous blood albumin assay,OBI:2100298,https://anvilproject.github.io/acr-harmonized-data-model/EnumAssayType,EnumAssayType
Assay,assay_type,OBI:2100299,An analyte assay that measures the abundance of calcium in venous blood as part of a bone profile order,bone profile venous blood calcium assay,OBI:2100299,https://anvilproject.github.io/acr-harmonized-data-model/EnumAssayType,EnumAssayType
Assay,assay_type,OBI:2100300,An analyte assay that measures the abundance of human alkaline phosphatase in venous blood as part of a bone profile order,bone profile venous blood human alkaline phosphatase assay,OBI:2100300,https://anvilproject.github.io/acr-harmonized-data-model/EnumAssayType,EnumAssayType
Assay,assay_type,OBI:2100301,An analyte assay that measures the abundance of protein in venous blood as part of a bone profile order,bone profile venous blood protein assay,OBI:2100301,https://anvilproject.github.io/acr-harmonized-data-model/EnumAssayType,EnumAssayType
Assay,assay_type,OBI:2100302,An analyte assay that measures the abundance of phosphate in venous blood as part of a bone profile order,bone profile venous blood phosphate assay,OBI:2100302,https://anvilproject.github.io/acr-harmonized-data-model/EnumAssayType,EnumAssayType
Assay,assay_type,OBI:2100303,An analyte assay that measures the abundance of carbon dioxide in arterial blood as part of a ABG/electrolytes order,ABG/electrolytes arterial blood carbon dioxide assay,OBI:2100303,https://anvilproject.github.io/acr-harmonized-data-model/EnumAssayType,EnumAssayType
Assay,assay_type,OBI:2100304,An analyte assay that measures the abundance of oxygen in arterial blood as part of a ABG/electrolytes order,ABG/electrolytes arterial blood oxygen assay,OBI:2100304,https://anvilproject.github.io/acr-harmonized-data-model/EnumAssayType,EnumAssayType
Assay,assay_type,OBI:2100305,An analyte assay that measures the abundance of ionized calcium in arterial blood as part of a ABG/electrolytes order,ABG/electrolytes arterial blood ionized calcium assay,OBI:2100305,https://anvilproject.github.io/acr-harmonized-data-model/EnumAssayType,EnumAssayType
Assay,assay_type,OBI:2100306,A cytometry assay that measures the count of nucleated RBCs in venous blood as part of a CBC with automated differential order,CBC with automated differential venous blood nucleated RBC count assay,OBI:2100306,https://anvilproject.github.io/acr-harmonized-data-model/EnumAssayType,EnumAssayType
Assay,assay_type,OBI:2100307,An analyte assay that measures the abundance of methemoglobin in venous blood as part of a ABL90 panel order,ABL90 panel venous blood methemoglobin assay,OBI:2100307,https://anvilproject.github.io/acr-harmonized-data-model/EnumAssayType,EnumAssayType
Assay,assay_type,OBI:2100308,An analyte assay that measures the abundance of methemoglobin in arterial blood as part of a ABL90 panel order,ABL90 panel arterial blood methemoglobin assay,OBI:2100308,https://anvilproject.github.io/acr-harmonized-data-model/EnumAssayType,EnumAssayType
Assay,assay_type,OBI:2100309,An analyte assay that measures the abundance of valproic acid in venous blood,venous blood valproic acid assay,OBI:2100309,https://anvilproject.github.io/acr-harmonized-data-model/EnumAssayType,EnumAssayType
Assay,assay_type,OBI:2100310,An analyte assay that measures the abundance of c-reactive protein in venous blood as part of a high sensitivity cardiac/neonatal order,high sensitivity cardiac/neonatal venous blood c-reactive protein assay,OBI:2100310,https://anvilproject.github.io/acr-harmonized-data-model/EnumAssayType,EnumAssayType
Assay,assay_type,OBI:2100311,An analyte assay that measures the abundance of creatinine in arterial blood as part of a POC order,POC arterial blood creatinine assay,OBI:2100311,https://anvilproject.github.io/acr-harmonized-data-model/EnumAssayType,EnumAssayType
Assay,assay_type,OBI:2100312,An analyte assay that measures the abundance of bicarbonate in arterial blood as part of a GEM4000 ANLCOOX order,GEM4000 ANLCOOX arterial blood bicarbonate assay,OBI:2100312,https://anvilproject.github.io/acr-harmonized-data-model/EnumAssayType,EnumAssayType
Assay,assay_type,OBI:2100313,An analyte assay that measures the abundance of oxygen in arterial blood as part of a GEM4000 ANLCOOX order,GEM4000 ANLCOOX arterial blood oxygen assay,OBI:2100313,https://anvilproject.github.io/acr-harmonized-data-model/EnumAssayType,EnumAssayType
Assay,assay_type,OBI:2100314,A cytometry assay that measures the proportion of red blood cells in arterial blood as part of a GEM4000 ANLCOOX order,GEM4000 ANLCOOX arterial blood hematocrit assay,OBI:2100314,https://anvilproject.github.io/acr-harmonized-data-model/EnumAssayType,EnumAssayType
Assay,assay_type,OBI:2100315,An assay that measures temperature in arterial blood as part of a GEM4000 ANLCOOX order,GEM4000 ANLCOOX arterial blood temperature assay,OBI:2100315,https://anvilproject.github.io/acr-harmonized-data-model/EnumAssayType,EnumAssayType
Assay,assay_type,OBI:2100316,An analyte assay that measures the abundance of hemoglobin in arterial blood as part of a GEM4000 ANLCOOX order,GEM4000 ANLCOOX arterial blood hemoglobin assay,OBI:2100316,https://anvilproject.github.io/acr-harmonized-data-model/EnumAssayType,EnumAssayType
Assay,assay_type,OBI:2100317,An analyte assay that measures the abundance of potassium in arterial blood as part of a GEM4000 ANLCOOX order,GEM4000 ANLCOOX arterial blood potassium assay,OBI:2100317,https://anvilproject.github.io/acr-harmonized-data-model/EnumAssayType,EnumAssayType
Assay,assay_type,OBI:2100318,An analyte assay that measures the abundance of glucose in arterial blood as part of a GEM4000 ANLCOOX order,GEM4000 ANLCOOX arterial blood glucose assay,OBI:2100318,https://anvilproject.github.io/acr-harmonized-data-model/EnumAssayType,EnumAssayType
Assay,assay_type,OBI:2100319,An analyte assay that measures the abundance of ionized calcium in arterial blood as part of a GEM4000 ANLCOOX order,GEM4000 ANLCOOX arterial blood ionized calcium assay,OBI:2100319,https://anvilproject.github.io/acr-harmonized-data-model/EnumAssayType,EnumAssayType
Assay,assay_type,OBI:2100320,An analyte assay that measures the abundance of carbon dioxide in arterial blood as part of a GEM4000 ANLCOOX order,GEM4000 ANLCOOX arterial blood carbon dioxide assay,OBI:2100320,https://anvilproject.github.io/acr-harmonized-data-model/EnumAssayType,EnumAssayType
Assay,assay_type,OBI:2100321,An analyte assay that measures the abundance of sodium in arterial blood as part of a GEM4000 ANLCOOX order,GEM4000 ANLCOOX arterial blood sodium assay,OBI:2100321,https://anvilproject.github.io/acr-harmonized-data-model/EnumAssayType,EnumAssayType
Assay,assay_type,OBI:2100322,An analyte assay that measures the abundance of calcium in venous blood as part of a ionized order,ionized venous blood calcium assay,OBI:2100322,https://anvilproject.github.io/acr-harmonized-data-model/EnumAssayType,EnumAssayType
Assay,assay_type,OBI:2100323,An analyte assay that measures the abundance of hemoglobin in venous blood,venous blood hemoglobin assay,OBI:2100323,https://anvilproject.github.io/acr-harmonized-data-model/EnumAssayType,EnumAssayType
Assay,assay_type,OBI:2100324,A cytometry assay that measures the count of megakaryocytes in venous blood as part of a CBC with manual differential order,CBC with manual differential venous blood megakaryocyte count assay,OBI:2100324,https://anvilproject.github.io/acr-harmonized-data-model/EnumAssayType,EnumAssayType
Assay,assay_type,OBI:2100325,An analyte assay that measures the abundance of c-reactive protein in venous blood as part of a non-cardiac order,non-cardiac venous blood c-reactive protein assay,OBI:2100325,https://anvilproject.github.io/acr-harmonized-data-model/EnumAssayType,EnumAssayType
Assay,assay_type,OBI:2100326,An analyte assay that measures the abundance of PTH in venous blood as part of a intraoperative order,intraoperative venous blood PTH assay,OBI:2100326,https://anvilproject.github.io/acr-harmonized-data-model/EnumAssayType,EnumAssayType
Assay,assay_type,OBI:2100327,An analyte assay that measures the abundance of parathyroid hormone in venous blood,venous blood parathyroid hormone assay,OBI:2100327,https://anvilproject.github.io/acr-harmonized-data-model/EnumAssayType,EnumAssayType
Assay,assay_type,OBI:2100328,An analyte assay that measures the abundance of protein in bodily fluid as part of a total order,total bodily fluid protein assay,OBI:2100328,https://anvilproject.github.io/acr-harmonized-data-model/EnumAssayType,EnumAssayType
Assay,assay_type,OBI:2100329,An analyte assay that measures the abundance of glucose in bodily fluid,bodily fluid glucose assay,OBI:2100329,https://anvilproject.github.io/acr-harmonized-data-model/EnumAssayType,EnumAssayType
Assay,assay_type,OBI:2100330,A cytometry assay that measures the count of cells in bodily fluid as part of a count order,count bodily fluid cell count assay,OBI:2100330,https://anvilproject.github.io/acr-harmonized-data-model/EnumAssayType,EnumAssayType
Assay,assay_type,OBI:2100331,A cytometry assay that measures the count of segmented neutrophils in bodily fluid as part of a manual differential order,manual differential bodily fluid segmented neutrophil count assay,OBI:2100331,https://anvilproject.github.io/acr-harmonized-data-model/EnumAssayType,EnumAssayType
Assay,assay_type,OBI:2100332,A cytometry assay that measures the count of mesothelial cells in bodily fluid as part of a manual differential order,manual differential bodily fluid mesothelial cell count assay,OBI:2100332,https://anvilproject.github.io/acr-harmonized-data-model/EnumAssayType,EnumAssayType
Assay,assay_type,OBI:2100333,A cytometry assay that measures the count of monocytes in bodily fluid as part of a manual differential order,manual differential bodily fluid monocyte count assay,OBI:2100333,https://anvilproject.github.io/acr-harmonized-data-model/EnumAssayType,EnumAssayType
Assay,assay_type,OBI:2100334,A cytometry assay that measures the count of lymphocytes in bodily fluid as part of a manual differential order,manual differential bodily fluid lymphocyte count assay,OBI:2100334,https://anvilproject.github.io/acr-harmonized-data-model/EnumAssayType,EnumAssayType
Assay,assay_type,OBI:2100335,A cytometry assay that measures the count of macrophages in bodily fluid as part of a manual differential order,manual differential bodily fluid macrophage count assay,OBI:2100335,https://anvilproject.github.io/acr-harmonized-data-model/EnumAssayType,EnumAssayType
Assay,assay_type,OBI:2100336,A cytometry assay that measures the count of basophils in bodily fluid as part of a manual differential order,manual differential bodily fluid basophil count assay,OBI:2100336,https://anvilproject.github.io/acr-harmonized-data-model/EnumAssayType,EnumAssayType
Assay,assay_type,OBI:2100337,A cytometry assay that measures the count of eosinophils in bodily fluid as part of a manual differential order,manual differential bodily fluid eosinophil count assay,OBI:2100337,https://anvilproject.github.io/acr-harmonized-data-model/EnumAssayType,EnumAssayType
Assay,assay_type,OBI:2100338,An analyte assay that measures the abundance of bilirubin in venous blood as part of a liver function order,liver function venous blood bilirubin assay,OBI:2100338,https://anvilproject.github.io/acr-harmonized-data-model/EnumAssayType,EnumAssayType
Assay,assay_type,OBI:2100339,An analyte assay that measures the abundance of alanine aminotransferase in venous blood as part of a liver function order,liver function venous blood alanine aminotransferase assay,OBI:2100339,https://anvilproject.github.io/acr-harmonized-data-model/EnumAssayType,EnumAssayType
Assay,assay_type,OBI:2100340,An analyte assay that measures the abundance of human aspartate aminotransferase in venous blood as part of a liver function order,liver function venous blood human aspartate aminotransferase assay,OBI:2100340,https://anvilproject.github.io/acr-harmonized-data-model/EnumAssayType,EnumAssayType
Assay,assay_type,OBI:2100341,An analyte assay that measures the abundance of albumin in venous blood as part of a liver function order,liver function venous blood albumin assay,OBI:2100341,https://anvilproject.github.io/acr-harmonized-data-model/EnumAssayType,EnumAssayType
Assay,assay_type,OBI:2100342,An analyte assay that measures the abundance of protein in venous blood as part of a liver function order,liver function venous blood protein assay,OBI:2100342,https://anvilproject.github.io/acr-harmonized-data-model/EnumAssayType,EnumAssayType
Assay,assay_type,OBI:2100343,An analyte assay that measures the abundance of human alkaline phosphatase in venous blood as part of a liver function order,liver function venous blood human alkaline phosphatase assay,OBI:2100343,https://anvilproject.github.io/acr-harmonized-data-model/EnumAssayType,EnumAssayType
Assay,assay_type,OBI:2100344,An analyte assay that measures the abundance of folic acid in venous blood as part of a vitamin B12 and Folate order,vitamin B12 and Folate venous blood folic acid assay,OBI:2100344,https://anvilproject.github.io/acr-harmonized-data-model/EnumAssayType,EnumAssayType
Assay,assay_type,OBI:2100345,A cytometry assay that measures the count of cells in bodily fluid,bodily fluid cell count assay,OBI:2100345,https://anvilproject.github.io/acr-harmonized-data-model/EnumAssayType,EnumAssayType
Assay,assay_type,OBI:2100346,A cytometry assay that measures the count of reticulocytes in venous blood,venous blood reticulocyte count assay,OBI:2100346,https://anvilproject.github.io/acr-harmonized-data-model/EnumAssayType,EnumAssayType
Assay,assay_type,OBI:2100347,An analyte assay that measures the abundance of cholesterol in bodily fluid,bodily fluid cholesterol assay,OBI:2100347,https://anvilproject.github.io/acr-harmonized-data-model/EnumAssayType,EnumAssayType
Assay,assay_type,OBI:2100348,An analyte assay that measures the abundance of thyroid stimulating hormone in venous blood as part of a TSH reflex Free T4 order,TSH reflex Free T4 venous blood thyroid stimulating hormone assay,OBI:2100348,https://anvilproject.github.io/acr-harmonized-data-model/EnumAssayType,EnumAssayType
Assay,assay_type,OBI:2100349,An analyte assay that measures the abundance of bilirubin in venous blood as part of a direct order,direct venous blood bilirubin assay,OBI:2100349,https://anvilproject.github.io/acr-harmonized-data-model/EnumAssayType,EnumAssayType
Assay,assay_type,OBI:2100350,An analyte assay that measures the abundance of T3 in venous blood as part of a free order,free venous blood T3 assay,OBI:2100350,https://anvilproject.github.io/acr-harmonized-data-model/EnumAssayType,EnumAssayType
Assay,assay_type,OBI:2100351,An analyte assay that measures the abundance of albumin in bodily fluid,bodily fluid albumin assay,OBI:2100351,https://anvilproject.github.io/acr-harmonized-data-model/EnumAssayType,EnumAssayType
Assay,assay_type,OBI:2100352,An analyte assay that measures the abundance of triglyceride in bodily fluid,bodily fluid triglyceride assay,OBI:2100352,https://anvilproject.github.io/acr-harmonized-data-model/EnumAssayType,EnumAssayType
Assay,assay_type,OBI:2100353,A cytometry assay that measures the proportion of red blood cells in venous blood as part of a hemoglobin and hematocrit order,hemoglobin and hematocrit venous blood hematocrit assay,OBI:2100353,https://anvilproject.github.io/acr-harmonized-data-model/EnumAssayType,EnumAssayType
Assay,assay_type,OBI:2100354,An analyte assay that measures the abundance of hemoglobin in venous blood as part of a hemoglobin and hematocrit order,hemoglobin and hematocrit venous blood hemoglobin assay,OBI:2100354,https://anvilproject.github.io/acr-harmonized-data-model/EnumAssayType,EnumAssayType
Assay,assay_type,OBI:2100355,An analyte assay that measures the abundance of ionized calcium in venous blood,venous blood ionized calcium assay,OBI:2100355,https://anvilproject.github.io/acr-harmonized-data-model/EnumAssayType,EnumAssayType
Assay,assay_type,OBI:2100356,An assay that measures temperature in venous blood,venous blood temperature assay,OBI:2100356,https://anvilproject.github.io/acr-harmonized-data-model/EnumAssayType,EnumAssayType
Assay,assay_type,OBI:2100357,An analyte assay that measures the abundance of bicarbonate in venous blood,venous blood bicarbonate assay,OBI:2100357,https://anvilproject.github.io/acr-harmonized-data-model/EnumAssayType,EnumAssayType
Assay,assay_type,OBI:2100358,An analyte assay that measures the abundance of oxygen in venous blood,venous blood oxygen assay,OBI:2100358,https://anvilproject.github.io/acr-harmonized-data-model/EnumAssayType,EnumAssayType
Assay,assay_type,OBI:2100359,An assay that measures osmolality in venous blood,venous blood osmolality assay,OBI:2100359,https://anvilproject.github.io/acr-harmonized-data-model/EnumAssayType,EnumAssayType
Assay,assay_type,OBI:2100360,A cytometry assay that measures the count of platelets in venous blood as part of a liver fibrosis (chronic viral hepatitis) order,liver fibrosis (chronic viral hepatitis) venous blood platelet count assay,OBI:2100360,https://anvilproject.github.io/acr-harmonized-data-model/EnumAssayType,EnumAssayType
Assay,assay_type,OBI:2100361,An analyte assay that measures the abundance of T3 in venous blood,venous blood T3 assay,OBI:2100361,https://anvilproject.github.io/acr-harmonized-data-model/EnumAssayType,EnumAssayType
Assay,assay_type,OBI:2100362,A cytometry assay that measures the count of neutrophils in venous blood as part of a CBC with manual differential order,CBC with manual differential venous blood neutrophil count assay,OBI:2100362,https://anvilproject.github.io/acr-harmonized-data-model/EnumAssayType,EnumAssayType
Assay,assay_type,OBI:2100363,An analyte assay that measures the abundance of creatinine in urine as part of a creatinine clearance order,creatinine clearance urine creatinine assay,OBI:2100363,https://anvilproject.github.io/acr-harmonized-data-model/EnumAssayType,EnumAssayType
Assay,assay_type,OBI:2100364,An analyte assay that measures the abundance of beta hydroxybutryic acid in venous blood,venous blood beta hydroxybutryic acid assay,OBI:2100364,https://anvilproject.github.io/acr-harmonized-data-model/EnumAssayType,EnumAssayType
Assay,assay_type,OBI:2100365,A cytometry assay that measures the count of megakaryocytes in venous blood,venous blood megakaryocyte count assay,OBI:2100365,https://anvilproject.github.io/acr-harmonized-data-model/EnumAssayType,EnumAssayType
Assay,assay_type,OBI:2100366,A cytometry assay that measures the count of nucleated RBCs in venous blood,venous blood nucleated RBC count assay,OBI:2100366,https://anvilproject.github.io/acr-harmonized-data-model/EnumAssayType,EnumAssayType
Assay,assay_type,OBI:2100367,A cytometry assay that measures the count of WBCs in venous blood,venous blood WBC count assay,OBI:2100367,https://anvilproject.github.io/acr-harmonized-data-model/EnumAssayType,EnumAssayType
Assay,assay_type,OBI:2100368,A cytometry assay that measures the count of reticulocytes in venous blood as part of a automated count order,automated count venous blood reticulocyte count assay,OBI:2100368,https://anvilproject.github.io/acr-harmonized-data-model/EnumAssayType,EnumAssayType
Assay,assay_type,OBI:2100369,An analyte assay that measures the abundance of homocysteine in venous blood as part of a total order,total venous blood homocysteine assay,OBI:2100369,https://anvilproject.github.io/acr-harmonized-data-model/EnumAssayType,EnumAssayType
Assay,assay_type,OBI:2100370,An analyte assay that measures the abundance of Ceruloplasmin in venous blood,venous blood Ceruloplasmin assay,OBI:2100370,https://anvilproject.github.io/acr-harmonized-data-model/EnumAssayType,EnumAssayType
Assay,assay_type,OBI:2100371,An analyte assay that measures the abundance of bicarbonate in arterial blood as part of a GEM4 order,GEM4 arterial blood bicarbonate assay,OBI:2100371,https://anvilproject.github.io/acr-harmonized-data-model/EnumAssayType,EnumAssayType
Assay,assay_type,OBI:2100372,An assay that measures lactic acid in arterial blood as part of a GEM4 order,GEM4 arterial blood lactic acid assay,OBI:2100372,https://anvilproject.github.io/acr-harmonized-data-model/EnumAssayType,EnumAssayType
Assay,assay_type,OBI:2100373,An analyte assay that measures the abundance of hemoglobin in arterial blood as part of a GEM4 order,GEM4 arterial blood hemoglobin assay,OBI:2100373,https://anvilproject.github.io/acr-harmonized-data-model/EnumAssayType,EnumAssayType
Assay,assay_type,OBI:2100374,An analyte assay that measures the abundance of sodium in arterial blood as part of a GEM4 order,GEM4 arterial blood sodium assay,OBI:2100374,https://anvilproject.github.io/acr-harmonized-data-model/EnumAssayType,EnumAssayType
Assay,assay_type,OBI:2100375,An analyte assay that measures the abundance of potassium in arterial blood as part of a GEM4 order,GEM4 arterial blood potassium assay,OBI:2100375,https://anvilproject.github.io/acr-harmonized-data-model/EnumAssayType,EnumAssayType
Assay,assay_type,OBI:2100376,An assay that measures temperature in arterial blood as part of a GEM4 order,GEM4 arterial blood temperature assay,OBI:2100376,https://anvilproject.github.io/acr-harmonized-data-model/EnumAssayType,EnumAssayType
Assay,assay_type,OBI:2100377,An analyte assay that measures the abundance of glucose in arterial blood as part of a GEM4 order,GEM4 arterial blood glucose assay,OBI:2100377,https://anvilproject.github.io/acr-harmonized-data-model/EnumAssayType,EnumAssayType
Assay,assay_type,OBI:2100378,An analyte assay that measures the abundance of oxygen in arterial blood as part of a GEM4 order,GEM4 arterial blood oxygen assay,OBI:2100378,https://anvilproject.github.io/acr-harmonized-data-model/EnumAssayType,EnumAssayType
Assay,assay_type,OBI:2100379,A cytometry assay that measures the proportion of red blood cells in arterial blood as part of a GEM4 order,GEM4 arterial blood hematocrit assay,OBI:2100379,https://anvilproject.github.io/acr-harmonized-data-model/EnumAssayType,EnumAssayType
Assay,assay_type,OBI:2100380,An analyte assay that measures the abundance of ionized calcium in arterial blood as part of a GEM4 order,GEM4 arterial blood ionized calcium assay,OBI:2100380,https://anvilproject.github.io/acr-harmonized-data-model/EnumAssayType,EnumAssayType
Assay,assay_type,OBI:2100381,An analyte assay that measures the abundance of carbon dioxide in arterial blood as part of a GEM4 order,GEM4 arterial blood carbon dioxide assay,OBI:2100381,https://anvilproject.github.io/acr-harmonized-data-model/EnumAssayType,EnumAssayType
Assay,assay_type,OBI:2100382,A cytometry assay that measures the count of platelets in venous blood as part of a liver fibrosis (NAFLD) order,liver fibrosis (NAFLD) venous blood platelet count assay,OBI:2100382,https://anvilproject.github.io/acr-harmonized-data-model/EnumAssayType,EnumAssayType
Assay,assay_type,OBI:2100383,An analyte assay that measures the abundance of beta hydroxybutric acid in venous blood,venous blood beta hydroxybutric acid assay,OBI:2100383,https://anvilproject.github.io/acr-harmonized-data-model/EnumAssayType,EnumAssayType
Assay,assay_type,OBI:2100384,A cytometry assay that measures the count of plasma cells in venous blood as part of a CBC with manual differential order,CBC with manual differential venous blood plasma cell count assay,OBI:2100384,https://anvilproject.github.io/acr-harmonized-data-model/EnumAssayType,EnumAssayType
Assay,assay_type,OBI:2100385,An analyte assay that measures the abundance of erythropoietin in venous blood,venous blood erythropoietin assay,OBI:2100385,https://anvilproject.github.io/acr-harmonized-data-model/EnumAssayType,EnumAssayType
Assay,assay_type,OBI:2100386,An analyte assay that measures the abundance of oxygen in arterial blood as part of a blood gas order,blood gas arterial blood oxygen assay,OBI:2100386,https://anvilproject.github.io/acr-harmonized-data-model/EnumAssayType,EnumAssayType
Assay,assay_type,OBI:2100387,An analyte assay that measures the abundance of bicarbonate in arterial blood as part of a blood gas order,blood gas arterial blood bicarbonate assay,OBI:2100387,https://anvilproject.github.io/acr-harmonized-data-model/EnumAssayType,EnumAssayType
Assay,assay_type,OBI:2100388,An analyte assay that measures the abundance of carbon dioxide in arterial blood as part of a blood gas order,blood gas arterial blood carbon dioxide assay,OBI:2100388,https://anvilproject.github.io/acr-harmonized-data-model/EnumAssayType,EnumAssayType
Assay,assay_type,OBI:2100389,An analyte assay that measures the abundance of PSA in venous blood as part of a free/total order,free/total venous blood PSA assay,OBI:2100389,https://anvilproject.github.io/acr-harmonized-data-model/EnumAssayType,EnumAssayType
Assay,assay_type,OBI:2100390,A cytometry assay that measures the count of lymphocytes in cerebrospinal fluid,cerebrospinal fluid lymphocyte count assay,OBI:2100390,https://anvilproject.github.io/acr-harmonized-data-model/EnumAssayType,EnumAssayType
Assay,assay_type,OBI:2100391,A cytometry assay that measures the count of segmented neutrophils in cerebrospinal fluid,cerebrospinal fluid segmented neutrophil count assay,OBI:2100391,https://anvilproject.github.io/acr-harmonized-data-model/EnumAssayType,EnumAssayType
Assay,assay_type,OBI:2100392,A cytometry assay that measures the count of mesothelial cells in cerebrospinal fluid,cerebrospinal fluid mesothelial cell count assay,OBI:2100392,https://anvilproject.github.io/acr-harmonized-data-model/EnumAssayType,EnumAssayType
Assay,assay_type,OBI:2100393,A cytometry assay that measures the count of macrophages in cerebrospinal fluid,cerebrospinal fluid macrophage count assay,OBI:2100393,https://anvilproject.github.io/acr-harmonized-data-model/EnumAssayType,EnumAssayType
Assay,assay_type,OBI:2100394,A cytometry assay that measures the count of basophils in cerebrospinal fluid,cerebrospinal fluid basophil count assay,OBI:2100394,https://anvilproject.github.io/acr-harmonized-data-model/EnumAssayType,EnumAssayType
Assay,assay_type,OBI:2100395,A cytometry assay that measures the count of monocytes in cerebrospinal fluid,cerebrospinal fluid monocyte count assay,OBI:2100395,https://anvilproject.github.io/acr-harmonized-data-model/EnumAssayType,EnumAssayType
Assay,assay_type,OBI:2100396,A cytometry assay that measures the count of eosinophils in cerebrospinal fluid,cerebrospinal fluid eosinophil count assay,OBI:2100396,https://anvilproject.github.io/acr-harmonized-data-model/EnumAssayType,EnumAssayType
Assay,assay_type,OBI:2100397,An analyte assay that measures the abundance of beta-2-microglobulin in venous blood,venous blood beta-2-microglobulin assay,OBI:2100397,https://anvilproject.github.io/acr-harmonized-data-model/EnumAssayType,EnumAssayType
Assay,assay_type,OBI:2100398,An analyte assay that measures the abundance of low density lipoprotein in venous blood as part of a Lipid panel reflex direct order,lipid panel reflex direct venous blood low density lipoprotein assay,OBI:2100398,https://anvilproject.github.io/acr-harmonized-data-model/EnumAssayType,EnumAssayType
Assay,assay_type,OBI:2100399,An analyte assay that measures the abundance of triglyceride in venous blood as part of a Lipid panel reflex direct order,lipid panel reflex direct venous blood triglyceride assay,OBI:2100399,https://anvilproject.github.io/acr-harmonized-data-model/EnumAssayType,EnumAssayType
Assay,assay_type,OBI:2100400,An analyte assay that measures the abundance of cholesterol in venous blood as part of a Lipid panel reflex direct order,lipid panel reflex direct venous blood cholesterol assay,OBI:2100400,https://anvilproject.github.io/acr-harmonized-data-model/EnumAssayType,EnumAssayType
Assay,assay_type,OBI:2100401,An analyte assay that measures the abundance of high density lipoprotein in venous blood as part of a Lipid panel reflex direct order,lipid panel reflex direct venous blood high density lipoprotein assay,OBI:2100401,https://anvilproject.github.io/acr-harmonized-data-model/EnumAssayType,EnumAssayType
Assay,assay_type,OBI:2100402,A DNA sequencing assay in which the DNA input is derived from pooled clones (for example BACs and Fosmids) is sequenced.,pooled clone sequencing assay,OBI:2100402,https://anvilproject.github.io/acr-harmonized-data-model/EnumAssayType,EnumAssayType
Assay,assay_type,OBI:9999994,An in vitro cell killing assay in which radioactive chromium is absorbed by cells and released into supernatant when the cells die. The amount of radioactivity measured in the supernatant is a proxy for the number of cells that have died.,chromium release assay,OBI:9999994,https://anvilproject.github.io/acr-harmonized-data-model/EnumAssayType,EnumAssayType
StudyMetadata_clinical_data_source_type,clinical_data_source_type,CAMO:0000014,Data obtained directly from an Electronic Health Record.,Electronic Health Record,,https://anvilproject.github.io/acr-harmonized-data-model/EnumDataSourceType,EnumDataSourceType
StudyMetadata_clinical_data_source_type,clinical_data_source_type,CAMO:0000010,Data obtained from a survey or questionnaire given to a participant or their representative.,Survey,,https://anvilproject.github.io/acr-harmonized-data-model/EnumDataSourceType,EnumDataSourceType
StudyMetadata_clinical_data_source_type,clinical_data_source_type,CAMO:0000011,Data obtained by research staff for the study.,Research Assessment,,https://anvilproject.github.io/acr-harmonized-data-model/EnumDataSourceType,EnumDataSourceType
StudyMetadata_clinical_data_source_type,clinical_data_source_type,CAMO:0000012,"Data obtained by research staff interviewing participants, representatives, or others.",Interview,,https://anvilproject.github.io/acr-harmonized-data-model/EnumDataSourceType,EnumDataSourceType
StudyMetadata_clinical_data_source_type,clinical_data_source_type,CAMO:0000013,Data obtained directly by research staff examining the participant.,Physical Examination,,https://anvilproject.github.io/acr-harmonized-data-model/EnumDataSourceType,EnumDataSourceType
